experiment_id,N_params_B,D_tokens_B,Q_score,val_loss,model,fold,region,predicted_loss
N0.07_D0010_Q0.1,0.07,10,0.1,3.7216,baseline,1,interpolation_D_le_300B,3.3857081757006044
N0.07_D0010_Q0.2,0.07,10,0.2,3.6004,baseline,1,interpolation_D_le_300B,3.3857081757006044
N0.07_D0010_Q0.3,0.07,10,0.3,3.6507,baseline,1,interpolation_D_le_300B,3.3857081757006044
N0.07_D0010_Q0.4,0.07,10,0.4,3.5704,baseline,1,interpolation_D_le_300B,3.3857081757006044
N0.07_D0010_Q0.6,0.07,10,0.6,3.5458,baseline,1,interpolation_D_le_300B,3.3857081757006044
N0.07_D0010_Q0.8,0.07,10,0.8,3.353,baseline,1,interpolation_D_le_300B,3.3857081757006044
N0.07_D0010_Q0.9,0.07,10,0.9,3.2211,baseline,1,interpolation_D_le_300B,3.3857081757006044
N0.07_D0010_Q1.0,0.07,10,1.0,3.1125,baseline,1,interpolation_D_le_300B,3.3857081757006044
N0.16_D0150_Q0.1,0.16,150,0.1,3.1249,baseline,1,interpolation_D_le_300B,2.8255442431917928
N0.16_D0150_Q0.2,0.16,150,0.2,2.9746,baseline,1,interpolation_D_le_300B,2.8255442431917928
N0.16_D0150_Q0.3,0.16,150,0.3,3.0125,baseline,1,interpolation_D_le_300B,2.8255442431917928
N0.16_D0150_Q0.4,0.16,150,0.4,2.9738,baseline,1,interpolation_D_le_300B,2.8255442431917928
N0.16_D0150_Q0.6,0.16,150,0.6,2.8802,baseline,1,interpolation_D_le_300B,2.8255442431917928
N0.16_D0150_Q0.8,0.16,150,0.8,2.725,baseline,1,interpolation_D_le_300B,2.8255442431917928
N0.16_D0150_Q0.9,0.16,150,0.9,2.7204,baseline,1,interpolation_D_le_300B,2.8255442431917928
N0.16_D0150_Q1.0,0.16,150,1.0,2.6657,baseline,1,interpolation_D_le_300B,2.8255442431917928
N0.41_D0300_Q0.1,0.41,300,0.1,2.8085,baseline,1,interpolation_D_le_300B,2.591031216787989
N0.41_D0300_Q0.2,0.41,300,0.2,2.7682,baseline,1,interpolation_D_le_300B,2.591031216787989
N0.41_D0300_Q0.3,0.41,300,0.3,2.6832,baseline,1,interpolation_D_le_300B,2.591031216787989
N0.41_D0300_Q0.4,0.41,300,0.4,2.7891,baseline,1,interpolation_D_le_300B,2.591031216787989
N0.41_D0300_Q0.6,0.41,300,0.6,2.5211,baseline,1,interpolation_D_le_300B,2.591031216787989
N0.41_D0300_Q0.8,0.41,300,0.8,2.549,baseline,1,interpolation_D_le_300B,2.591031216787989
N0.41_D0300_Q0.9,0.41,300,0.9,2.432,baseline,1,interpolation_D_le_300B,2.591031216787989
N0.41_D0300_Q1.0,0.41,300,1.0,2.3791,baseline,1,interpolation_D_le_300B,2.591031216787989
N0.70_D0050_Q0.1,0.7,50,0.1,2.8444,baseline,1,interpolation_D_le_300B,2.6749803557802108
N0.70_D0050_Q0.2,0.7,50,0.2,2.8069,baseline,1,interpolation_D_le_300B,2.6749803557802108
N0.70_D0050_Q0.3,0.7,50,0.3,2.7973,baseline,1,interpolation_D_le_300B,2.6749803557802108
N0.70_D0050_Q0.4,0.7,50,0.4,2.7324,baseline,1,interpolation_D_le_300B,2.6749803557802108
N0.70_D0050_Q0.6,0.7,50,0.6,2.6134,baseline,1,interpolation_D_le_300B,2.6749803557802108
N0.70_D0050_Q0.8,0.7,50,0.8,2.6409,baseline,1,interpolation_D_le_300B,2.6749803557802108
N0.70_D0050_Q0.9,0.7,50,0.9,2.5496,baseline,1,interpolation_D_le_300B,2.6749803557802108
N0.70_D0050_Q1.0,0.7,50,1.0,2.5581,baseline,1,interpolation_D_le_300B,2.6749803557802108
N2.80_D0150_Q0.1,2.8,150,0.1,2.4446,baseline,1,interpolation_D_le_300B,2.4149544258061546
N2.80_D0150_Q0.2,2.8,150,0.2,2.4506,baseline,1,interpolation_D_le_300B,2.4149544258061546
N2.80_D0150_Q0.3,2.8,150,0.3,2.3889,baseline,1,interpolation_D_le_300B,2.4149544258061546
N2.80_D0150_Q0.4,2.8,150,0.4,2.5101,baseline,1,interpolation_D_le_300B,2.4149544258061546
N2.80_D0150_Q0.6,2.8,150,0.6,2.2938,baseline,1,interpolation_D_le_300B,2.4149544258061546
N2.80_D0150_Q0.8,2.8,150,0.8,2.2577,baseline,1,interpolation_D_le_300B,2.4149544258061546
N2.80_D0150_Q0.9,2.8,150,0.9,2.2652,baseline,1,interpolation_D_le_300B,2.4149544258061546
N2.80_D0150_Q1.0,2.8,150,1.0,2.2464,baseline,1,interpolation_D_le_300B,2.4149544258061546
N4.00_D0300_Q0.1,4.0,300,0.1,2.4125,baseline,1,interpolation_D_le_300B,2.3326628336438877
N4.00_D0300_Q0.2,4.0,300,0.2,2.3793,baseline,1,interpolation_D_le_300B,2.3326628336438877
N4.00_D0300_Q0.3,4.0,300,0.3,2.2697,baseline,1,interpolation_D_le_300B,2.3326628336438877
N4.00_D0300_Q0.4,4.0,300,0.4,2.3711,baseline,1,interpolation_D_le_300B,2.3326628336438877
N4.00_D0300_Q0.6,4.0,300,0.6,2.2294,baseline,1,interpolation_D_le_300B,2.3326628336438877
N4.00_D0300_Q0.8,4.0,300,0.8,2.1962,baseline,1,interpolation_D_le_300B,2.3326628336438877
N4.00_D0300_Q0.9,4.0,300,0.9,2.1753,baseline,1,interpolation_D_le_300B,2.3326628336438877
N4.00_D0300_Q1.0,4.0,300,1.0,2.1975,baseline,1,interpolation_D_le_300B,2.3326628336438877
N6.90_D0050_Q0.1,6.9,50,0.1,2.5548,baseline,1,interpolation_D_le_300B,2.458930091766238
N6.90_D0050_Q0.2,6.9,50,0.2,2.4799,baseline,1,interpolation_D_le_300B,2.458930091766238
N6.90_D0050_Q0.3,6.9,50,0.3,2.4833,baseline,1,interpolation_D_le_300B,2.458930091766238
N6.90_D0050_Q0.4,6.9,50,0.4,2.4979,baseline,1,interpolation_D_le_300B,2.458930091766238
N6.90_D0050_Q0.6,6.9,50,0.6,2.4093,baseline,1,interpolation_D_le_300B,2.458930091766238
N6.90_D0050_Q0.8,6.9,50,0.8,2.2784,baseline,1,interpolation_D_le_300B,2.458930091766238
N6.90_D0050_Q0.9,6.9,50,0.9,2.347,baseline,1,interpolation_D_le_300B,2.458930091766238
N6.90_D0050_Q1.0,6.9,50,1.0,2.2632,baseline,1,interpolation_D_le_300B,2.458930091766238
N11.97_D0010_Q0.1,11.97,10,0.1,2.77,baseline,1,interpolation_D_le_300B,2.663705412330886
N11.97_D0010_Q0.2,11.97,10,0.2,2.6684,baseline,1,interpolation_D_le_300B,2.663705412330886
N11.97_D0010_Q0.3,11.97,10,0.3,2.6888,baseline,1,interpolation_D_le_300B,2.663705412330886
N11.97_D0010_Q0.4,11.97,10,0.4,2.7027,baseline,1,interpolation_D_le_300B,2.663705412330886
N11.97_D0010_Q0.6,11.97,10,0.6,2.6784,baseline,1,interpolation_D_le_300B,2.663705412330886
N11.97_D0010_Q0.8,11.97,10,0.8,2.6185,baseline,1,interpolation_D_le_300B,2.663705412330886
N11.97_D0010_Q0.9,11.97,10,0.9,2.4891,baseline,1,interpolation_D_le_300B,2.663705412330886
N11.97_D0010_Q1.0,11.97,10,1.0,2.4184,baseline,1,interpolation_D_le_300B,2.663705412330886
N0.16_D0010_Q0.1,0.16,10,0.1,3.4765,baseline,2,interpolation_D_le_300B,3.1704755711293497
N0.16_D0010_Q0.2,0.16,10,0.2,3.4324,baseline,2,interpolation_D_le_300B,3.1704755711293497
N0.16_D0010_Q0.3,0.16,10,0.3,3.46,baseline,2,interpolation_D_le_300B,3.1704755711293497
N0.16_D0010_Q0.4,0.16,10,0.4,3.2484,baseline,2,interpolation_D_le_300B,3.1704755711293497
N0.16_D0010_Q0.6,0.16,10,0.6,3.269,baseline,2,interpolation_D_le_300B,3.1704755711293497
N0.16_D0010_Q0.8,0.16,10,0.8,3.2072,baseline,2,interpolation_D_le_300B,3.1704755711293497
N0.16_D0010_Q0.9,0.16,10,0.9,3.0024,baseline,2,interpolation_D_le_300B,3.1704755711293497
N0.16_D0010_Q1.0,0.16,10,1.0,3.0121,baseline,2,interpolation_D_le_300B,3.1704755711293497
N0.41_D0150_Q0.1,0.41,150,0.1,2.8727,baseline,2,interpolation_D_le_300B,2.6437975215334353
N0.41_D0150_Q0.2,0.41,150,0.2,2.8815,baseline,2,interpolation_D_le_300B,2.6437975215334353
N0.41_D0150_Q0.3,0.41,150,0.3,2.7186,baseline,2,interpolation_D_le_300B,2.6437975215334353
N0.41_D0150_Q0.4,0.41,150,0.4,2.6566,baseline,2,interpolation_D_le_300B,2.6437975215334353
N0.41_D0150_Q0.6,0.41,150,0.6,2.6516,baseline,2,interpolation_D_le_300B,2.6437975215334353
N0.41_D0150_Q0.8,0.41,150,0.8,2.5539,baseline,2,interpolation_D_le_300B,2.6437975215334353
N0.41_D0150_Q0.9,0.41,150,0.9,2.5112,baseline,2,interpolation_D_le_300B,2.6437975215334353
N0.41_D0150_Q1.0,0.41,150,1.0,2.4068,baseline,2,interpolation_D_le_300B,2.6437975215334353
N0.70_D0300_Q0.1,0.7,300,0.1,2.6722,baseline,2,interpolation_D_le_300B,2.5102882176089283
N0.70_D0300_Q0.2,0.7,300,0.2,2.6214,baseline,2,interpolation_D_le_300B,2.5102882176089283
N0.70_D0300_Q0.3,0.7,300,0.3,2.5759,baseline,2,interpolation_D_le_300B,2.5102882176089283
N0.70_D0300_Q0.4,0.7,300,0.4,2.5792,baseline,2,interpolation_D_le_300B,2.5102882176089283
N0.70_D0300_Q0.6,0.7,300,0.6,2.4842,baseline,2,interpolation_D_le_300B,2.5102882176089283
N0.70_D0300_Q0.8,0.7,300,0.8,2.4416,baseline,2,interpolation_D_le_300B,2.5102882176089283
N0.70_D0300_Q0.9,0.7,300,0.9,2.4128,baseline,2,interpolation_D_le_300B,2.5102882176089283
N0.70_D0300_Q1.0,0.7,300,1.0,2.3149,baseline,2,interpolation_D_le_300B,2.5102882176089283
N1.00_D0050_Q0.1,1.0,50,0.1,2.8264,baseline,2,interpolation_D_le_300B,2.6283047660011603
N1.00_D0050_Q0.2,1.0,50,0.2,2.8076,baseline,2,interpolation_D_le_300B,2.6283047660011603
N1.00_D0050_Q0.3,1.0,50,0.3,2.6823,baseline,2,interpolation_D_le_300B,2.6283047660011603
N1.00_D0050_Q0.4,1.0,50,0.4,2.6528,baseline,2,interpolation_D_le_300B,2.6283047660011603
N1.00_D0050_Q0.6,1.0,50,0.6,2.6707,baseline,2,interpolation_D_le_300B,2.6283047660011603
N1.00_D0050_Q0.8,1.0,50,0.8,2.4922,baseline,2,interpolation_D_le_300B,2.6283047660011603
N1.00_D0050_Q0.9,1.0,50,0.9,2.5805,baseline,2,interpolation_D_le_300B,2.6283047660011603
N1.00_D0050_Q1.0,1.0,50,1.0,2.5615,baseline,2,interpolation_D_le_300B,2.6283047660011603
N2.80_D0010_Q0.1,2.8,10,0.1,2.9592,baseline,2,interpolation_D_le_300B,2.7598857537437116
N2.80_D0010_Q0.2,2.8,10,0.2,2.8431,baseline,2,interpolation_D_le_300B,2.7598857537437116
N2.80_D0010_Q0.3,2.8,10,0.3,2.8867,baseline,2,interpolation_D_le_300B,2.7598857537437116
N2.80_D0010_Q0.4,2.8,10,0.4,2.771,baseline,2,interpolation_D_le_300B,2.7598857537437116
N2.80_D0010_Q0.6,2.8,10,0.6,2.7064,baseline,2,interpolation_D_le_300B,2.7598857537437116
N2.80_D0010_Q0.8,2.8,10,0.8,2.651,baseline,2,interpolation_D_le_300B,2.7598857537437116
N2.80_D0010_Q0.9,2.8,10,0.9,2.6397,baseline,2,interpolation_D_le_300B,2.7598857537437116
N2.80_D0010_Q1.0,2.8,10,1.0,2.484,baseline,2,interpolation_D_le_300B,2.7598857537437116
N4.00_D0150_Q0.1,4.0,150,0.1,2.494,baseline,2,interpolation_D_le_300B,2.3854291383893345
N4.00_D0150_Q0.2,4.0,150,0.2,2.4505,baseline,2,interpolation_D_le_300B,2.3854291383893345
N4.00_D0150_Q0.3,4.0,150,0.3,2.4411,baseline,2,interpolation_D_le_300B,2.3854291383893345
N4.00_D0150_Q0.4,4.0,150,0.4,2.3929,baseline,2,interpolation_D_le_300B,2.3854291383893345
N4.00_D0150_Q0.6,4.0,150,0.6,2.3873,baseline,2,interpolation_D_le_300B,2.3854291383893345
N4.00_D0150_Q0.8,4.0,150,0.8,2.2679,baseline,2,interpolation_D_le_300B,2.3854291383893345
N4.00_D0150_Q0.9,4.0,150,0.9,2.2339,baseline,2,interpolation_D_le_300B,2.3854291383893345
N4.00_D0150_Q1.0,4.0,150,1.0,2.2102,baseline,2,interpolation_D_le_300B,2.3854291383893345
N6.90_D0300_Q0.1,6.9,300,0.1,2.3408,baseline,2,interpolation_D_le_300B,2.2942379535949553
N6.90_D0300_Q0.2,6.9,300,0.2,2.3195,baseline,2,interpolation_D_le_300B,2.2942379535949553
N6.90_D0300_Q0.3,6.9,300,0.3,2.3002,baseline,2,interpolation_D_le_300B,2.2942379535949553
N6.90_D0300_Q0.4,6.9,300,0.4,2.3167,baseline,2,interpolation_D_le_300B,2.2942379535949553
N6.90_D0300_Q0.6,6.9,300,0.6,2.2275,baseline,2,interpolation_D_le_300B,2.2942379535949553
N6.90_D0300_Q0.8,6.9,300,0.8,2.1189,baseline,2,interpolation_D_le_300B,2.2942379535949553
N6.90_D0300_Q0.9,6.9,300,0.9,2.1052,baseline,2,interpolation_D_le_300B,2.2942379535949553
N6.90_D0300_Q1.0,6.9,300,1.0,2.1363,baseline,2,interpolation_D_le_300B,2.2942379535949553
N0.07_D0050_Q0.1,0.07,50,0.1,3.5105,baseline,3,interpolation_D_le_300B,3.1498756877214977
N0.07_D0050_Q0.2,0.07,50,0.2,3.4001,baseline,3,interpolation_D_le_300B,3.1498756877214977
N0.07_D0050_Q0.3,0.07,50,0.3,3.3596,baseline,3,interpolation_D_le_300B,3.1498756877214977
N0.07_D0050_Q0.4,0.07,50,0.4,3.2727,baseline,3,interpolation_D_le_300B,3.1498756877214977
N0.07_D0050_Q0.6,0.07,50,0.6,3.0798,baseline,3,interpolation_D_le_300B,3.1498756877214977
N0.07_D0050_Q0.8,0.07,50,0.8,3.1431,baseline,3,interpolation_D_le_300B,3.1498756877214977
N0.07_D0050_Q0.9,0.07,50,0.9,3.0628,baseline,3,interpolation_D_le_300B,3.1498756877214977
N0.07_D0050_Q1.0,0.07,50,1.0,2.9922,baseline,3,interpolation_D_le_300B,3.1498756877214977
N0.41_D0010_Q0.1,0.41,10,0.1,3.228,baseline,3,interpolation_D_le_300B,2.9911046800323415
N0.41_D0010_Q0.2,0.41,10,0.2,3.2291,baseline,3,interpolation_D_le_300B,2.9911046800323415
N0.41_D0010_Q0.3,0.41,10,0.3,3.2054,baseline,3,interpolation_D_le_300B,2.9911046800323415
N0.41_D0010_Q0.4,0.41,10,0.4,3.0181,baseline,3,interpolation_D_le_300B,2.9911046800323415
N0.41_D0010_Q0.6,0.41,10,0.6,3.0836,baseline,3,interpolation_D_le_300B,2.9911046800323415
N0.41_D0010_Q0.8,0.41,10,0.8,2.9795,baseline,3,interpolation_D_le_300B,2.9911046800323415
N0.41_D0010_Q0.9,0.41,10,0.9,2.8227,baseline,3,interpolation_D_le_300B,2.9911046800323415
N0.41_D0010_Q1.0,0.41,10,1.0,2.9558,baseline,3,interpolation_D_le_300B,2.9911046800323415
N0.70_D0150_Q0.1,0.7,150,0.1,2.7893,baseline,3,interpolation_D_le_300B,2.5654303529157243
N0.70_D0150_Q0.2,0.7,150,0.2,2.6375,baseline,3,interpolation_D_le_300B,2.5654303529157243
N0.70_D0150_Q0.3,0.7,150,0.3,2.6856,baseline,3,interpolation_D_le_300B,2.5654303529157243
N0.70_D0150_Q0.4,0.7,150,0.4,2.5991,baseline,3,interpolation_D_le_300B,2.5654303529157243
N0.70_D0150_Q0.6,0.7,150,0.6,2.5608,baseline,3,interpolation_D_le_300B,2.5654303529157243
N0.70_D0150_Q0.8,0.7,150,0.8,2.5043,baseline,3,interpolation_D_le_300B,2.5654303529157243
N0.70_D0150_Q0.9,0.7,150,0.9,2.4035,baseline,3,interpolation_D_le_300B,2.5654303529157243
N0.70_D0150_Q1.0,0.7,150,1.0,2.3542,baseline,3,interpolation_D_le_300B,2.5654303529157243
N1.00_D0300_Q0.1,1.0,300,0.1,2.6943,baseline,3,interpolation_D_le_300B,2.465988458391227
N1.00_D0300_Q0.2,1.0,300,0.2,2.5728,baseline,3,interpolation_D_le_300B,2.465988458391227
N1.00_D0300_Q0.3,1.0,300,0.3,2.4688,baseline,3,interpolation_D_le_300B,2.465988458391227
N1.00_D0300_Q0.4,1.0,300,0.4,2.5249,baseline,3,interpolation_D_le_300B,2.465988458391227
N1.00_D0300_Q0.6,1.0,300,0.6,2.4469,baseline,3,interpolation_D_le_300B,2.465988458391227
N1.00_D0300_Q0.8,1.0,300,0.8,2.4239,baseline,3,interpolation_D_le_300B,2.465988458391227
N1.00_D0300_Q0.9,1.0,300,0.9,2.2509,baseline,3,interpolation_D_le_300B,2.465988458391227
N1.00_D0300_Q1.0,1.0,300,1.0,2.342,baseline,3,interpolation_D_le_300B,2.465988458391227
N4.00_D0010_Q0.1,4.0,10,0.1,2.855,baseline,3,interpolation_D_le_300B,2.732736296888241
N4.00_D0010_Q0.2,4.0,10,0.2,2.872,baseline,3,interpolation_D_le_300B,2.732736296888241
N4.00_D0010_Q0.3,4.0,10,0.3,2.8016,baseline,3,interpolation_D_le_300B,2.732736296888241
N4.00_D0010_Q0.4,4.0,10,0.4,2.6993,baseline,3,interpolation_D_le_300B,2.732736296888241
N4.00_D0010_Q0.6,4.0,10,0.6,2.631,baseline,3,interpolation_D_le_300B,2.732736296888241
N4.00_D0010_Q0.8,4.0,10,0.8,2.6463,baseline,3,interpolation_D_le_300B,2.732736296888241
N4.00_D0010_Q0.9,4.0,10,0.9,2.6487,baseline,3,interpolation_D_le_300B,2.732736296888241
N4.00_D0010_Q1.0,4.0,10,1.0,2.4852,baseline,3,interpolation_D_le_300B,2.732736296888241
N6.90_D0150_Q0.1,6.9,150,0.1,2.3272,baseline,3,interpolation_D_le_300B,2.3493800889017513
N6.90_D0150_Q0.2,6.9,150,0.2,2.3658,baseline,3,interpolation_D_le_300B,2.3493800889017513
N6.90_D0150_Q0.3,6.9,150,0.3,2.3708,baseline,3,interpolation_D_le_300B,2.3493800889017513
N6.90_D0150_Q0.4,6.9,150,0.4,2.3438,baseline,3,interpolation_D_le_300B,2.3493800889017513
N6.90_D0150_Q0.6,6.9,150,0.6,2.2064,baseline,3,interpolation_D_le_300B,2.3493800889017513
N6.90_D0150_Q0.8,6.9,150,0.8,2.2296,baseline,3,interpolation_D_le_300B,2.3493800889017513
N6.90_D0150_Q0.9,6.9,150,0.9,2.2482,baseline,3,interpolation_D_le_300B,2.3493800889017513
N6.90_D0150_Q1.0,6.9,150,1.0,2.1506,baseline,3,interpolation_D_le_300B,2.3493800889017513
N11.97_D0050_Q0.1,11.97,50,0.1,2.4506,baseline,3,interpolation_D_le_300B,2.42787292435178
N11.97_D0050_Q0.2,11.97,50,0.2,2.4199,baseline,3,interpolation_D_le_300B,2.42787292435178
N11.97_D0050_Q0.3,11.97,50,0.3,2.4152,baseline,3,interpolation_D_le_300B,2.42787292435178
N11.97_D0050_Q0.4,11.97,50,0.4,2.3833,baseline,3,interpolation_D_le_300B,2.42787292435178
N11.97_D0050_Q0.6,11.97,50,0.6,2.3437,baseline,3,interpolation_D_le_300B,2.42787292435178
N11.97_D0050_Q0.8,11.97,50,0.8,2.2204,baseline,3,interpolation_D_le_300B,2.42787292435178
N11.97_D0050_Q0.9,11.97,50,0.9,2.296,baseline,3,interpolation_D_le_300B,2.42787292435178
N11.97_D0050_Q1.0,11.97,50,1.0,2.3439,baseline,3,interpolation_D_le_300B,2.42787292435178
N0.07_D0300_Q0.1,0.07,300,0.1,3.2863,baseline,4,interpolation_D_le_300B,2.987809338835703
N0.07_D0300_Q0.2,0.07,300,0.2,3.1355,baseline,4,interpolation_D_le_300B,2.987809338835703
N0.07_D0300_Q0.3,0.07,300,0.3,3.1588,baseline,4,interpolation_D_le_300B,2.987809338835703
N0.07_D0300_Q0.4,0.07,300,0.4,3.2809,baseline,4,interpolation_D_le_300B,2.987809338835703
N0.07_D0300_Q0.6,0.07,300,0.6,3.0098,baseline,4,interpolation_D_le_300B,2.987809338835703
N0.07_D0300_Q0.8,0.07,300,0.8,2.8391,baseline,4,interpolation_D_le_300B,2.987809338835703
N0.07_D0300_Q0.9,0.07,300,0.9,2.858,baseline,4,interpolation_D_le_300B,2.987809338835703
N0.07_D0300_Q1.0,0.07,300,1.0,2.837,baseline,4,interpolation_D_le_300B,2.987809338835703
N0.16_D0050_Q0.1,0.16,50,0.1,3.2175,baseline,4,interpolation_D_le_300B,2.937268872435731
N0.16_D0050_Q0.2,0.16,50,0.2,3.1458,baseline,4,interpolation_D_le_300B,2.937268872435731
N0.16_D0050_Q0.3,0.16,50,0.3,3.0796,baseline,4,interpolation_D_le_300B,2.937268872435731
N0.16_D0050_Q0.4,0.16,50,0.4,3.002,baseline,4,interpolation_D_le_300B,2.937268872435731
N0.16_D0050_Q0.6,0.16,50,0.6,2.8375,baseline,4,interpolation_D_le_300B,2.937268872435731
N0.16_D0050_Q0.8,0.16,50,0.8,2.894,baseline,4,interpolation_D_le_300B,2.937268872435731
N0.16_D0050_Q0.9,0.16,50,0.9,2.6326,baseline,4,interpolation_D_le_300B,2.937268872435731
N0.16_D0050_Q1.0,0.16,50,1.0,2.793,baseline,4,interpolation_D_le_300B,2.937268872435731
N0.70_D0010_Q0.1,0.7,10,0.1,3.1919,baseline,4,interpolation_D_le_300B,2.912987470138769
N0.70_D0010_Q0.2,0.7,10,0.2,3.1552,baseline,4,interpolation_D_le_300B,2.912987470138769
N0.70_D0010_Q0.3,0.7,10,0.3,3.0155,baseline,4,interpolation_D_le_300B,2.912987470138769
N0.70_D0010_Q0.4,0.7,10,0.4,3.0148,baseline,4,interpolation_D_le_300B,2.912987470138769
N0.70_D0010_Q0.6,0.7,10,0.6,2.9615,baseline,4,interpolation_D_le_300B,2.912987470138769
N0.70_D0010_Q0.8,0.7,10,0.8,2.8692,baseline,4,interpolation_D_le_300B,2.912987470138769
N0.70_D0010_Q0.9,0.7,10,0.9,2.7928,baseline,4,interpolation_D_le_300B,2.912987470138769
N0.70_D0010_Q1.0,0.7,10,1.0,2.8304,baseline,4,interpolation_D_le_300B,2.912987470138769
N1.00_D0150_Q0.1,1.0,150,0.1,2.6482,baseline,4,interpolation_D_le_300B,2.5213805524221615
N1.00_D0150_Q0.2,1.0,150,0.2,2.6343,baseline,4,interpolation_D_le_300B,2.5213805524221615
N1.00_D0150_Q0.3,1.0,150,0.3,2.6133,baseline,4,interpolation_D_le_300B,2.5213805524221615
N1.00_D0150_Q0.4,1.0,150,0.4,2.5016,baseline,4,interpolation_D_le_300B,2.5213805524221615
N1.00_D0150_Q0.6,1.0,150,0.6,2.5859,baseline,4,interpolation_D_le_300B,2.5213805524221615
N1.00_D0150_Q0.8,1.0,150,0.8,2.3211,baseline,4,interpolation_D_le_300B,2.5213805524221615
N1.00_D0150_Q0.9,1.0,150,0.9,2.3833,baseline,4,interpolation_D_le_300B,2.5213805524221615
N1.00_D0150_Q1.0,1.0,150,1.0,2.334,baseline,4,interpolation_D_le_300B,2.5213805524221615
N2.80_D0050_Q0.1,2.8,50,0.1,2.5785,baseline,4,interpolation_D_le_300B,2.526679055050093
N2.80_D0050_Q0.2,2.8,50,0.2,2.4874,baseline,4,interpolation_D_le_300B,2.526679055050093
N2.80_D0050_Q0.3,2.8,50,0.3,2.5971,baseline,4,interpolation_D_le_300B,2.526679055050093
N2.80_D0050_Q0.4,2.8,50,0.4,2.5963,baseline,4,interpolation_D_le_300B,2.526679055050093
N2.80_D0050_Q0.6,2.8,50,0.6,2.5446,baseline,4,interpolation_D_le_300B,2.526679055050093
N2.80_D0050_Q0.8,2.8,50,0.8,2.3227,baseline,4,interpolation_D_le_300B,2.526679055050093
N2.80_D0050_Q0.9,2.8,50,0.9,2.3871,baseline,4,interpolation_D_le_300B,2.526679055050093
N2.80_D0050_Q1.0,2.8,50,1.0,2.2984,baseline,4,interpolation_D_le_300B,2.526679055050093
N6.90_D0010_Q0.1,6.9,10,0.1,2.7585,baseline,4,interpolation_D_le_300B,2.6969372061247965
N6.90_D0010_Q0.2,6.9,10,0.2,2.6605,baseline,4,interpolation_D_le_300B,2.6969372061247965
N6.90_D0010_Q0.3,6.9,10,0.3,2.72,baseline,4,interpolation_D_le_300B,2.6969372061247965
N6.90_D0010_Q0.4,6.9,10,0.4,2.6823,baseline,4,interpolation_D_le_300B,2.6969372061247965
N6.90_D0010_Q0.6,6.9,10,0.6,2.5269,baseline,4,interpolation_D_le_300B,2.6969372061247965
N6.90_D0010_Q0.8,6.9,10,0.8,2.5341,baseline,4,interpolation_D_le_300B,2.6969372061247965
N6.90_D0010_Q0.9,6.9,10,0.9,2.5395,baseline,4,interpolation_D_le_300B,2.6969372061247965
N6.90_D0010_Q1.0,6.9,10,1.0,2.4679,baseline,4,interpolation_D_le_300B,2.6969372061247965
N11.97_D0300_Q0.1,11.97,300,0.1,2.2899,baseline,4,interpolation_D_le_300B,2.265806575465985
N11.97_D0300_Q0.2,11.97,300,0.2,2.2886,baseline,4,interpolation_D_le_300B,2.265806575465985
N11.97_D0300_Q0.3,11.97,300,0.3,2.2767,baseline,4,interpolation_D_le_300B,2.265806575465985
N11.97_D0300_Q0.4,11.97,300,0.4,2.2501,baseline,4,interpolation_D_le_300B,2.265806575465985
N11.97_D0300_Q0.6,11.97,300,0.6,2.1351,baseline,4,interpolation_D_le_300B,2.265806575465985
N11.97_D0300_Q0.8,11.97,300,0.8,2.1274,baseline,4,interpolation_D_le_300B,2.265806575465985
N11.97_D0300_Q0.9,11.97,300,0.9,2.2077,baseline,4,interpolation_D_le_300B,2.265806575465985
N11.97_D0300_Q1.0,11.97,300,1.0,2.0939,baseline,4,interpolation_D_le_300B,2.265806575465985
N0.07_D0150_Q0.1,0.07,150,0.1,3.384,baseline,5,interpolation_D_le_300B,3.0382930137963173
N0.07_D0150_Q0.2,0.07,150,0.2,3.2214,baseline,5,interpolation_D_le_300B,3.0382930137963173
N0.07_D0150_Q0.3,0.07,150,0.3,3.3529,baseline,5,interpolation_D_le_300B,3.0382930137963173
N0.07_D0150_Q0.4,0.07,150,0.4,3.1687,baseline,5,interpolation_D_le_300B,3.0382930137963173
N0.07_D0150_Q0.6,0.07,150,0.6,3.1017,baseline,5,interpolation_D_le_300B,3.0382930137963173
N0.07_D0150_Q0.8,0.07,150,0.8,3.0179,baseline,5,interpolation_D_le_300B,3.0382930137963173
N0.07_D0150_Q0.9,0.07,150,0.9,2.7658,baseline,5,interpolation_D_le_300B,3.0382930137963173
N0.07_D0150_Q1.0,0.07,150,1.0,2.9653,baseline,5,interpolation_D_le_300B,3.0382930137963173
N0.16_D0300_Q0.1,0.16,300,0.1,2.9719,baseline,5,interpolation_D_le_300B,2.770294104479616
N0.16_D0300_Q0.2,0.16,300,0.2,2.9407,baseline,5,interpolation_D_le_300B,2.770294104479616
N0.16_D0300_Q0.3,0.16,300,0.3,2.956,baseline,5,interpolation_D_le_300B,2.770294104479616
N0.16_D0300_Q0.4,0.16,300,0.4,2.8482,baseline,5,interpolation_D_le_300B,2.770294104479616
N0.16_D0300_Q0.6,0.16,300,0.6,2.8081,baseline,5,interpolation_D_le_300B,2.770294104479616
N0.16_D0300_Q0.8,0.16,300,0.8,2.6978,baseline,5,interpolation_D_le_300B,2.770294104479616
N0.16_D0300_Q0.9,0.16,300,0.9,2.6348,baseline,5,interpolation_D_le_300B,2.770294104479616
N0.16_D0300_Q1.0,0.16,300,1.0,2.6071,baseline,5,interpolation_D_le_300B,2.770294104479616
N0.41_D0050_Q0.1,0.41,50,0.1,2.976,baseline,5,interpolation_D_le_300B,2.7532395209925418
N0.41_D0050_Q0.2,0.41,50,0.2,2.9489,baseline,5,interpolation_D_le_300B,2.7532395209925418
N0.41_D0050_Q0.3,0.41,50,0.3,2.9676,baseline,5,interpolation_D_le_300B,2.7532395209925418
N0.41_D0050_Q0.4,0.41,50,0.4,2.8049,baseline,5,interpolation_D_le_300B,2.7532395209925418
N0.41_D0050_Q0.6,0.41,50,0.6,2.6958,baseline,5,interpolation_D_le_300B,2.7532395209925418
N0.41_D0050_Q0.8,0.41,50,0.8,2.6518,baseline,5,interpolation_D_le_300B,2.7532395209925418
N0.41_D0050_Q0.9,0.41,50,0.9,2.6355,baseline,5,interpolation_D_le_300B,2.7532395209925418
N0.41_D0050_Q1.0,0.41,50,1.0,2.6047,baseline,5,interpolation_D_le_300B,2.7532395209925418
N1.00_D0010_Q0.1,1.0,10,0.1,3.0483,baseline,5,interpolation_D_le_300B,2.8640292505748866
N1.00_D0010_Q0.2,1.0,10,0.2,2.968,baseline,5,interpolation_D_le_300B,2.8640292505748866
N1.00_D0010_Q0.3,1.0,10,0.3,2.8948,baseline,5,interpolation_D_le_300B,2.8640292505748866
N1.00_D0010_Q0.4,1.0,10,0.4,2.8223,baseline,5,interpolation_D_le_300B,2.8640292505748866
N1.00_D0010_Q0.6,1.0,10,0.6,2.8442,baseline,5,interpolation_D_le_300B,2.8640292505748866
N1.00_D0010_Q0.8,1.0,10,0.8,2.7546,baseline,5,interpolation_D_le_300B,2.8640292505748866
N1.00_D0010_Q0.9,1.0,10,0.9,2.7505,baseline,5,interpolation_D_le_300B,2.8640292505748866
N1.00_D0010_Q1.0,1.0,10,1.0,2.6827,baseline,5,interpolation_D_le_300B,2.8640292505748866
N2.80_D0300_Q0.1,2.8,300,0.1,2.446,baseline,5,interpolation_D_le_300B,2.359704287093978
N2.80_D0300_Q0.2,2.8,300,0.2,2.3643,baseline,5,interpolation_D_le_300B,2.359704287093978
N2.80_D0300_Q0.3,2.8,300,0.3,2.3988,baseline,5,interpolation_D_le_300B,2.359704287093978
N2.80_D0300_Q0.4,2.8,300,0.4,2.3719,baseline,5,interpolation_D_le_300B,2.359704287093978
N2.80_D0300_Q0.6,2.8,300,0.6,2.3342,baseline,5,interpolation_D_le_300B,2.359704287093978
N2.80_D0300_Q0.8,2.8,300,0.8,2.2389,baseline,5,interpolation_D_le_300B,2.359704287093978
N2.80_D0300_Q0.9,2.8,300,0.9,2.2601,baseline,5,interpolation_D_le_300B,2.359704287093978
N2.80_D0300_Q1.0,2.8,300,1.0,2.1271,baseline,5,interpolation_D_le_300B,2.359704287093978
N4.00_D0050_Q0.1,4.0,50,0.1,2.5657,baseline,5,interpolation_D_le_300B,2.4948711378484405
N4.00_D0050_Q0.2,4.0,50,0.2,2.6024,baseline,5,interpolation_D_le_300B,2.4948711378484405
N4.00_D0050_Q0.3,4.0,50,0.3,2.5078,baseline,5,interpolation_D_le_300B,2.4948711378484405
N4.00_D0050_Q0.4,4.0,50,0.4,2.5793,baseline,5,interpolation_D_le_300B,2.4948711378484405
N4.00_D0050_Q0.6,4.0,50,0.6,2.4706,baseline,5,interpolation_D_le_300B,2.4948711378484405
N4.00_D0050_Q0.8,4.0,50,0.8,2.4391,baseline,5,interpolation_D_le_300B,2.4948711378484405
N4.00_D0050_Q0.9,4.0,50,0.9,2.3223,baseline,5,interpolation_D_le_300B,2.4948711378484405
N4.00_D0050_Q1.0,4.0,50,1.0,2.4105,baseline,5,interpolation_D_le_300B,2.4948711378484405
N11.97_D0150_Q0.1,11.97,150,0.1,2.4214,baseline,5,interpolation_D_le_300B,2.316290250426599
N11.97_D0150_Q0.2,11.97,150,0.2,2.3485,baseline,5,interpolation_D_le_300B,2.316290250426599
N11.97_D0150_Q0.3,11.97,150,0.3,2.3316,baseline,5,interpolation_D_le_300B,2.316290250426599
N11.97_D0150_Q0.4,11.97,150,0.4,2.2453,baseline,5,interpolation_D_le_300B,2.316290250426599
N11.97_D0150_Q0.6,11.97,150,0.6,2.2154,baseline,5,interpolation_D_le_300B,2.316290250426599
N11.97_D0150_Q0.8,11.97,150,0.8,2.2885,baseline,5,interpolation_D_le_300B,2.316290250426599
N11.97_D0150_Q0.9,11.97,150,0.9,2.1844,baseline,5,interpolation_D_le_300B,2.316290250426599
N11.97_D0150_Q1.0,11.97,150,1.0,2.2045,baseline,5,interpolation_D_le_300B,2.316290250426599
N0.07_D0010_Q0.1,0.07,10,0.1,3.7216,exp_D,1,interpolation_D_le_300B,3.665032578303996
N0.07_D0010_Q0.2,0.07,10,0.2,3.6004,exp_D,1,interpolation_D_le_300B,3.6105980882673054
N0.07_D0010_Q0.3,0.07,10,0.3,3.6507,exp_D,1,interpolation_D_le_300B,3.5589832760331257
N0.07_D0010_Q0.4,0.07,10,0.4,3.5704,exp_D,1,interpolation_D_le_300B,3.5100420837821473
N0.07_D0010_Q0.6,0.07,10,0.6,3.5458,exp_D,1,interpolation_D_le_300B,3.4196337646414463
N0.07_D0010_Q0.8,0.07,10,0.8,3.353,exp_D,1,interpolation_D_le_300B,3.338349069493746
N0.07_D0010_Q0.9,0.07,10,0.9,3.2211,exp_D,1,interpolation_D_le_300B,3.300836612484601
N0.07_D0010_Q1.0,0.07,10,1.0,3.1125,exp_D,1,interpolation_D_le_300B,3.2652672809144017
N0.16_D0150_Q0.1,0.16,150,0.1,3.1249,exp_D,1,interpolation_D_le_300B,2.8924486779854446
N0.16_D0150_Q0.2,0.16,150,0.2,2.9746,exp_D,1,interpolation_D_le_300B,2.8669385910843888
N0.16_D0150_Q0.3,0.16,150,0.3,3.0125,exp_D,1,interpolation_D_le_300B,2.8427499131967457
N0.16_D0150_Q0.4,0.16,150,0.4,2.9738,exp_D,1,interpolation_D_le_300B,2.8198141960342955
N0.16_D0150_Q0.6,0.16,150,0.6,2.8802,exp_D,1,interpolation_D_le_300B,2.7774453949983497
N0.16_D0150_Q0.8,0.16,150,0.8,2.725,exp_D,1,interpolation_D_le_300B,2.7393522736051663
N0.16_D0150_Q0.9,0.16,150,0.9,2.7204,exp_D,1,interpolation_D_le_300B,2.721772499503665
N0.16_D0150_Q1.0,0.16,150,1.0,2.6657,exp_D,1,interpolation_D_le_300B,2.70510334840559
N0.41_D0300_Q0.1,0.41,300,0.1,2.8085,exp_D,1,interpolation_D_le_300B,2.6248992872475942
N0.41_D0300_Q0.2,0.41,300,0.2,2.7682,exp_D,1,interpolation_D_le_300B,2.603887633944784
N0.41_D0300_Q0.3,0.41,300,0.3,2.6832,exp_D,1,interpolation_D_le_300B,2.5839643731734747
N0.41_D0300_Q0.4,0.41,300,0.4,2.7891,exp_D,1,interpolation_D_le_300B,2.5650731267760047
N0.41_D0300_Q0.6,0.41,300,0.6,2.5211,exp_D,1,interpolation_D_le_300B,2.530175614992688
N0.41_D0300_Q0.8,0.41,300,0.8,2.549,exp_D,1,interpolation_D_le_300B,2.49879981203914
N0.41_D0300_Q0.9,0.41,300,0.9,2.432,exp_D,1,interpolation_D_le_300B,2.484320044878991
N0.41_D0300_Q1.0,0.41,300,1.0,2.3791,exp_D,1,interpolation_D_le_300B,2.470590322001786
N0.70_D0050_Q0.1,0.7,50,0.1,2.8444,exp_D,1,interpolation_D_le_300B,2.8093272878914846
N0.70_D0050_Q0.2,0.7,50,0.2,2.8069,exp_D,1,interpolation_D_le_300B,2.774633817709644
N0.70_D0050_Q0.3,0.7,50,0.3,2.7973,exp_D,1,interpolation_D_le_300B,2.7417374509395893
N0.70_D0050_Q0.4,0.7,50,0.4,2.7324,exp_D,1,interpolation_D_le_300B,2.710545098574782
N0.70_D0050_Q0.6,0.7,50,0.6,2.6134,exp_D,1,interpolation_D_le_300B,2.652923941066295
N0.70_D0050_Q0.8,0.7,50,0.8,2.6409,exp_D,1,interpolation_D_le_300B,2.601117666304724
N0.70_D0050_Q0.9,0.7,50,0.9,2.5496,exp_D,1,interpolation_D_le_300B,2.5772093444334776
N0.70_D0050_Q1.0,0.7,50,1.0,2.5581,exp_D,1,interpolation_D_le_300B,2.5545394609940084
N2.80_D0150_Q0.1,2.8,150,0.1,2.4446,exp_D,1,interpolation_D_le_300B,2.4818588605998064
N2.80_D0150_Q0.2,2.8,150,0.2,2.4506,exp_D,1,interpolation_D_le_300B,2.4563487736987506
N2.80_D0150_Q0.3,2.8,150,0.3,2.3889,exp_D,1,interpolation_D_le_300B,2.4321600958111076
N2.80_D0150_Q0.4,2.8,150,0.4,2.5101,exp_D,1,interpolation_D_le_300B,2.4092243786486573
N2.80_D0150_Q0.6,2.8,150,0.6,2.2938,exp_D,1,interpolation_D_le_300B,2.3668555776127116
N2.80_D0150_Q0.8,2.8,150,0.8,2.2577,exp_D,1,interpolation_D_le_300B,2.328762456219528
N2.80_D0150_Q0.9,2.8,150,0.9,2.2652,exp_D,1,interpolation_D_le_300B,2.311182682118027
N2.80_D0150_Q1.0,2.8,150,1.0,2.2464,exp_D,1,interpolation_D_le_300B,2.294513531019952
N4.00_D0300_Q0.1,4.0,300,0.1,2.4125,exp_D,1,interpolation_D_le_300B,2.3665309041034934
N4.00_D0300_Q0.2,4.0,300,0.2,2.3793,exp_D,1,interpolation_D_le_300B,2.3455192508006837
N4.00_D0300_Q0.3,4.0,300,0.3,2.2697,exp_D,1,interpolation_D_le_300B,2.325595990029374
N4.00_D0300_Q0.4,4.0,300,0.4,2.3711,exp_D,1,interpolation_D_le_300B,2.306704743631904
N4.00_D0300_Q0.6,4.0,300,0.6,2.2294,exp_D,1,interpolation_D_le_300B,2.2718072318485873
N4.00_D0300_Q0.8,4.0,300,0.8,2.1962,exp_D,1,interpolation_D_le_300B,2.240431428895039
N4.00_D0300_Q0.9,4.0,300,0.9,2.1753,exp_D,1,interpolation_D_le_300B,2.2259516617348902
N4.00_D0300_Q1.0,4.0,300,1.0,2.1975,exp_D,1,interpolation_D_le_300B,2.2122219388576854
N6.90_D0050_Q0.1,6.9,50,0.1,2.5548,exp_D,1,interpolation_D_le_300B,2.593277023877512
N6.90_D0050_Q0.2,6.9,50,0.2,2.4799,exp_D,1,interpolation_D_le_300B,2.558583553695671
N6.90_D0050_Q0.3,6.9,50,0.3,2.4833,exp_D,1,interpolation_D_le_300B,2.525687186925617
N6.90_D0050_Q0.4,6.9,50,0.4,2.4979,exp_D,1,interpolation_D_le_300B,2.4944948345608084
N6.90_D0050_Q0.6,6.9,50,0.6,2.4093,exp_D,1,interpolation_D_le_300B,2.436873677052322
N6.90_D0050_Q0.8,6.9,50,0.8,2.2784,exp_D,1,interpolation_D_le_300B,2.385067402290751
N6.90_D0050_Q0.9,6.9,50,0.9,2.347,exp_D,1,interpolation_D_le_300B,2.3611590804195046
N6.90_D0050_Q1.0,6.9,50,1.0,2.2632,exp_D,1,interpolation_D_le_300B,2.3384891969800354
N11.97_D0010_Q0.1,11.97,10,0.1,2.77,exp_D,1,interpolation_D_le_300B,2.9430298149342775
N11.97_D0010_Q0.2,11.97,10,0.2,2.6684,exp_D,1,interpolation_D_le_300B,2.888595324897587
N11.97_D0010_Q0.3,11.97,10,0.3,2.6888,exp_D,1,interpolation_D_le_300B,2.8369805126634073
N11.97_D0010_Q0.4,11.97,10,0.4,2.7027,exp_D,1,interpolation_D_le_300B,2.788039320412429
N11.97_D0010_Q0.6,11.97,10,0.6,2.6784,exp_D,1,interpolation_D_le_300B,2.697631001271728
N11.97_D0010_Q0.8,11.97,10,0.8,2.6185,exp_D,1,interpolation_D_le_300B,2.6163463061240275
N11.97_D0010_Q0.9,11.97,10,0.9,2.4891,exp_D,1,interpolation_D_le_300B,2.578833849114883
N11.97_D0010_Q1.0,11.97,10,1.0,2.4184,exp_D,1,interpolation_D_le_300B,2.5432645175446833
N0.16_D0010_Q0.1,0.16,10,0.1,3.4765,exp_D,2,interpolation_D_le_300B,3.445506836649929
N0.16_D0010_Q0.2,0.16,10,0.2,3.4324,exp_D,2,interpolation_D_le_300B,3.391995646219204
N0.16_D0010_Q0.3,0.16,10,0.3,3.46,exp_D,2,interpolation_D_le_300B,3.341224637104638
N0.16_D0010_Q0.4,0.16,10,0.4,3.2484,exp_D,2,interpolation_D_le_300B,3.2930534911113822
N0.16_D0010_Q0.6,0.16,10,0.6,3.269,exp_D,2,interpolation_D_le_300B,3.203985074576033
N0.16_D0010_Q0.8,0.16,10,0.8,3.2072,exp_D,2,interpolation_D_le_300B,3.12380506621186
N0.16_D0010_Q0.9,0.16,10,0.9,3.0024,exp_D,2,interpolation_D_le_300B,3.086767461467307
N0.16_D0010_Q1.0,0.16,10,1.0,3.0121,exp_D,2,interpolation_D_le_300B,3.051626464735011
N0.41_D0150_Q0.1,0.41,150,0.1,2.8727,exp_D,2,interpolation_D_le_300B,2.709535843245749
N0.41_D0150_Q0.2,0.41,150,0.2,2.8815,exp_D,2,interpolation_D_le_300B,2.6844584499029134
N0.41_D0150_Q0.3,0.41,150,0.3,2.7186,exp_D,2,interpolation_D_le_300B,2.6606652104752286
N0.41_D0150_Q0.4,0.41,150,0.4,2.6566,exp_D,2,interpolation_D_le_300B,2.6380903664823276
N0.41_D0150_Q0.6,0.41,150,0.6,2.6516,exp_D,2,interpolation_D_le_300B,2.596349495126231
N0.41_D0150_Q0.8,0.41,150,0.8,2.5539,exp_D,2,interpolation_D_le_300B,2.558774072269898
N0.41_D0150_Q0.9,0.41,150,0.9,2.5112,exp_D,2,interpolation_D_le_300B,2.5414168321266795
N0.41_D0150_Q1.0,0.41,150,1.0,2.4068,exp_D,2,interpolation_D_le_300B,2.524948415139097
N0.70_D0300_Q0.1,0.7,300,0.1,2.6722,exp_D,2,interpolation_D_le_300B,2.5434765016977163
N0.70_D0300_Q0.2,0.7,300,0.2,2.6214,exp_D,2,interpolation_D_le_300B,2.5228212410276303
N0.70_D0300_Q0.3,0.7,300,0.3,2.5759,exp_D,2,interpolation_D_le_300B,2.5032236873327203
N0.70_D0300_Q0.4,0.7,300,0.4,2.5792,exp_D,2,interpolation_D_le_300B,2.484629677944057
N0.70_D0300_Q0.6,0.7,300,0.6,2.4842,exp_D,2,interpolation_D_le_300B,2.4502493670931678
N0.70_D0300_Q0.8,0.7,300,0.8,2.4416,exp_D,2,interpolation_D_le_300B,2.4192999720234445
N0.70_D0300_Q0.9,0.7,300,0.9,2.4128,exp_D,2,interpolation_D_le_300B,2.405003497315323
N0.70_D0300_Q1.0,0.7,300,1.0,2.3149,exp_D,2,interpolation_D_le_300B,2.3914391112145896
N1.00_D0050_Q0.1,1.0,50,0.1,2.8264,exp_D,2,interpolation_D_le_300B,2.7604927673124697
N1.00_D0050_Q0.2,1.0,50,0.2,2.8076,exp_D,2,interpolation_D_le_300B,2.7263877561632546
N1.00_D0050_Q0.3,1.0,50,0.3,2.6823,exp_D,2,interpolation_D_le_300B,2.6940291818543756
N1.00_D0050_Q0.4,1.0,50,0.4,2.6528,exp_D,2,interpolation_D_le_300B,2.6633276134918233
N1.00_D0050_Q0.6,1.0,50,0.6,2.6707,exp_D,2,interpolation_D_le_300B,2.6065604342433333
N1.00_D0050_Q0.8,1.0,50,0.8,2.4922,exp_D,2,interpolation_D_le_300B,2.5554582244589255
N1.00_D0050_Q0.9,1.0,50,0.9,2.5805,exp_D,2,interpolation_D_le_300B,2.5318525466075146
N1.00_D0050_Q1.0,1.0,50,1.0,2.5615,exp_D,2,interpolation_D_le_300B,2.509455659606822
N2.80_D0010_Q0.1,2.8,10,0.1,2.9592,exp_D,2,interpolation_D_le_300B,3.0349170192642907
N2.80_D0010_Q0.2,2.8,10,0.2,2.8431,exp_D,2,interpolation_D_le_300B,2.981405828833566
N2.80_D0010_Q0.3,2.8,10,0.3,2.8867,exp_D,2,interpolation_D_le_300B,2.9306348197189998
N2.80_D0010_Q0.4,2.8,10,0.4,2.771,exp_D,2,interpolation_D_le_300B,2.882463673725744
N2.80_D0010_Q0.6,2.8,10,0.6,2.7064,exp_D,2,interpolation_D_le_300B,2.7933952571903946
N2.80_D0010_Q0.8,2.8,10,0.8,2.651,exp_D,2,interpolation_D_le_300B,2.7132152488262213
N2.80_D0010_Q0.9,2.8,10,0.9,2.6397,exp_D,2,interpolation_D_le_300B,2.676177644081669
N2.80_D0010_Q1.0,2.8,10,1.0,2.484,exp_D,2,interpolation_D_le_300B,2.641036647349373
N4.00_D0150_Q0.1,4.0,150,0.1,2.494,exp_D,2,interpolation_D_le_300B,2.451167460101648
N4.00_D0150_Q0.2,4.0,150,0.2,2.4505,exp_D,2,interpolation_D_le_300B,2.4260900667588126
N4.00_D0150_Q0.3,4.0,150,0.3,2.4411,exp_D,2,interpolation_D_le_300B,2.402296827331128
N4.00_D0150_Q0.4,4.0,150,0.4,2.3929,exp_D,2,interpolation_D_le_300B,2.379721983338227
N4.00_D0150_Q0.6,4.0,150,0.6,2.3873,exp_D,2,interpolation_D_le_300B,2.33798111198213
N4.00_D0150_Q0.8,4.0,150,0.8,2.2679,exp_D,2,interpolation_D_le_300B,2.3004056891257973
N4.00_D0150_Q0.9,4.0,150,0.9,2.2339,exp_D,2,interpolation_D_le_300B,2.283048448982578
N4.00_D0150_Q1.0,4.0,150,1.0,2.2102,exp_D,2,interpolation_D_le_300B,2.2665800319949962
N6.90_D0300_Q0.1,6.9,300,0.1,2.3408,exp_D,2,interpolation_D_le_300B,2.327426237683744
N6.90_D0300_Q0.2,6.9,300,0.2,2.3195,exp_D,2,interpolation_D_le_300B,2.3067709770136577
N6.90_D0300_Q0.3,6.9,300,0.3,2.3002,exp_D,2,interpolation_D_le_300B,2.2871734233187477
N6.90_D0300_Q0.4,6.9,300,0.4,2.3167,exp_D,2,interpolation_D_le_300B,2.268579413930084
N6.90_D0300_Q0.6,6.9,300,0.6,2.2275,exp_D,2,interpolation_D_le_300B,2.234199103079195
N6.90_D0300_Q0.8,6.9,300,0.8,2.1189,exp_D,2,interpolation_D_le_300B,2.203249708009472
N6.90_D0300_Q0.9,6.9,300,0.9,2.1052,exp_D,2,interpolation_D_le_300B,2.18895323330135
N6.90_D0300_Q1.0,6.9,300,1.0,2.1363,exp_D,2,interpolation_D_le_300B,2.1753888472006166
N0.07_D0050_Q0.1,0.07,50,0.1,3.5105,exp_D,3,interpolation_D_le_300B,3.2891835253425685
N0.07_D0050_Q0.2,0.07,50,0.2,3.4001,exp_D,3,interpolation_D_le_300B,3.2535336798393963
N0.07_D0050_Q0.3,0.07,50,0.3,3.3596,exp_D,3,interpolation_D_le_300B,3.2197643422267204
N0.07_D0050_Q0.4,0.07,50,0.4,3.2727,exp_D,3,interpolation_D_le_300B,3.1877763168453086
N0.07_D0050_Q0.6,0.07,50,0.6,3.0798,exp_D,3,interpolation_D_le_300B,3.128773306684088
N0.07_D0050_Q0.8,0.07,50,0.8,3.1431,exp_D,3,interpolation_D_le_300B,3.0758308672435333
N0.07_D0050_Q0.9,0.07,50,0.9,3.0628,exp_D,3,interpolation_D_le_300B,3.051435246025229
N0.07_D0050_Q1.0,0.07,50,1.0,2.9922,exp_D,3,interpolation_D_le_300B,3.028326479140992
N0.41_D0010_Q0.1,0.41,10,0.1,3.228,exp_D,3,interpolation_D_le_300B,3.2788434500839783
N0.41_D0010_Q0.2,0.41,10,0.2,3.2291,exp_D,3,interpolation_D_le_300B,3.2229083951678605
N0.41_D0010_Q0.3,0.41,10,0.3,3.2054,exp_D,3,interpolation_D_le_300B,3.1699238807278785
N0.41_D0010_Q0.4,0.41,10,0.4,3.0181,exp_D,3,interpolation_D_le_300B,3.119734267530025
N0.41_D0010_Q0.6,0.41,10,0.6,3.0836,exp_D,3,interpolation_D_le_300B,3.0271578042381866
N0.41_D0010_Q0.8,0.41,10,0.8,2.9795,exp_D,3,interpolation_D_le_300B,2.9440904524529685
N0.41_D0010_Q0.9,0.41,10,0.9,2.8227,exp_D,3,interpolation_D_le_300B,2.9058134166538303
N0.41_D0010_Q1.0,0.41,10,1.0,2.9558,exp_D,3,interpolation_D_le_300B,2.869555471451836
N0.70_D0150_Q0.1,0.7,150,0.1,2.7893,exp_D,3,interpolation_D_le_300B,2.635689167069078
N0.70_D0150_Q0.2,0.7,150,0.2,2.6375,exp_D,3,interpolation_D_le_300B,2.6094758579930906
N0.70_D0150_Q0.3,0.7,150,0.3,2.6856,exp_D,3,interpolation_D_le_300B,2.5846452851914874
N0.70_D0150_Q0.4,0.7,150,0.4,2.5991,exp_D,3,interpolation_D_le_300B,2.5611245101581464
N0.70_D0150_Q0.6,0.7,150,0.6,2.5608,exp_D,3,interpolation_D_le_300B,2.517739633731906
N0.70_D0150_Q0.8,0.7,150,0.8,2.5043,exp_D,3,interpolation_D_le_300B,2.478811091161686
N0.70_D0150_Q0.9,0.7,150,0.9,2.4035,exp_D,3,interpolation_D_le_300B,2.4608730061554205
N0.70_D0150_Q1.0,0.7,150,1.0,2.3542,exp_D,3,interpolation_D_le_300B,2.4438811443352186
N1.00_D0300_Q0.1,1.0,300,0.1,2.6943,exp_D,3,interpolation_D_le_300B,2.5024239595458546
N1.00_D0300_Q0.2,1.0,300,0.2,2.5728,exp_D,3,interpolation_D_le_300B,2.480833089849474
N1.00_D0300_Q0.3,1.0,300,0.3,2.4688,exp_D,3,interpolation_D_le_300B,2.4603811255327286
N1.00_D0300_Q0.4,1.0,300,0.4,2.5249,exp_D,3,interpolation_D_le_300B,2.4410079900224178
N1.00_D0300_Q0.6,1.0,300,0.6,2.4469,exp_D,3,interpolation_D_le_300B,2.405273576980662
N1.00_D0300_Q0.8,1.0,300,0.8,2.4239,exp_D,3,interpolation_D_le_300B,2.373209670525083
N1.00_D0300_Q0.9,1.0,300,0.9,2.2509,exp_D,3,interpolation_D_le_300B,2.3584347767926603
N1.00_D0300_Q1.0,1.0,300,1.0,2.342,exp_D,3,interpolation_D_le_300B,2.3444392498107214
N4.00_D0010_Q0.1,4.0,10,0.1,2.855,exp_D,3,interpolation_D_le_300B,3.020475066939877
N4.00_D0010_Q0.2,4.0,10,0.2,2.872,exp_D,3,interpolation_D_le_300B,2.9645400120237593
N4.00_D0010_Q0.3,4.0,10,0.3,2.8016,exp_D,3,interpolation_D_le_300B,2.9115554975837776
N4.00_D0010_Q0.4,4.0,10,0.4,2.6993,exp_D,3,interpolation_D_le_300B,2.8613658843859238
N4.00_D0010_Q0.6,4.0,10,0.6,2.631,exp_D,3,interpolation_D_le_300B,2.7687894210940858
N4.00_D0010_Q0.8,4.0,10,0.8,2.6463,exp_D,3,interpolation_D_le_300B,2.6857220693088673
N4.00_D0010_Q0.9,4.0,10,0.9,2.6487,exp_D,3,interpolation_D_le_300B,2.6474450335097295
N4.00_D0010_Q1.0,4.0,10,1.0,2.4852,exp_D,3,interpolation_D_le_300B,2.6111870883077355
N6.90_D0150_Q0.1,6.9,150,0.1,2.3272,exp_D,3,interpolation_D_le_300B,2.419638903055105
N6.90_D0150_Q0.2,6.9,150,0.2,2.3658,exp_D,3,interpolation_D_le_300B,2.3934255939791176
N6.90_D0150_Q0.3,6.9,150,0.3,2.3708,exp_D,3,interpolation_D_le_300B,2.3685950211775144
N6.90_D0150_Q0.4,6.9,150,0.4,2.3438,exp_D,3,interpolation_D_le_300B,2.3450742461441734
N6.90_D0150_Q0.6,6.9,150,0.6,2.2064,exp_D,3,interpolation_D_le_300B,2.301689369717933
N6.90_D0150_Q0.8,6.9,150,0.8,2.2296,exp_D,3,interpolation_D_le_300B,2.262760827147713
N6.90_D0150_Q0.9,6.9,150,0.9,2.2482,exp_D,3,interpolation_D_le_300B,2.2448227421414475
N6.90_D0150_Q1.0,6.9,150,1.0,2.1506,exp_D,3,interpolation_D_le_300B,2.2278308803212457
N11.97_D0050_Q0.1,11.97,50,0.1,2.4506,exp_D,3,interpolation_D_le_300B,2.5671807619728506
N11.97_D0050_Q0.2,11.97,50,0.2,2.4199,exp_D,3,interpolation_D_le_300B,2.5315309164696784
N11.97_D0050_Q0.3,11.97,50,0.3,2.4152,exp_D,3,interpolation_D_le_300B,2.497761578857003
N11.97_D0050_Q0.4,11.97,50,0.4,2.3833,exp_D,3,interpolation_D_le_300B,2.4657735534755907
N11.97_D0050_Q0.6,11.97,50,0.6,2.3437,exp_D,3,interpolation_D_le_300B,2.4067705433143702
N11.97_D0050_Q0.8,11.97,50,0.8,2.2204,exp_D,3,interpolation_D_le_300B,2.3538281038738154
N11.97_D0050_Q0.9,11.97,50,0.9,2.296,exp_D,3,interpolation_D_le_300B,2.3294324826555113
N11.97_D0050_Q1.0,11.97,50,1.0,2.3439,exp_D,3,interpolation_D_le_300B,2.306323715771274
N0.07_D0300_Q0.1,0.07,300,0.1,3.2863,exp_D,4,interpolation_D_le_300B,3.024184276279939
N0.07_D0300_Q0.2,0.07,300,0.2,3.1355,exp_D,4,interpolation_D_le_300B,3.0022947577865287
N0.07_D0300_Q0.3,0.07,300,0.3,3.1588,exp_D,4,interpolation_D_le_300B,2.981570495854395
N0.07_D0300_Q0.4,0.07,300,0.4,3.2809,exp_D,4,interpolation_D_le_300B,2.961949459751615
N0.07_D0300_Q0.6,0.07,300,0.6,3.0098,exp_D,4,interpolation_D_le_300B,2.925785276900413
N0.07_D0300_Q0.8,0.07,300,0.8,2.8391,exp_D,4,interpolation_D_le_300B,2.8933689065921957
N0.07_D0300_Q0.9,0.07,300,0.9,2.858,exp_D,4,interpolation_D_le_300B,2.8784431533314647
N0.07_D0300_Q1.0,0.07,300,1.0,2.837,exp_D,4,interpolation_D_le_300B,2.8643119507559995
N0.16_D0050_Q0.1,0.16,50,0.1,3.2175,exp_D,4,interpolation_D_le_300B,3.0777452744491924
N0.16_D0050_Q0.2,0.16,50,0.2,3.1458,exp_D,4,interpolation_D_le_300B,3.041602313864343
N0.16_D0050_Q0.3,0.16,50,0.3,3.0796,exp_D,4,interpolation_D_le_300B,3.0073833710224216
N0.16_D0050_Q0.4,0.16,50,0.4,3.002,exp_D,4,interpolation_D_le_300B,2.9749860236476873
N0.16_D0050_Q0.6,0.16,50,0.6,2.8375,exp_D,4,interpolation_D_le_300B,2.915273397453203
N0.16_D0050_Q0.8,0.16,50,0.8,2.894,exp_D,4,interpolation_D_le_300B,2.8617489859999994
N0.16_D0050_Q0.9,0.16,50,0.9,2.6326,exp_D,4,interpolation_D_le_300B,2.8371042725055395
N0.16_D0050_Q1.0,0.16,50,1.0,2.793,exp_D,4,interpolation_D_le_300B,2.8137714843560278
N0.70_D0010_Q0.1,0.7,10,0.1,3.1919,exp_D,4,interpolation_D_le_300B,3.2036682709649087
N0.70_D0010_Q0.2,0.7,10,0.2,3.1552,exp_D,4,interpolation_D_le_300B,3.1469595122982055
N0.70_D0010_Q0.3,0.7,10,0.3,3.0155,exp_D,4,interpolation_D_le_300B,3.0932695616120496
N0.70_D0010_Q0.4,0.7,10,0.4,3.0148,exp_D,4,interpolation_D_le_300B,3.042437717070646
N0.70_D0010_Q0.6,0.7,10,0.6,2.9615,exp_D,4,interpolation_D_le_300B,2.948747857318605
N0.70_D0010_Q0.8,0.7,10,0.8,2.8692,exp_D,4,interpolation_D_le_300B,2.864767384143163
N0.70_D0010_Q0.9,0.7,10,0.9,2.7928,exp_D,4,interpolation_D_le_300B,2.826099519437215
N0.70_D0010_Q1.0,0.7,10,1.0,2.8304,exp_D,4,interpolation_D_le_300B,2.789490082059065
N1.00_D0150_Q0.1,1.0,150,0.1,2.6482,exp_D,4,interpolation_D_le_300B,2.591982926908223
N1.00_D0150_Q0.2,1.0,150,0.2,2.6343,exp_D,4,interpolation_D_le_300B,2.565407030621447
N1.00_D0150_Q0.3,1.0,150,0.3,2.6133,exp_D,4,interpolation_D_le_300B,2.540245863376304
N1.00_D0150_Q0.4,1.0,150,0.4,2.5016,exp_D,4,interpolation_D_le_300B,2.516424114137574
N1.00_D0150_Q0.6,1.0,150,0.6,2.5859,exp_D,4,interpolation_D_le_300B,2.4725174574864073
N1.00_D0150_Q0.8,1.0,150,0.8,2.3211,exp_D,4,interpolation_D_le_300B,2.4331609912596943
N1.00_D0150_Q0.9,1.0,150,0.9,2.3833,exp_D,4,interpolation_D_le_300B,2.4150397488587436
N1.00_D0150_Q1.0,1.0,150,1.0,2.334,exp_D,4,interpolation_D_le_300B,2.397883164342458
N2.80_D0050_Q0.1,2.8,50,0.1,2.5785,exp_D,4,interpolation_D_le_300B,2.6671554570635543
N2.80_D0050_Q0.2,2.8,50,0.2,2.4874,exp_D,4,interpolation_D_le_300B,2.631012496478705
N2.80_D0050_Q0.3,2.8,50,0.3,2.5971,exp_D,4,interpolation_D_le_300B,2.5967935536367834
N2.80_D0050_Q0.4,2.8,50,0.4,2.5963,exp_D,4,interpolation_D_le_300B,2.5643962062620487
N2.80_D0050_Q0.6,2.8,50,0.6,2.5446,exp_D,4,interpolation_D_le_300B,2.504683580067564
N2.80_D0050_Q0.8,2.8,50,0.8,2.3227,exp_D,4,interpolation_D_le_300B,2.4511591686143612
N2.80_D0050_Q0.9,2.8,50,0.9,2.3871,exp_D,4,interpolation_D_le_300B,2.4265144551199014
N2.80_D0050_Q1.0,2.8,50,1.0,2.2984,exp_D,4,interpolation_D_le_300B,2.403181666970389
N6.90_D0010_Q0.1,6.9,10,0.1,2.7585,exp_D,4,interpolation_D_le_300B,2.9876180069509357
N6.90_D0010_Q0.2,6.9,10,0.2,2.6605,exp_D,4,interpolation_D_le_300B,2.930909248284233
N6.90_D0010_Q0.3,6.9,10,0.3,2.72,exp_D,4,interpolation_D_le_300B,2.877219297598077
N6.90_D0010_Q0.4,6.9,10,0.4,2.6823,exp_D,4,interpolation_D_le_300B,2.8263874530566735
N6.90_D0010_Q0.6,6.9,10,0.6,2.5269,exp_D,4,interpolation_D_le_300B,2.7326975933046325
N6.90_D0010_Q0.8,6.9,10,0.8,2.5341,exp_D,4,interpolation_D_le_300B,2.64871712012919
N6.90_D0010_Q0.9,6.9,10,0.9,2.5395,exp_D,4,interpolation_D_le_300B,2.6100492554232426
N6.90_D0010_Q1.0,6.9,10,1.0,2.4679,exp_D,4,interpolation_D_le_300B,2.5734398180450926
N11.97_D0300_Q0.1,11.97,300,0.1,2.2899,exp_D,4,interpolation_D_le_300B,2.3021815129102206
N11.97_D0300_Q0.2,11.97,300,0.2,2.2886,exp_D,4,interpolation_D_le_300B,2.2802919944168103
N11.97_D0300_Q0.3,11.97,300,0.3,2.2767,exp_D,4,interpolation_D_le_300B,2.259567732484677
N11.97_D0300_Q0.4,11.97,300,0.4,2.2501,exp_D,4,interpolation_D_le_300B,2.239946696381897
N11.97_D0300_Q0.6,11.97,300,0.6,2.1351,exp_D,4,interpolation_D_le_300B,2.203782513530695
N11.97_D0300_Q0.8,11.97,300,0.8,2.1274,exp_D,4,interpolation_D_le_300B,2.1713661432224773
N11.97_D0300_Q0.9,11.97,300,0.9,2.2077,exp_D,4,interpolation_D_le_300B,2.156440389961747
N11.97_D0300_Q1.0,11.97,300,1.0,2.0939,exp_D,4,interpolation_D_le_300B,2.142309187386281
N0.07_D0150_Q0.1,0.07,150,0.1,3.384,exp_D,5,interpolation_D_le_300B,3.1037613402801014
N0.07_D0150_Q0.2,0.07,150,0.2,3.2214,exp_D,5,interpolation_D_le_300B,3.077801047680829
N0.07_D0150_Q0.3,0.07,150,0.3,3.3529,exp_D,5,interpolation_D_le_300B,3.0532013158069273
N0.07_D0150_Q0.4,0.07,150,0.4,3.1687,exp_D,5,interpolation_D_le_300B,3.02989083862514
N0.07_D0150_Q0.6,0.07,150,0.6,3.1017,exp_D,5,interpolation_D_le_300B,2.9868709138420657
N0.07_D0150_Q0.8,0.07,150,0.8,3.0179,exp_D,5,interpolation_D_le_300B,2.948242112907589
N0.07_D0150_Q0.9,0.07,150,0.9,2.7658,exp_D,5,interpolation_D_le_300B,2.930432473926487
N0.07_D0150_Q1.0,0.07,150,1.0,2.9653,exp_D,5,interpolation_D_le_300B,2.9135562256318748
N0.16_D0300_Q0.1,0.16,300,0.1,2.9719,exp_D,5,interpolation_D_le_300B,2.80222177382607
N0.16_D0300_Q0.2,0.16,300,0.2,2.9407,exp_D,5,interpolation_D_le_300B,2.7808393038309234
N0.16_D0300_Q0.3,0.16,300,0.3,2.956,exp_D,5,interpolation_D_le_300B,2.7605774740895628
N0.16_D0300_Q0.4,0.16,300,0.4,2.8482,exp_D,5,interpolation_D_le_300B,2.7413775526323567
N0.16_D0300_Q0.6,0.16,300,0.6,2.8081,exp_D,5,interpolation_D_le_300B,2.7059437358774043
N0.16_D0300_Q0.8,0.16,300,0.8,2.6978,exp_D,5,interpolation_D_le_300B,2.67412671479525
N0.16_D0300_Q0.9,0.16,300,0.9,2.6348,exp_D,5,interpolation_D_le_300B,2.659457616992073
N0.16_D0300_Q1.0,0.16,300,1.0,2.6071,exp_D,5,interpolation_D_le_300B,2.6455573163151733
N0.41_D0050_Q0.1,0.41,50,0.1,2.976,exp_D,5,interpolation_D_le_300B,2.8871798396163437
N0.41_D0050_Q0.2,0.41,50,0.2,2.9489,exp_D,5,interpolation_D_le_300B,2.851874094061732
N0.41_D0050_Q0.3,0.41,50,0.3,2.9676,exp_D,5,interpolation_D_le_300B,2.8184186978665444
N0.41_D0050_Q0.4,0.41,50,0.4,2.8049,exp_D,5,interpolation_D_le_300B,2.7867166755187753
N0.41_D0050_Q0.6,0.41,50,0.6,2.6958,exp_D,5,interpolation_D_le_300B,2.728209996044279
N0.41_D0050_Q0.8,0.41,50,0.8,2.6518,exp_D,5,interpolation_D_le_300B,2.675675202314311
N0.41_D0050_Q0.9,0.41,50,0.9,2.6355,exp_D,5,interpolation_D_le_300B,2.651454266441504
N0.41_D0050_Q1.0,0.41,50,1.0,2.6047,exp_D,5,interpolation_D_le_300B,2.628502732828099
N1.00_D0010_Q0.1,1.0,10,0.1,3.0483,exp_D,5,interpolation_D_le_300B,3.14516008874996
N1.00_D0010_Q0.2,1.0,10,0.2,2.968,exp_D,5,interpolation_D_le_300B,3.089764930970778
N1.00_D0010_Q0.3,1.0,10,0.3,2.8948,exp_D,5,interpolation_D_le_300B,3.037272994554061
N1.00_D0010_Q0.4,1.0,10,0.4,2.8223,exp_D,5,interpolation_D_le_300B,2.987532123704657
N1.00_D0010_Q0.6,1.0,10,0.6,2.8442,exp_D,5,interpolation_D_le_300B,2.895734409488071
N1.00_D0010_Q0.8,1.0,10,0.8,2.7546,exp_D,5,interpolation_D_le_300B,2.813306658937758
N1.00_D0010_Q0.9,1.0,10,0.9,2.7505,exp_D,5,interpolation_D_le_300B,2.7753037066375947
N1.00_D0010_Q1.0,1.0,10,1.0,2.6827,exp_D,5,interpolation_D_le_300B,2.739292462410444
N2.80_D0300_Q0.1,2.8,300,0.1,2.446,exp_D,5,interpolation_D_le_300B,2.3916319564404325
N2.80_D0300_Q0.2,2.8,300,0.2,2.3643,exp_D,5,interpolation_D_le_300B,2.3702494864452857
N2.80_D0300_Q0.3,2.8,300,0.3,2.3988,exp_D,5,interpolation_D_le_300B,2.349987656703925
N2.80_D0300_Q0.4,2.8,300,0.4,2.3719,exp_D,5,interpolation_D_le_300B,2.3307877352467186
N2.80_D0300_Q0.6,2.8,300,0.6,2.3342,exp_D,5,interpolation_D_le_300B,2.2953539184917666
N2.80_D0300_Q0.8,2.8,300,0.8,2.2389,exp_D,5,interpolation_D_le_300B,2.263536897409612
N2.80_D0300_Q0.9,2.8,300,0.9,2.2601,exp_D,5,interpolation_D_le_300B,2.2488677996064355
N2.80_D0300_Q1.0,2.8,300,1.0,2.1271,exp_D,5,interpolation_D_le_300B,2.234967498929535
N4.00_D0050_Q0.1,4.0,50,0.1,2.5657,exp_D,5,interpolation_D_le_300B,2.628811456472243
N4.00_D0050_Q0.2,4.0,50,0.2,2.6024,exp_D,5,interpolation_D_le_300B,2.593505710917631
N4.00_D0050_Q0.3,4.0,50,0.3,2.5078,exp_D,5,interpolation_D_le_300B,2.5600503147224436
N4.00_D0050_Q0.4,4.0,50,0.4,2.5793,exp_D,5,interpolation_D_le_300B,2.528348292374674
N4.00_D0050_Q0.6,4.0,50,0.6,2.4706,exp_D,5,interpolation_D_le_300B,2.4698416129001783
N4.00_D0050_Q0.8,4.0,50,0.8,2.4391,exp_D,5,interpolation_D_le_300B,2.4173068191702103
N4.00_D0050_Q0.9,4.0,50,0.9,2.3223,exp_D,5,interpolation_D_le_300B,2.393085883297403
N4.00_D0050_Q1.0,4.0,50,1.0,2.4105,exp_D,5,interpolation_D_le_300B,2.370134349683998
N11.97_D0150_Q0.1,11.97,150,0.1,2.4214,exp_D,5,interpolation_D_le_300B,2.381758576910383
N11.97_D0150_Q0.2,11.97,150,0.2,2.3485,exp_D,5,interpolation_D_le_300B,2.3557982843111107
N11.97_D0150_Q0.3,11.97,150,0.3,2.3316,exp_D,5,interpolation_D_le_300B,2.331198552437209
N11.97_D0150_Q0.4,11.97,150,0.4,2.2453,exp_D,5,interpolation_D_le_300B,2.307888075255422
N11.97_D0150_Q0.6,11.97,150,0.6,2.2154,exp_D,5,interpolation_D_le_300B,2.264868150472348
N11.97_D0150_Q0.8,11.97,150,0.8,2.2885,exp_D,5,interpolation_D_le_300B,2.226239349537871
N11.97_D0150_Q0.9,11.97,150,0.9,2.1844,exp_D,5,interpolation_D_le_300B,2.2084297105567687
N11.97_D0150_Q1.0,11.97,150,1.0,2.2045,exp_D,5,interpolation_D_le_300B,2.191553462262157
N0.07_D0010_Q0.1,0.07,10,0.1,3.7216,exp_N,1,interpolation_D_le_300B,3.8152511721613926
N0.07_D0010_Q0.2,0.07,10,0.2,3.6004,exp_N,1,interpolation_D_le_300B,3.7401306078273473
N0.07_D0010_Q0.3,0.07,10,0.3,3.6507,exp_N,1,interpolation_D_le_300B,3.668973256013948
N0.07_D0010_Q0.4,0.07,10,0.4,3.5704,exp_N,1,interpolation_D_le_300B,3.6015700254607257
N0.07_D0010_Q0.6,0.07,10,0.6,3.5458,exp_N,1,interpolation_D_le_300B,3.477244137314897
N0.07_D0010_Q0.8,0.07,10,0.8,3.353,exp_N,1,interpolation_D_le_300B,3.365690575694096
N0.07_D0010_Q0.9,0.07,10,0.9,3.2211,exp_N,1,interpolation_D_le_300B,3.3142879400058707
N0.07_D0010_Q1.0,0.07,10,1.0,3.1125,exp_N,1,interpolation_D_le_300B,3.265597205794422
N0.16_D0150_Q0.1,0.16,150,0.1,3.1249,exp_N,1,interpolation_D_le_300B,3.120416280337768
N0.16_D0150_Q0.2,0.16,150,0.2,2.9746,exp_N,1,interpolation_D_le_300B,3.063701038410478
N0.16_D0150_Q0.3,0.16,150,0.3,3.0125,exp_N,1,interpolation_D_le_300B,3.00997798056634
N0.16_D0150_Q0.4,0.16,150,0.4,2.9738,exp_N,1,interpolation_D_le_300B,2.9590892450862953
N0.16_D0150_Q0.6,0.16,150,0.6,2.8802,exp_N,1,interpolation_D_le_300B,2.865224497310164
N0.16_D0150_Q0.8,0.16,150,0.8,2.725,exp_N,1,interpolation_D_le_300B,2.781002722736684
N0.16_D0150_Q0.9,0.16,150,0.9,2.7204,exp_N,1,interpolation_D_le_300B,2.7421942693577357
N0.16_D0150_Q1.0,0.16,150,1.0,2.6657,exp_N,1,interpolation_D_le_300B,2.7054332732856103
N0.41_D0300_Q0.1,0.41,300,0.1,2.8085,exp_N,1,interpolation_D_le_300B,2.7722861861658235
N0.41_D0300_Q0.2,0.41,300,0.2,2.7682,exp_N,1,interpolation_D_le_300B,2.731098855926564
N0.41_D0300_Q0.3,0.41,300,0.3,2.6832,exp_N,1,interpolation_D_le_300B,2.6920844878361296
N0.41_D0300_Q0.4,0.41,300,0.4,2.7891,exp_N,1,interpolation_D_le_300B,2.6551284407057665
N0.41_D0300_Q0.6,0.41,300,0.6,2.5211,exp_N,1,interpolation_D_le_300B,2.5869626666897334
N0.41_D0300_Q0.8,0.41,300,0.8,2.549,exp_N,1,interpolation_D_le_300B,2.5257997424948315
N0.41_D0300_Q0.9,0.41,300,0.9,2.432,exp_N,1,interpolation_D_le_300B,2.4976165499159686
N0.41_D0300_Q1.0,0.41,300,1.0,2.3791,exp_N,1,interpolation_D_le_300B,2.470920246881807
N0.70_D0050_Q0.1,0.7,50,0.1,2.8444,exp_N,1,interpolation_D_le_300B,2.806123270067058
N0.70_D0050_Q0.2,0.7,50,0.2,2.8069,exp_N,1,interpolation_D_le_300B,2.7717846957519225
N0.70_D0050_Q0.3,0.7,50,0.3,2.7973,exp_N,1,interpolation_D_le_300B,2.7392577567575986
N0.70_D0050_Q0.4,0.7,50,0.4,2.7324,exp_N,1,interpolation_D_le_300B,2.7084468747847237
N0.70_D0050_Q0.6,0.7,50,0.6,2.6134,exp_N,1,interpolation_D_le_300B,2.65161591528332
N0.70_D0050_Q0.8,0.7,50,0.8,2.6409,exp_N,1,interpolation_D_le_300B,2.600623350200873
N0.70_D0050_Q0.9,0.7,50,0.9,2.5496,exp_N,1,interpolation_D_le_300B,2.577126545547956
N0.70_D0050_Q1.0,0.7,50,1.0,2.5581,exp_N,1,interpolation_D_le_300B,2.5548693858740292
N2.80_D0150_Q0.1,2.8,150,0.1,2.4446,exp_N,1,interpolation_D_le_300B,2.451672496760142
N2.80_D0150_Q0.2,2.8,150,0.2,2.4506,exp_N,1,interpolation_D_le_300B,2.430238855279754
N2.80_D0150_Q0.3,2.8,150,0.3,2.3889,exp_N,1,interpolation_D_le_300B,2.4099360103666063
N2.80_D0150_Q0.4,2.8,150,0.4,2.5101,exp_N,1,interpolation_D_le_300B,2.3907043034284974
N2.80_D0150_Q0.6,2.8,150,0.6,2.2938,exp_N,1,interpolation_D_le_300B,2.355231240401456
N2.80_D0150_Q0.8,2.8,150,0.8,2.2577,exp_N,1,interpolation_D_le_300B,2.3234024187354154
N2.80_D0150_Q0.9,2.8,150,0.9,2.2652,exp_N,1,interpolation_D_le_300B,2.308736053083672
N2.80_D0150_Q1.0,2.8,150,1.0,2.2464,exp_N,1,interpolation_D_le_300B,2.2948434558999726
N4.00_D0300_Q0.1,4.0,300,0.1,2.4125,exp_N,1,interpolation_D_le_300B,2.3514714392225557
N4.00_D0300_Q0.2,4.0,300,0.2,2.3793,exp_N,1,interpolation_D_le_300B,2.332485463415914
N4.00_D0300_Q0.3,4.0,300,0.3,2.2697,exp_N,1,interpolation_D_le_300B,2.3145011501726547
N4.00_D0300_Q0.4,4.0,300,0.4,2.3711,exp_N,1,interpolation_D_le_300B,2.297465653755424
N4.00_D0300_Q0.6,4.0,300,0.6,2.2294,exp_N,1,interpolation_D_le_300B,2.2660435215416737
N4.00_D0300_Q0.8,4.0,300,0.8,2.1962,exp_N,1,interpolation_D_le_300B,2.2378494678780303
N4.00_D0300_Q0.9,4.0,300,0.9,2.1753,exp_N,1,interpolation_D_le_300B,2.224857962739244
N4.00_D0300_Q1.0,4.0,300,1.0,2.1975,exp_N,1,interpolation_D_le_300B,2.2125518637377057
N6.90_D0050_Q0.1,6.9,50,0.1,2.5548,exp_N,1,interpolation_D_le_300B,2.454233708071546
N6.90_D0050_Q0.2,6.9,50,0.2,2.4799,exp_N,1,interpolation_D_le_300B,2.4384601316414636
N6.90_D0050_Q0.3,6.9,50,0.3,2.4833,exp_N,1,interpolation_D_le_300B,2.423518737932015
N6.90_D0050_Q0.4,6.9,50,0.4,2.4979,exp_N,1,interpolation_D_le_300B,2.4093656226274236
N6.90_D0050_Q0.6,6.9,50,0.6,2.4093,exp_N,1,interpolation_D_le_300B,2.383260069290714
N6.90_D0050_Q0.8,6.9,50,0.8,2.2784,exp_N,1,interpolation_D_le_300B,2.3598364083281966
N6.90_D0050_Q0.9,6.9,50,0.9,2.347,exp_N,1,interpolation_D_le_300B,2.349043046884179
N6.90_D0050_Q1.0,6.9,50,1.0,2.2632,exp_N,1,interpolation_D_le_300B,2.338819121860056
N11.97_D0010_Q0.1,11.97,10,0.1,2.77,exp_N,1,interpolation_D_le_300B,2.6392968759644324
N11.97_D0010_Q0.2,11.97,10,0.2,2.6684,exp_N,1,interpolation_D_le_300B,2.6262173363712513
N11.97_D0010_Q0.3,11.97,10,0.3,2.6888,exp_N,1,interpolation_D_le_300B,2.6138278474391576
N11.97_D0010_Q0.4,11.97,10,0.4,2.7027,exp_N,1,interpolation_D_le_300B,2.602092003458954
N11.97_D0010_Q0.6,11.97,10,0.6,2.6784,exp_N,1,interpolation_D_le_300B,2.5804451296518067
N11.97_D0010_Q0.8,11.97,10,0.8,2.6185,exp_N,1,interpolation_D_le_300B,2.561022096306484
N11.97_D0010_Q0.9,11.97,10,0.9,2.4891,exp_N,1,interpolation_D_le_300B,2.5520721794010632
N11.97_D0010_Q1.0,11.97,10,1.0,2.4184,exp_N,1,interpolation_D_le_300B,2.543594442424704
N0.16_D0010_Q0.1,0.16,10,0.1,3.4765,exp_N,2,interpolation_D_le_300B,3.451192086495756
N0.16_D0010_Q0.2,0.16,10,0.2,3.4324,exp_N,2,interpolation_D_le_300B,3.396942792481899
N0.16_D0010_Q0.3,0.16,10,0.3,3.46,exp_N,2,interpolation_D_le_300B,3.3454716500943817
N0.16_D0010_Q0.4,0.16,10,0.4,3.2484,exp_N,2,interpolation_D_le_300B,3.296636387869598
N0.16_D0010_Q0.6,0.16,10,0.6,3.269,exp_N,2,interpolation_D_le_300B,3.2063404741418404
N0.16_D0010_Q0.8,0.16,10,0.8,3.2072,exp_N,2,interpolation_D_le_300B,3.1250560131201874
N0.16_D0010_Q0.9,0.16,10,0.9,3.0024,exp_N,2,interpolation_D_le_300B,3.0875084196376754
N0.16_D0010_Q1.0,0.16,10,1.0,3.0121,exp_N,2,interpolation_D_le_300B,3.0518836697569967
N0.41_D0150_Q0.1,0.41,150,0.1,2.8727,exp_N,2,interpolation_D_le_300B,2.815188472541746
N0.41_D0150_Q0.2,0.41,150,0.2,2.8815,exp_N,2,interpolation_D_le_300B,2.7757919450498965
N0.41_D0150_Q0.3,0.41,150,0.3,2.7186,exp_N,2,interpolation_D_le_300B,2.7384129466137366
N0.41_D0150_Q0.4,0.41,150,0.4,2.6566,exp_N,2,interpolation_D_le_300B,2.702948157886367
N0.41_D0150_Q0.6,0.41,150,0.6,2.6516,exp_N,2,interpolation_D_le_300B,2.6373741165602507
N0.41_D0150_Q0.8,0.41,150,0.8,2.5539,exp_N,2,interpolation_D_le_300B,2.578344306836243
N0.41_D0150_Q0.9,0.41,150,0.9,2.5112,exp_N,2,interpolation_D_le_300B,2.551076766755284
N0.41_D0150_Q1.0,0.41,150,1.0,2.4068,exp_N,2,interpolation_D_le_300B,2.5252056201610826
N0.70_D0300_Q0.1,0.7,300,0.1,2.6722,exp_N,2,interpolation_D_le_300B,2.633459928219782
N0.70_D0300_Q0.2,0.7,300,0.2,2.6214,exp_N,2,interpolation_D_le_300B,2.600614376464459
N0.70_D0300_Q0.3,0.7,300,0.3,2.5759,exp_N,2,interpolation_D_le_300B,2.5694508728295
N0.70_D0300_Q0.4,0.7,300,0.4,2.5792,exp_N,2,interpolation_D_le_300B,2.539883278226717
N0.70_D0300_Q0.6,0.7,300,0.6,2.4842,exp_N,2,interpolation_D_le_300B,2.4852130901339153
N0.70_D0300_Q0.8,0.7,300,0.8,2.4416,exp_N,2,interpolation_D_le_300B,2.435998938688769
N0.70_D0300_Q0.9,0.7,300,0.9,2.4128,exp_N,2,interpolation_D_le_300B,2.4132655290207525
N0.70_D0300_Q1.0,0.7,300,1.0,2.3149,exp_N,2,interpolation_D_le_300B,2.3916963162365756
N1.00_D0050_Q0.1,1.0,50,0.1,2.8264,exp_N,2,interpolation_D_le_300B,2.7238677058506977
N1.00_D0050_Q0.2,1.0,50,0.2,2.8076,exp_N,2,interpolation_D_le_300B,2.694773030008846
N1.00_D0050_Q0.3,1.0,50,0.3,2.6823,exp_N,2,interpolation_D_le_300B,2.6671683168011113
N1.00_D0050_Q0.4,1.0,50,0.4,2.6528,exp_N,2,interpolation_D_le_300B,2.6409772639973834
N1.00_D0050_Q0.6,1.0,50,0.6,2.6707,exp_N,2,interpolation_D_le_300B,2.5925502680795773
N1.00_D0050_Q0.8,1.0,50,0.8,2.4922,exp_N,2,interpolation_D_le_300B,2.548956243725997
N1.00_D0050_Q0.9,1.0,50,0.9,2.5805,exp_N,2,interpolation_D_le_300B,2.528818929851714
N1.00_D0050_Q1.0,1.0,50,1.0,2.5615,exp_N,2,interpolation_D_le_300B,2.5097128646288076
N2.80_D0010_Q0.1,2.8,10,0.1,2.9592,exp_N,2,interpolation_D_le_300B,2.7921992025672084
N2.80_D0010_Q0.2,2.8,10,0.2,2.8431,exp_N,2,interpolation_D_le_300B,2.771697484176447
N2.80_D0010_Q0.3,2.8,10,0.3,2.8867,exp_N,2,interpolation_D_le_300B,2.752245675896507
N2.80_D0010_Q0.4,2.8,10,0.4,2.771,exp_N,2,interpolation_D_le_300B,2.7337900109542916
N2.80_D0010_Q0.6,2.8,10,0.6,2.7064,exp_N,2,interpolation_D_le_300B,2.6996656701912567
N2.80_D0010_Q0.8,2.8,10,0.8,2.651,exp_N,2,interpolation_D_le_300B,2.6689469085980635
N2.80_D0010_Q0.9,2.8,10,0.9,2.6397,exp_N,2,interpolation_D_le_300B,2.654757043055617
N2.80_D0010_Q1.0,2.8,10,1.0,2.484,exp_N,2,interpolation_D_le_300B,2.6412938523713585
N4.00_D0150_Q0.1,4.0,150,0.1,2.494,exp_N,2,interpolation_D_le_300B,2.400509591783797
N4.00_D0150_Q0.2,4.0,150,0.2,2.4505,exp_N,2,interpolation_D_le_300B,2.3823491158927674
N4.00_D0150_Q0.3,4.0,150,0.3,2.4411,exp_N,2,interpolation_D_le_300B,2.365118653129998
N4.00_D0150_Q0.4,4.0,150,0.4,2.3929,exp_N,2,interpolation_D_le_300B,2.3487705767469436
N4.00_D0150_Q0.6,4.0,150,0.6,2.3873,exp_N,2,interpolation_D_le_300B,2.318543146250012
N4.00_D0150_Q0.8,4.0,150,0.8,2.2679,exp_N,2,interpolation_D_le_300B,2.2913323867086617
N4.00_D0150_Q0.9,4.0,150,0.9,2.2339,exp_N,2,interpolation_D_le_300B,2.278762966615726
N4.00_D0150_Q1.0,4.0,150,1.0,2.2102,exp_N,2,interpolation_D_le_300B,2.266837237016982
N6.90_D0300_Q0.1,6.9,300,0.1,2.3408,exp_N,2,interpolation_D_le_300B,2.2867012397977335
N6.90_D0300_Q0.2,6.9,300,0.2,2.3195,exp_N,2,interpolation_D_le_300B,2.271613489903223
N6.90_D0300_Q0.3,6.9,300,0.3,2.3002,exp_N,2,interpolation_D_le_300B,2.2572983962740008
N6.90_D0300_Q0.4,6.9,300,0.4,2.3167,exp_N,2,interpolation_D_le_300B,2.2437163905378124
N6.90_D0300_Q0.6,6.9,300,0.6,2.2275,exp_N,2,interpolation_D_le_300B,2.218603397132355
N6.90_D0300_Q0.8,6.9,300,0.8,2.1189,exp_N,2,interpolation_D_le_300B,2.1959966583627866
N6.90_D0300_Q0.9,6.9,300,0.9,2.1052,exp_N,2,interpolation_D_le_300B,2.1855539657913368
N6.90_D0300_Q1.0,6.9,300,1.0,2.1363,exp_N,2,interpolation_D_le_300B,2.1756460522226027
N0.07_D0050_Q0.1,0.07,50,0.1,3.5105,exp_N,3,interpolation_D_le_300B,3.578499642134259
N0.07_D0050_Q0.2,0.07,50,0.2,3.4001,exp_N,3,interpolation_D_le_300B,3.5032277026867154
N0.07_D0050_Q0.3,0.07,50,0.3,3.3596,exp_N,3,interpolation_D_le_300B,3.4319322893500233
N0.07_D0050_Q0.4,0.07,50,0.4,3.2727,exp_N,3,interpolation_D_le_300B,3.3644033270281213
N0.07_D0050_Q0.6,0.07,50,0.6,3.0798,exp_N,3,interpolation_D_le_300B,3.239859358824089
N0.07_D0050_Q0.8,0.07,50,0.8,3.1431,exp_N,3,interpolation_D_le_300B,3.1281268194741316
N0.07_D0050_Q0.9,0.07,50,0.9,3.0628,exp_N,3,interpolation_D_le_300B,3.076647535059402
N0.07_D0050_Q1.0,0.07,50,1.0,2.9922,exp_N,3,interpolation_D_le_300B,3.02788783938047
N0.41_D0010_Q0.1,0.41,10,0.1,3.228,exp_N,3,interpolation_D_le_300B,3.1710079364067774
N0.41_D0010_Q0.2,0.41,10,0.2,3.2291,exp_N,3,interpolation_D_le_300B,3.1297376097624072
N0.41_D0010_Q0.3,0.41,10,0.3,3.2054,exp_N,3,interpolation_D_le_300B,3.090647544882371
N0.41_D0010_Q0.4,0.41,10,0.4,3.0181,exp_N,3,interpolation_D_le_300B,3.0536225611575594
N0.41_D0010_Q0.6,0.41,10,0.6,3.0836,exp_N,3,interpolation_D_le_300B,2.9853372175475617
N0.41_D0010_Q0.8,0.41,10,0.8,2.9795,exp_N,3,interpolation_D_le_300B,2.924076162901943
N0.41_D0010_Q0.9,0.41,10,0.9,2.8227,exp_N,3,interpolation_D_le_300B,2.8958509451274637
N0.41_D0010_Q1.0,0.41,10,1.0,2.9558,exp_N,3,interpolation_D_le_300B,2.869116831691314
N0.70_D0150_Q0.1,0.7,150,0.1,2.7893,exp_N,3,interpolation_D_le_300B,2.695134228076337
N0.70_D0150_Q0.2,0.7,150,0.2,2.6375,exp_N,3,interpolation_D_le_300B,2.6607264582535475
N0.70_D0150_Q0.3,0.7,150,0.3,2.6856,exp_N,3,interpolation_D_le_300B,2.628136409564566
N0.70_D0150_Q0.4,0.7,150,0.4,2.5991,exp_N,3,interpolation_D_le_300B,2.5972680539861495
N0.70_D0150_Q0.6,0.7,150,0.6,2.5608,exp_N,3,interpolation_D_le_300B,2.540337407290544
N0.70_D0150_Q0.8,0.7,150,0.8,2.5043,exp_N,3,interpolation_D_le_300B,2.4892630291904787
N0.70_D0150_Q0.9,0.7,150,0.9,2.4035,exp_N,3,interpolation_D_le_300B,2.4657311874207006
N0.70_D0150_Q1.0,0.7,150,1.0,2.3542,exp_N,3,interpolation_D_le_300B,2.443442504574696
N1.00_D0300_Q0.1,1.0,300,0.1,2.6943,exp_N,3,interpolation_D_le_300B,2.5669497984793566
N1.00_D0300_Q0.2,1.0,300,0.2,2.5728,exp_N,3,interpolation_D_le_300B,2.5364713057783517
N1.00_D0300_Q0.3,1.0,300,0.3,2.4688,exp_N,3,interpolation_D_le_300B,2.5076029552224073
N1.00_D0300_Q0.4,1.0,300,0.4,2.5249,exp_N,3,interpolation_D_le_300B,2.4802596849368204
N1.00_D0300_Q0.6,1.0,300,0.6,2.4469,exp_N,3,interpolation_D_le_300B,2.4298303688633833
N1.00_D0300_Q0.8,1.0,300,0.8,2.4239,exp_N,3,interpolation_D_le_300B,2.384588550862724
N1.00_D0300_Q0.9,1.0,300,0.9,2.2509,exp_N,3,interpolation_D_le_300B,2.3637439837397958
N1.00_D0300_Q1.0,1.0,300,1.0,2.342,exp_N,3,interpolation_D_le_300B,2.344000610050199
N4.00_D0010_Q0.1,4.0,10,0.1,2.855,exp_N,3,interpolation_D_le_300B,2.749910107656275
N4.00_D0010_Q0.2,4.0,10,0.2,2.872,exp_N,3,interpolation_D_le_300B,2.7308858732946275
N4.00_D0010_Q0.3,4.0,10,0.3,2.8016,exp_N,3,interpolation_D_le_300B,2.7128666663739276
N4.00_D0010_Q0.4,4.0,10,0.4,2.6993,exp_N,3,interpolation_D_le_300B,2.6957993925021553
N4.00_D0010_Q0.6,4.0,10,0.6,2.631,exp_N,3,interpolation_D_le_300B,2.6643221427217876
N4.00_D0010_Q0.8,4.0,10,0.8,2.6463,exp_N,3,interpolation_D_le_300B,2.6360828542164496
N4.00_D0010_Q0.9,4.0,10,0.9,2.6487,exp_N,3,interpolation_D_le_300B,2.6230719768740607
N4.00_D0010_Q1.0,4.0,10,1.0,2.4852,exp_N,3,interpolation_D_le_300B,2.6107484485472128
N6.90_D0150_Q0.1,6.9,150,0.1,2.3272,exp_N,3,interpolation_D_le_300B,2.343007950200784
N6.90_D0150_Q0.2,6.9,150,0.2,2.3658,exp_N,3,interpolation_D_le_300B,2.3272025885073244
N6.90_D0150_Q0.3,6.9,150,0.3,2.3708,exp_N,3,interpolation_D_le_300B,2.312232205079694
N6.90_D0150_Q0.4,6.9,150,0.4,2.3438,exp_N,3,interpolation_D_le_300B,2.2980526890194564
N6.90_D0150_Q0.6,6.9,150,0.6,2.2064,exp_N,3,interpolation_D_le_300B,2.2719013439279
N6.90_D0150_Q0.8,6.9,150,0.8,2.2296,exp_N,3,interpolation_D_le_300B,2.248440101792835
N6.90_D0150_Q0.9,6.9,150,0.9,2.2482,exp_N,3,interpolation_D_le_300B,2.2376306458937703
N6.90_D0150_Q1.0,6.9,150,1.0,2.1506,exp_N,3,interpolation_D_le_300B,2.2273922405607234
N11.97_D0050_Q0.1,11.97,50,0.1,2.4506,exp_N,3,interpolation_D_le_300B,2.4017542822452302
N11.97_D0050_Q0.2,11.97,50,0.2,2.4199,exp_N,3,interpolation_D_le_300B,2.3886483861302636
N11.97_D0050_Q0.3,11.97,50,0.3,2.4152,exp_N,3,interpolation_D_le_300B,2.376234858758414
N11.97_D0050_Q0.4,11.97,50,0.4,2.3833,exp_N,3,interpolation_D_le_300B,2.364477123120964
N11.97_D0050_Q0.6,11.97,50,0.6,2.3437,exp_N,3,interpolation_D_le_300B,2.342792278529371
N11.97_D0050_Q0.8,11.97,50,0.8,2.2204,exp_N,3,interpolation_D_le_300B,2.3233380826613015
N11.97_D0050_Q0.9,11.97,50,0.9,2.296,exp_N,3,interpolation_D_le_300B,2.314374820141907
N11.97_D0050_Q1.0,11.97,50,1.0,2.3439,exp_N,3,interpolation_D_le_300B,2.3058850760107514
N0.07_D0300_Q0.1,0.07,300,0.1,3.2863,exp_N,4,interpolation_D_le_300B,3.424119347936642
N0.07_D0300_Q0.2,0.07,300,0.2,3.1355,exp_N,4,interpolation_D_le_300B,3.3477518808418596
N0.07_D0300_Q0.3,0.07,300,0.3,3.1588,exp_N,4,interpolation_D_le_300B,3.2754577478853415
N0.07_D0300_Q0.4,0.07,300,0.4,3.2809,exp_N,4,interpolation_D_le_300B,3.207019683107732
N0.07_D0300_Q0.6,0.07,300,0.6,3.0098,exp_N,4,interpolation_D_le_300B,3.0809000194442797
N0.07_D0300_Q0.8,0.07,300,0.8,2.8391,exp_N,4,interpolation_D_le_300B,2.9678756382530453
N0.07_D0300_Q0.9,0.07,300,0.9,2.858,exp_N,4,interpolation_D_le_300B,2.9158435740296964
N0.07_D0300_Q1.0,0.07,300,1.0,2.837,exp_N,4,interpolation_D_le_300B,2.8665868275109703
N0.16_D0050_Q0.1,0.16,50,0.1,3.2175,exp_N,4,interpolation_D_le_300B,3.236977594237304
N0.16_D0050_Q0.2,0.16,50,0.2,3.1458,exp_N,4,interpolation_D_le_300B,3.1793209537414335
N0.16_D0050_Q0.3,0.16,50,0.3,3.0796,exp_N,4,interpolation_D_le_300B,3.124739638000514
N0.16_D0050_Q0.4,0.16,50,0.4,3.002,exp_N,4,interpolation_D_le_300B,3.073069613483159
N0.16_D0050_Q0.6,0.16,50,0.6,2.8375,exp_N,4,interpolation_D_le_300B,2.977850583915521
N0.16_D0050_Q0.8,0.16,50,0.8,2.894,exp_N,4,interpolation_D_le_300B,2.8925183559194925
N0.16_D0050_Q0.9,0.16,50,0.9,2.6326,exp_N,4,interpolation_D_le_300B,2.853234690566807
N0.16_D0050_Q1.0,0.16,50,1.0,2.793,exp_N,4,interpolation_D_le_300B,2.8160463611109985
N0.70_D0010_Q0.1,0.7,10,0.1,3.1919,exp_N,4,interpolation_D_le_300B,3.0466202312080046
N0.70_D0010_Q0.2,0.7,10,0.2,3.1552,exp_N,4,interpolation_D_le_300B,3.0117116816338587
N0.70_D0010_Q0.3,0.7,10,0.3,3.0155,exp_N,4,interpolation_D_le_300B,2.9786651053856206
N0.70_D0010_Q0.4,0.7,10,0.4,3.0148,exp_N,4,interpolation_D_le_300B,2.9473811874041242
N0.70_D0010_Q0.6,0.7,10,0.6,2.9615,exp_N,4,interpolation_D_le_300B,2.8897302700860736
N0.70_D0010_Q0.8,0.7,10,0.8,2.8692,exp_N,4,interpolation_D_le_300B,2.838065374496378
N0.70_D0010_Q0.9,0.7,10,0.9,2.7928,exp_N,4,interpolation_D_le_300B,2.8142808499797862
N0.70_D0010_Q1.0,0.7,10,1.0,2.8304,exp_N,4,interpolation_D_le_300B,2.791764958814036
N1.00_D0150_Q0.1,1.0,150,0.1,2.6482,exp_N,4,interpolation_D_le_300B,2.625909509427919
N1.00_D0150_Q0.2,1.0,150,0.2,2.6343,exp_N,4,interpolation_D_le_300B,2.5949874247104843
N1.00_D0150_Q0.3,1.0,150,0.3,2.6133,exp_N,4,interpolation_D_le_300B,2.56571468084587
N1.00_D0150_Q0.4,1.0,150,0.4,2.5016,exp_N,4,interpolation_D_le_300B,2.538003304294334
N1.00_D0150_Q0.6,1.0,150,0.6,2.5859,exp_N,4,interpolation_D_le_300B,2.486935970615513
N1.00_D0150_Q0.8,1.0,150,0.8,2.3211,exp_N,4,interpolation_D_le_300B,2.4411710706746352
N1.00_D0150_Q0.9,1.0,150,0.9,2.3833,exp_N,4,interpolation_D_le_300B,2.4201026765122298
N1.00_D0150_Q1.0,1.0,150,1.0,2.334,exp_N,4,interpolation_D_le_300B,2.400158041097429
N2.80_D0050_Q0.1,2.8,50,0.1,2.5785,exp_N,4,interpolation_D_le_300B,2.5645335190170013
N2.80_D0050_Q0.2,2.8,50,0.2,2.4874,exp_N,4,interpolation_D_le_300B,2.542744107222965
N2.80_D0050_Q0.3,2.8,50,0.3,2.5971,exp_N,4,interpolation_D_le_300B,2.5221169122509584
N2.80_D0050_Q0.4,2.8,50,0.4,2.5963,exp_N,4,interpolation_D_le_300B,2.5025899430773513
N2.80_D0050_Q0.6,2.8,50,0.6,2.5446,exp_N,4,interpolation_D_le_300B,2.4666050742394523
N2.80_D0050_Q0.8,2.8,50,0.8,2.3227,exp_N,4,interpolation_D_le_300B,2.434356593594083
N2.80_D0050_Q0.9,2.8,50,0.9,2.3871,exp_N,4,interpolation_D_le_300B,2.4195106373644606
N2.80_D0050_Q1.0,2.8,50,1.0,2.2984,exp_N,4,interpolation_D_le_300B,2.40545654372536
N6.90_D0010_Q0.1,6.9,10,0.1,2.7585,exp_N,4,interpolation_D_le_300B,2.6927835946566274
N6.90_D0010_Q0.2,6.9,10,0.2,2.6605,exp_N,4,interpolation_D_le_300B,2.6767481975630325
N6.90_D0010_Q0.3,6.9,10,0.3,2.72,exp_N,4,interpolation_D_le_300B,2.6615681061760013
N6.90_D0010_Q0.4,6.9,10,0.4,2.6823,exp_N,4,interpolation_D_le_300B,2.6471976996825646
N6.90_D0010_Q0.6,6.9,10,0.6,2.5269,exp_N,4,interpolation_D_le_300B,2.6207154950856246
N6.90_D0010_Q0.8,6.9,10,0.8,2.5341,exp_N,4,interpolation_D_le_300B,2.596982996122291
N6.90_D0010_Q0.9,6.9,10,0.9,2.5395,exp_N,4,interpolation_D_le_300B,2.586057469282632
N6.90_D0010_Q1.0,6.9,10,1.0,2.4679,exp_N,4,interpolation_D_le_300B,2.5757146948000633
N11.97_D0300_Q0.1,11.97,300,0.1,2.2899,exp_N,4,interpolation_D_le_300B,2.241658263996387
N11.97_D0300_Q0.2,11.97,300,0.2,2.2886,exp_N,4,interpolation_D_le_300B,2.2283616212148516
N11.97_D0300_Q0.3,11.97,300,0.3,2.2767,exp_N,4,interpolation_D_le_300B,2.2157742028062954
N11.97_D0300_Q0.4,11.97,300,0.4,2.2501,exp_N,4,interpolation_D_le_300B,2.2038581797322547
N11.97_D0300_Q0.6,11.97,300,0.6,2.1351,exp_N,4,interpolation_D_le_300B,2.181898984550634
N11.97_D0300_Q0.8,11.97,300,0.8,2.1274,exp_N,4,interpolation_D_le_300B,2.162219860972544
N11.97_D0300_Q0.9,11.97,300,0.9,2.2077,exp_N,4,interpolation_D_le_300B,2.1531603517668096
N11.97_D0300_Q1.0,11.97,300,1.0,2.0939,exp_N,4,interpolation_D_le_300B,2.144584064141252
N0.07_D0150_Q0.1,0.07,150,0.1,3.384,exp_N,5,interpolation_D_le_300B,3.4818272635948766
N0.07_D0150_Q0.2,0.07,150,0.2,3.2214,exp_N,5,interpolation_D_le_300B,3.404266557147995
N0.07_D0150_Q0.3,0.07,150,0.3,3.3529,exp_N,5,interpolation_D_le_300B,3.3308855305484206
N0.07_D0150_Q0.4,0.07,150,0.4,3.1687,exp_N,5,interpolation_D_le_300B,3.261458944439444
N0.07_D0150_Q0.6,0.07,150,0.6,3.1017,exp_N,5,interpolation_D_le_300B,3.1336281719397405
N0.07_D0150_Q0.8,0.07,150,0.8,3.0179,exp_N,5,interpolation_D_le_300B,3.019203554876644
N0.07_D0150_Q0.9,0.07,150,0.9,2.7658,exp_N,5,interpolation_D_le_300B,2.9665732427079554
N0.07_D0150_Q1.0,0.07,150,1.0,2.9653,exp_N,5,interpolation_D_le_300B,2.916779132853639
N0.16_D0300_Q0.1,0.16,300,0.1,2.9719,exp_N,5,interpolation_D_le_300B,3.0753856639999073
N0.16_D0300_Q0.2,0.16,300,0.2,2.9407,exp_N,5,interpolation_D_le_300B,3.0168281402488137
N0.16_D0300_Q0.3,0.16,300,0.3,2.956,exp_N,5,interpolation_D_le_300B,2.9614262311529096
N0.16_D0300_Q0.4,0.16,300,0.4,2.8482,exp_N,5,interpolation_D_le_300B,2.9090098833490385
N0.16_D0300_Q0.6,0.16,300,0.6,2.8081,exp_N,5,interpolation_D_le_300B,2.812498984471415
N0.16_D0300_Q0.8,0.16,300,0.8,2.6978,exp_N,5,interpolation_D_le_300B,2.726109593008472
N0.16_D0300_Q0.9,0.16,300,0.9,2.6348,exp_N,5,interpolation_D_le_300B,2.686374256701858
N0.16_D0300_Q1.0,0.16,300,1.0,2.6071,exp_N,5,interpolation_D_le_300B,2.6487802235369378
N0.41_D0050_Q0.1,0.41,50,0.1,2.976,exp_N,5,interpolation_D_le_300B,2.94153193834158
N0.41_D0050_Q0.2,0.41,50,0.2,2.9489,exp_N,5,interpolation_D_le_300B,2.8990067196037046
N0.41_D0050_Q0.3,0.41,50,0.3,2.9676,exp_N,5,interpolation_D_le_300B,2.8587731483752896
N0.41_D0050_Q0.4,0.41,50,0.4,2.8049,exp_N,5,interpolation_D_le_300B,2.8207077297405307
N0.41_D0050_Q0.6,0.41,50,0.6,2.6958,exp_N,5,interpolation_D_le_300B,2.7506202871293106
N0.41_D0050_Q0.8,0.41,50,0.8,2.6518,exp_N,5,interpolation_D_le_300B,2.687883211972081
N0.41_D0050_Q0.9,0.41,50,0.9,2.6355,exp_N,5,interpolation_D_le_300B,2.6590269052190094
N0.41_D0050_Q1.0,0.41,50,1.0,2.6047,exp_N,5,interpolation_D_le_300B,2.6317256400498636
N1.00_D0010_Q0.1,1.0,10,0.1,3.0483,exp_N,5,interpolation_D_le_300B,2.9713099968852372
N1.00_D0010_Q0.2,1.0,10,0.2,2.968,exp_N,5,interpolation_D_le_300B,2.9399047555339965
N1.00_D0010_Q0.3,1.0,10,0.3,2.8948,exp_N,5,interpolation_D_le_300B,2.9101919156626916
N1.00_D0010_Q0.4,1.0,10,0.4,2.8223,exp_N,5,interpolation_D_le_300B,2.8820802752093098
N1.00_D0010_Q0.6,1.0,10,0.6,2.8442,exp_N,5,interpolation_D_le_300B,2.8303200934577655
N1.00_D0010_Q0.8,1.0,10,0.8,2.7546,exp_N,5,interpolation_D_le_300B,2.7839882215600946
N1.00_D0010_Q0.9,1.0,10,0.9,2.7505,exp_N,5,interpolation_D_le_300B,2.7626775897754188
N1.00_D0010_Q1.0,1.0,10,1.0,2.6827,exp_N,5,interpolation_D_le_300B,2.7425153696322084
N2.80_D0300_Q0.1,2.8,300,0.1,2.446,exp_N,5,interpolation_D_le_300B,2.3994117595960898
N2.80_D0300_Q0.2,2.8,300,0.2,2.3643,exp_N,5,interpolation_D_le_300B,2.37728188890508
N2.80_D0300_Q0.3,2.8,300,0.3,2.3988,exp_N,5,interpolation_D_le_300B,2.356344577936487
N2.80_D0300_Q0.4,2.8,300,0.4,2.3719,exp_N,5,interpolation_D_le_300B,2.336535560671255
N2.80_D0300_Q0.6,2.8,300,0.6,2.3342,exp_N,5,interpolation_D_le_300B,2.3000624727464083
N2.80_D0300_Q0.8,2.8,300,0.8,2.2389,exp_N,5,interpolation_D_le_300B,2.2674144722900325
N2.80_D0300_Q0.9,2.8,300,0.9,2.2601,exp_N,5,interpolation_D_le_300B,2.2523978220288825
N2.80_D0300_Q1.0,2.8,300,1.0,2.1271,exp_N,5,interpolation_D_le_300B,2.2381904061512996
N4.00_D0050_Q0.1,4.0,50,0.1,2.5657,exp_N,5,interpolation_D_le_300B,2.516167554391496
N4.00_D0050_Q0.2,4.0,50,0.2,2.6024,exp_N,5,interpolation_D_le_300B,2.496564856925083
N4.00_D0050_Q0.3,4.0,50,0.3,2.5078,exp_N,5,interpolation_D_le_300B,2.4780185319868044
N4.00_D0050_Q0.4,4.0,50,0.4,2.5793,exp_N,5,interpolation_D_le_300B,2.4604716525685233
N4.00_D0050_Q0.6,4.0,50,0.6,2.4706,exp_N,5,interpolation_D_le_300B,2.4281636956789643
N4.00_D0050_Q0.8,4.0,50,0.8,2.4391,exp_N,5,interpolation_D_le_300B,2.3992440112955546
N4.00_D0050_Q0.9,4.0,50,0.9,2.3223,exp_N,5,interpolation_D_le_300B,2.3859422231315666
N4.00_D0050_Q1.0,4.0,50,1.0,2.4105,exp_N,5,interpolation_D_le_300B,2.3733572569057624
N11.97_D0150_Q0.1,11.97,150,0.1,2.4214,exp_N,5,interpolation_D_le_300B,2.293159142078902
N11.97_D0150_Q0.2,11.97,150,0.2,2.3485,exp_N,5,interpolation_D_le_300B,2.279654739658068
N11.97_D0150_Q0.3,11.97,150,0.3,2.3316,exp_N,5,interpolation_D_le_300B,2.266878077883678
N11.97_D0150_Q0.4,11.97,150,0.4,2.2453,exp_N,5,interpolation_D_le_300B,2.2547899394374094
N11.97_D0150_Q0.6,11.97,150,0.6,2.2154,exp_N,5,interpolation_D_le_300B,2.2325328163052944
N11.97_D0150_Q0.8,11.97,150,0.8,2.2885,exp_N,5,interpolation_D_le_300B,2.2126098921023267
N11.97_D0150_Q0.9,11.97,150,0.9,2.1844,exp_N,5,interpolation_D_le_300B,2.203446219572515
N11.97_D0150_Q1.0,11.97,150,1.0,2.2045,exp_N,5,interpolation_D_le_300B,2.1947763694839213
N0.07_D0010_Q0.1,0.07,10,0.1,3.7216,exp_both,1,interpolation_D_le_300B,3.827437857170648
N0.07_D0010_Q0.2,0.07,10,0.2,3.6004,exp_both,1,interpolation_D_le_300B,3.75109192817587
N0.07_D0010_Q0.3,0.07,10,0.3,3.6507,exp_both,1,interpolation_D_le_300B,3.677493579500332
N0.07_D0010_Q0.4,0.07,10,0.4,3.5704,exp_both,1,interpolation_D_le_300B,3.6065439296750403
N0.07_D0010_Q0.6,0.07,10,0.6,3.5458,exp_both,1,interpolation_D_le_300B,3.472212865640414
N0.07_D0010_Q0.8,0.07,10,0.8,3.353,exp_both,1,interpolation_D_le_300B,3.347376583216403
N0.07_D0010_Q0.9,0.07,10,0.9,3.2211,exp_both,1,interpolation_D_le_300B,3.288307369898713
N0.07_D0010_Q1.0,0.07,10,1.0,3.1125,exp_both,1,interpolation_D_le_300B,3.2313639727197696
N0.16_D0150_Q0.1,0.16,150,0.1,3.1249,exp_both,1,interpolation_D_le_300B,3.048369676101345
N0.16_D0150_Q0.2,0.16,150,0.2,2.9746,exp_both,1,interpolation_D_le_300B,3.0000612918694123
N0.16_D0150_Q0.3,0.16,150,0.3,3.0125,exp_both,1,interpolation_D_le_300B,2.953491456994564
N0.16_D0150_Q0.4,0.16,150,0.4,2.9738,exp_both,1,interpolation_D_le_300B,2.908597603582738
N0.16_D0150_Q0.6,0.16,150,0.6,2.8802,exp_both,1,interpolation_D_le_300B,2.823598747178581
N0.16_D0150_Q0.8,0.16,150,0.8,2.725,exp_both,1,interpolation_D_le_300B,2.7446077757302185
N0.16_D0150_Q0.9,0.16,150,0.9,2.7204,exp_both,1,interpolation_D_le_300B,2.7072313459611324
N0.16_D0150_Q1.0,0.16,150,1.0,2.6657,exp_both,1,interpolation_D_le_300B,2.671200040210958
N0.41_D0300_Q0.1,0.41,300,0.1,2.8085,exp_both,1,interpolation_D_le_300B,2.7222122312633643
N0.41_D0300_Q0.2,0.41,300,0.2,2.7682,exp_both,1,interpolation_D_le_300B,2.685641784970097
N0.41_D0300_Q0.3,0.41,300,0.3,2.6832,exp_both,1,interpolation_D_le_300B,2.6503874565081813
N0.41_D0300_Q0.4,0.41,300,0.4,2.7891,exp_both,1,interpolation_D_le_300B,2.6164018806873743
N0.41_D0300_Q0.6,0.41,300,0.6,2.5211,exp_both,1,interpolation_D_le_300B,2.5520559878876172
N0.41_D0300_Q0.8,0.41,300,0.8,2.549,exp_both,1,interpolation_D_le_300B,2.492258188293735
N0.41_D0300_Q0.9,0.41,300,0.9,2.432,exp_both,1,interpolation_D_le_300B,2.463963457694964
N0.41_D0300_Q1.0,0.41,300,1.0,2.3791,exp_both,1,interpolation_D_le_300B,2.436687013807154
N0.70_D0050_Q0.1,0.7,50,0.1,2.8444,exp_both,1,interpolation_D_le_300B,2.8389675223869597
N0.70_D0050_Q0.2,0.7,50,0.2,2.8069,exp_both,1,interpolation_D_le_300B,2.7981952208764973
N0.70_D0050_Q0.3,0.7,50,0.3,2.7973,exp_both,1,interpolation_D_le_300B,2.758890255930999
N0.70_D0050_Q0.4,0.7,50,0.4,2.7324,exp_both,1,interpolation_D_le_300B,2.720999820215214
N0.70_D0050_Q0.6,0.7,50,0.6,2.6134,exp_both,1,interpolation_D_le_300B,2.6492607410376485
N0.70_D0050_Q0.8,0.7,50,0.8,2.6409,exp_both,1,interpolation_D_le_300B,2.5825923198991068
N0.70_D0050_Q0.9,0.7,50,0.9,2.5496,exp_both,1,interpolation_D_le_300B,2.551046593662159
N0.70_D0050_Q1.0,0.7,50,1.0,2.5581,exp_both,1,interpolation_D_le_300B,2.520636152799376
N2.80_D0150_Q0.1,2.8,150,0.1,2.4446,exp_both,1,interpolation_D_le_300B,2.4773270872585247
N2.80_D0150_Q0.2,2.8,150,0.2,2.4506,exp_both,1,interpolation_D_le_300B,2.4495697055385883
N2.80_D0150_Q0.3,2.8,150,0.3,2.3889,exp_both,1,interpolation_D_le_300B,2.4228112721153257
N2.80_D0150_Q0.4,2.8,150,0.4,2.5101,exp_both,1,interpolation_D_le_300B,2.397015836274455
N2.80_D0150_Q0.6,2.8,150,0.6,2.2938,exp_both,1,interpolation_D_le_300B,2.3481765769930676
N2.80_D0150_Q0.8,2.8,150,0.8,2.2577,exp_both,1,interpolation_D_le_300B,2.3027893718157215
N2.80_D0150_Q0.9,2.8,150,0.9,2.2652,exp_both,1,interpolation_D_le_300B,2.281313351764048
N2.80_D0150_Q1.0,2.8,150,1.0,2.2464,exp_both,1,interpolation_D_le_300B,2.2606102228253198
N4.00_D0300_Q0.1,4.0,300,0.1,2.4125,exp_both,1,interpolation_D_le_300B,2.3628770891374025
N4.00_D0300_Q0.2,4.0,300,0.2,2.3793,exp_both,1,interpolation_D_le_300B,2.339238598450885
N4.00_D0300_Q0.3,4.0,300,0.3,2.2697,exp_both,1,interpolation_D_le_300B,2.316450823089231
N4.00_D0300_Q0.4,4.0,300,0.4,2.3711,exp_both,1,interpolation_D_le_300B,2.2944831470298888
N4.00_D0300_Q0.6,4.0,300,0.6,2.2294,exp_both,1,interpolation_D_le_300B,2.252891098208141
N4.00_D0300_Q0.8,4.0,300,0.8,2.1962,exp_both,1,interpolation_D_le_300B,2.2142388565199
N4.00_D0300_Q0.9,4.0,300,0.9,2.1753,exp_both,1,interpolation_D_le_300B,2.1959496423174554
N4.00_D0300_Q1.0,4.0,300,1.0,2.1975,exp_both,1,interpolation_D_le_300B,2.178318630663053
N6.90_D0050_Q0.1,6.9,50,0.1,2.5548,exp_both,1,interpolation_D_le_300B,2.5384878298600566
N6.90_D0050_Q0.2,6.9,50,0.2,2.4799,exp_both,1,interpolation_D_le_300B,2.508529360866776
N6.90_D0050_Q0.3,6.9,50,0.3,2.4833,exp_both,1,interpolation_D_le_300B,2.479649054139437
N6.90_D0050_Q0.4,6.9,50,0.4,2.4979,exp_both,1,interpolation_D_le_300B,2.4518081081667904
N6.90_D0050_Q0.6,6.9,50,0.6,2.4093,exp_both,1,interpolation_D_le_300B,2.3990960242390265
N6.90_D0050_Q0.8,6.9,50,0.8,2.2784,exp_both,1,interpolation_D_le_300B,2.350109733215022
N6.90_D0050_Q0.9,6.9,50,0.9,2.347,exp_both,1,interpolation_D_le_300B,2.3269307213287878
N6.90_D0050_Q1.0,6.9,50,1.0,2.2632,exp_both,1,interpolation_D_le_300B,2.304585888785403
N11.97_D0010_Q0.1,11.97,10,0.1,2.77,exp_both,1,interpolation_D_le_300B,2.823286488362895
N11.97_D0010_Q0.2,11.97,10,0.2,2.6684,exp_both,1,interpolation_D_le_300B,2.7830785247423124
N11.97_D0010_Q0.3,11.97,10,0.3,2.6888,exp_both,1,interpolation_D_le_300B,2.7443175879766675
N11.97_D0010_Q0.4,11.97,10,0.4,2.7027,exp_both,1,interpolation_D_le_300B,2.706951601647998
N11.97_D0010_Q0.6,11.97,10,0.6,2.6784,exp_both,1,interpolation_D_le_300B,2.6362054779589683
N11.97_D0010_Q0.8,11.97,10,0.8,2.6185,exp_both,1,interpolation_D_le_300B,2.5704598282783317
N11.97_D0010_Q0.9,11.97,10,0.9,2.4891,exp_both,1,interpolation_D_le_300B,2.5393507329873883
N11.97_D0010_Q1.0,11.97,10,1.0,2.4184,exp_both,1,interpolation_D_le_300B,2.5093612093500512
N0.16_D0010_Q0.1,0.16,10,0.1,3.4765,exp_both,2,interpolation_D_le_300B,3.521263673947196
N0.16_D0010_Q0.2,0.16,10,0.2,3.4324,exp_both,2,interpolation_D_le_300B,3.4567188546799406
N0.16_D0010_Q0.3,0.16,10,0.3,3.46,exp_both,2,interpolation_D_le_300B,3.3944681834967776
N0.16_D0010_Q0.4,0.16,10,0.4,3.2484,exp_both,2,interpolation_D_le_300B,3.3344301183701446
N0.16_D0010_Q0.6,0.16,10,0.6,3.269,exp_both,2,interpolation_D_le_300B,3.220680026601804
N0.16_D0010_Q0.8,0.16,10,0.8,3.2072,exp_both,2,interpolation_D_le_300B,3.114872380143449
N0.16_D0010_Q0.9,0.16,10,0.9,3.0024,exp_both,2,interpolation_D_le_300B,3.0647721254230604
N0.16_D0010_Q1.0,0.16,10,1.0,3.0121,exp_both,2,interpolation_D_le_300B,3.016452608563342
N0.41_D0150_Q0.1,0.41,150,0.1,2.8727,exp_both,2,interpolation_D_le_300B,2.7918038538058143
N0.41_D0150_Q0.2,0.41,150,0.2,2.8815,exp_both,2,interpolation_D_le_300B,2.753186581749908
N0.41_D0150_Q0.3,0.41,150,0.3,2.7186,exp_both,2,interpolation_D_le_300B,2.715941902284789
N0.41_D0150_Q0.4,0.41,150,0.4,2.6566,exp_both,2,interpolation_D_le_300B,2.680021028680583
N0.41_D0150_Q0.6,0.41,150,0.6,2.6516,exp_both,2,interpolation_D_le_300B,2.611964160754223
N0.41_D0150_Q0.8,0.41,150,0.8,2.5539,exp_both,2,interpolation_D_le_300B,2.548659270985164
N0.41_D0150_Q0.9,0.41,150,0.9,2.5112,exp_both,2,interpolation_D_le_300B,2.518684205773556
N0.41_D0150_Q1.0,0.41,150,1.0,2.4068,exp_both,2,interpolation_D_le_300B,2.489774558967428
N0.70_D0300_Q0.1,0.7,300,0.1,2.6722,exp_both,2,interpolation_D_le_300B,2.606890750055444
N0.70_D0300_Q0.2,0.7,300,0.2,2.6214,exp_both,2,interpolation_D_le_300B,2.574845934898611
N0.70_D0300_Q0.3,0.7,300,0.3,2.5759,exp_both,2,interpolation_D_le_300B,2.543940104282004
N0.70_D0300_Q0.4,0.7,300,0.4,2.5792,exp_both,2,interpolation_D_le_300B,2.5141327747209634
N0.70_D0300_Q0.6,0.7,300,0.6,2.4842,exp_both,2,interpolation_D_le_300B,2.457658828304035
N0.70_D0300_Q0.8,0.7,300,0.8,2.4416,exp_both,2,interpolation_D_le_300B,2.405128098317815
N0.70_D0300_Q0.9,0.7,300,0.9,2.4128,exp_both,2,interpolation_D_le_300B,2.380254631786326
N0.70_D0300_Q1.0,0.7,300,1.0,2.3149,exp_both,2,interpolation_D_le_300B,2.3562652550429206
N1.00_D0050_Q0.1,1.0,50,0.1,2.8264,exp_both,2,interpolation_D_le_300B,2.7703460720115314
N1.00_D0050_Q0.2,1.0,50,0.2,2.8076,exp_both,2,interpolation_D_le_300B,2.732491484390272
N1.00_D0050_Q0.3,1.0,50,0.3,2.6823,exp_both,2,interpolation_D_le_300B,2.6959823808938626
N1.00_D0050_Q0.4,1.0,50,0.4,2.6528,exp_both,2,interpolation_D_le_300B,2.6607709383218943
N1.00_D0050_Q0.6,1.0,50,0.6,2.6707,exp_both,2,interpolation_D_le_300B,2.5940581817497264
N1.00_D0050_Q0.8,1.0,50,0.8,2.4922,exp_both,2,interpolation_D_le_300B,2.532003552589288
N1.00_D0050_Q0.9,1.0,50,0.9,2.5805,exp_both,2,interpolation_D_le_300B,2.50262048972397
N1.00_D0050_Q1.0,1.0,50,1.0,2.5615,exp_both,2,interpolation_D_le_300B,2.474281803435153
N2.80_D0010_Q0.1,2.8,10,0.1,2.9592,exp_both,2,interpolation_D_le_300B,2.9525884185956506
N2.80_D0010_Q0.2,2.8,10,0.2,2.8431,exp_both,2,interpolation_D_le_300B,2.9082563021037116
N2.80_D0010_Q0.3,2.8,10,0.3,2.8867,exp_both,2,interpolation_D_le_300B,2.8654999037138342
N2.80_D0010_Q0.4,2.8,10,0.4,2.771,exp_both,2,interpolation_D_le_300B,2.8242632169067363
N2.80_D0010_Q0.6,2.8,10,0.6,2.7064,exp_both,2,interpolation_D_le_300B,2.7461348345440455
N2.80_D0010_Q0.8,2.8,10,0.8,2.651,exp_both,2,interpolation_D_le_300B,2.6734616601238423
N2.80_D0010_Q0.9,2.8,10,0.9,2.6397,exp_both,2,interpolation_D_le_300B,2.639050682546485
N2.80_D0010_Q1.0,2.8,10,1.0,2.484,exp_both,2,interpolation_D_le_300B,2.605862791177704
N4.00_D0150_Q0.1,4.0,150,0.1,2.494,exp_both,2,interpolation_D_le_300B,2.4339583836118015
N4.00_D0150_Q0.2,4.0,150,0.2,2.4505,exp_both,2,interpolation_D_le_300B,2.4080601881474264
N4.00_D0150_Q0.3,4.0,150,0.3,2.4411,exp_both,2,interpolation_D_le_300B,2.383082504912856
N4.00_D0150_Q0.4,4.0,150,0.4,2.3929,exp_both,2,interpolation_D_le_300B,2.3589926156916263
N4.00_D0150_Q0.6,4.0,150,0.6,2.3873,exp_both,2,interpolation_D_le_300B,2.313351119686979
N4.00_D0150_Q0.8,4.0,150,0.8,2.2679,exp_both,2,interpolation_D_le_300B,2.2708964790091923
N4.00_D0150_Q0.9,4.0,150,0.9,2.2339,exp_both,2,interpolation_D_le_300B,2.250794072583804
N4.00_D0150_Q1.0,4.0,150,1.0,2.2102,exp_both,2,interpolation_D_le_300B,2.2314061758233272
N6.90_D0300_Q0.1,6.9,300,0.1,2.3408,exp_both,2,interpolation_D_le_300B,2.3076567363158413
N6.90_D0300_Q0.2,6.9,300,0.2,2.3195,exp_both,2,interpolation_D_le_300B,2.2862477420832796
N6.90_D0300_Q0.3,6.9,300,0.3,2.3002,exp_both,2,interpolation_D_le_300B,2.265599698205193
N6.90_D0300_Q0.4,6.9,300,0.4,2.3167,exp_both,2,interpolation_D_le_300B,2.2456855578509054
N6.90_D0300_Q0.6,6.9,300,0.6,2.2275,exp_both,2,interpolation_D_le_300B,2.207955572915348
N6.90_D0300_Q0.8,6.9,300,0.8,2.1189,exp_both,2,interpolation_D_le_300B,2.1728600328161747
N6.90_D0300_Q0.9,6.9,300,0.9,2.1052,exp_both,2,interpolation_D_le_300B,2.156242183753534
N6.90_D0300_Q1.0,6.9,300,1.0,2.1363,exp_both,2,interpolation_D_le_300B,2.1402149910289476
N0.07_D0050_Q0.1,0.07,50,0.1,3.5105,exp_both,3,interpolation_D_le_300B,3.500146985453312
N0.07_D0050_Q0.2,0.07,50,0.2,3.4001,exp_both,3,interpolation_D_le_300B,3.4354462118820557
N0.07_D0050_Q0.3,0.07,50,0.3,3.3596,exp_both,3,interpolation_D_le_300B,3.3730786117060902
N0.07_D0050_Q0.4,0.07,50,0.4,3.2727,exp_both,3,interpolation_D_le_300B,3.312960048402898
N0.07_D0050_Q0.6,0.07,50,0.6,3.0798,exp_both,3,interpolation_D_le_300B,3.1991485471419874
N0.07_D0050_Q0.8,0.07,50,0.8,3.1431,exp_both,3,interpolation_D_le_300B,3.0933973549147407
N0.07_D0050_Q0.9,0.07,50,0.9,3.0628,exp_both,3,interpolation_D_le_300B,3.0433643722234778
N0.07_D0050_Q1.0,0.07,50,1.0,2.9922,exp_both,3,interpolation_D_le_300B,2.9951356279927284
N0.41_D0010_Q0.1,0.41,10,0.1,3.228,exp_both,3,interpolation_D_le_300B,3.27918113491594
N0.41_D0010_Q0.2,0.41,10,0.2,3.2291,exp_both,3,interpolation_D_le_300B,3.2224486067810973
N0.41_D0010_Q0.3,0.41,10,0.3,3.2054,exp_both,3,interpolation_D_le_300B,3.1677619092907063
N0.41_D0010_Q0.4,0.41,10,0.4,3.0181,exp_both,3,interpolation_D_le_300B,3.1150472677838557
N0.41_D0010_Q0.6,0.41,10,0.6,3.0836,exp_both,3,interpolation_D_le_300B,3.0152522600743685
N0.41_D0010_Q0.8,0.41,10,0.8,2.9795,exp_both,3,interpolation_D_le_300B,2.9225248913402373
N0.41_D0010_Q0.9,0.41,10,0.9,2.8227,exp_both,3,interpolation_D_le_300B,2.8786537373875554
N0.41_D0010_Q1.0,0.41,10,1.0,2.9558,exp_both,3,interpolation_D_le_300B,2.8363646203035726
N0.70_D0150_Q0.1,0.7,150,0.1,2.7893,exp_both,3,interpolation_D_le_300B,2.6867588084960072
N0.70_D0150_Q0.2,0.7,150,0.2,2.6375,exp_both,3,interpolation_D_le_300B,2.6513896108823514
N0.70_D0150_Q0.3,0.7,150,0.3,2.6856,exp_both,3,interpolation_D_le_300B,2.6172958612475994
N0.70_D0150_Q0.4,0.7,150,0.4,2.5991,exp_both,3,interpolation_D_le_300B,2.5844315656858488
N0.70_D0150_Q0.6,0.7,150,0.6,2.5608,exp_both,3,interpolation_D_le_300B,2.522215594274461
N0.70_D0150_Q0.8,0.7,150,0.8,2.5043,exp_both,3,interpolation_D_le_300B,2.4644058555447397
N0.70_D0150_Q0.9,0.7,150,0.9,2.4035,exp_both,3,interpolation_D_le_300B,2.4370549236419086
N0.70_D0150_Q1.0,0.7,150,1.0,2.3542,exp_both,3,interpolation_D_le_300B,2.4106902931869545
N1.00_D0300_Q0.1,1.0,300,0.1,2.6943,exp_both,3,interpolation_D_le_300B,2.5483628688187028
N1.00_D0300_Q0.2,1.0,300,0.2,2.5728,exp_both,3,interpolation_D_le_300B,2.517984364617943
N1.00_D0300_Q0.3,1.0,300,0.3,2.4688,exp_both,3,interpolation_D_le_300B,2.488701339093523
N1.00_D0300_Q0.4,1.0,300,0.4,2.5249,exp_both,3,interpolation_D_le_300B,2.460474288209219
N1.00_D0300_Q0.6,1.0,300,0.6,2.4469,exp_both,3,interpolation_D_le_300B,2.407037165616835
N1.00_D0300_Q0.8,1.0,300,0.8,2.4239,exp_both,3,interpolation_D_le_300B,2.3573845438630516
N1.00_D0300_Q0.9,1.0,300,0.9,2.2509,exp_both,3,interpolation_D_le_300B,2.3338929054950937
N1.00_D0300_Q1.0,1.0,300,1.0,2.342,exp_both,3,interpolation_D_le_300B,2.3112483986624577
N4.00_D0010_Q0.1,4.0,10,0.1,2.855,exp_both,3,interpolation_D_le_300B,2.919602957739068
N4.00_D0010_Q0.2,4.0,10,0.2,2.872,exp_both,3,interpolation_D_le_300B,2.8758371715797635
N4.00_D0010_Q0.3,4.0,10,0.3,2.8016,exp_both,3,interpolation_D_le_300B,2.833649622623117
N4.00_D0010_Q0.4,4.0,10,0.4,2.6993,exp_both,3,interpolation_D_le_300B,2.792983398086645
N4.00_D0010_Q0.6,4.0,10,0.6,2.631,exp_both,3,interpolation_D_le_300B,2.715997458789201
N4.00_D0010_Q0.8,4.0,10,0.8,2.6463,exp_both,3,interpolation_D_le_300B,2.6444637844659424
N4.00_D0010_Q0.9,4.0,10,0.9,2.6487,exp_both,3,interpolation_D_le_300B,2.6106197869290906
N4.00_D0010_Q1.0,4.0,10,1.0,2.4852,exp_both,3,interpolation_D_le_300B,2.5779962371594713
N6.90_D0150_Q0.1,6.9,150,0.1,2.3272,exp_both,3,interpolation_D_le_300B,2.3860758875931127
N6.90_D0150_Q0.2,6.9,150,0.2,2.3658,exp_both,3,interpolation_D_le_300B,2.3615496112112457
N6.90_D0150_Q0.3,6.9,150,0.3,2.3708,exp_both,3,interpolation_D_le_300B,2.3379077764269236
N6.90_D0150_Q0.4,6.9,150,0.4,2.3438,exp_both,3,interpolation_D_le_300B,2.315118489408107
N6.90_D0150_Q0.6,6.9,150,0.6,2.2064,exp_both,3,interpolation_D_le_300B,2.2719756924786996
N6.90_D0150_Q0.8,6.9,150,0.8,2.2296,exp_both,3,interpolation_D_le_300B,2.231888336097699
N6.90_D0150_Q0.9,6.9,150,0.9,2.2482,exp_both,3,interpolation_D_le_300B,2.212922214149503
N6.90_D0150_Q1.0,6.9,150,1.0,2.1506,exp_both,3,interpolation_D_le_300B,2.194640029172982
N11.97_D0050_Q0.1,11.97,50,0.1,2.4506,exp_both,3,interpolation_D_le_300B,2.495316462423136
N11.97_D0050_Q0.2,11.97,50,0.2,2.4199,exp_both,3,interpolation_D_le_300B,2.4668508636991806
N11.97_D0050_Q0.3,11.97,50,0.3,2.4152,exp_both,3,interpolation_D_le_300B,2.4394117624026572
N11.97_D0050_Q0.4,11.97,50,0.4,2.3833,exp_both,3,interpolation_D_le_300B,2.4129621420288805
N11.97_D0050_Q0.6,11.97,50,0.6,2.3437,exp_both,3,interpolation_D_le_300B,2.362889904152218
N11.97_D0050_Q0.8,11.97,50,0.8,2.2204,exp_both,3,interpolation_D_le_300B,2.3163638607007373
N11.97_D0050_Q0.9,11.97,50,0.9,2.296,exp_both,3,interpolation_D_le_300B,2.2943514684271955
N11.97_D0050_Q1.0,11.97,50,1.0,2.3439,exp_both,3,interpolation_D_le_300B,2.27313286462301
N0.07_D0300_Q0.1,0.07,300,0.1,3.2863,exp_both,4,interpolation_D_le_300B,3.271636035865712
N0.07_D0300_Q0.2,0.07,300,0.2,3.1355,exp_both,4,interpolation_D_le_300B,3.21587498481094
N0.07_D0300_Q0.3,0.07,300,0.3,3.1588,exp_both,4,interpolation_D_le_300B,3.1621053278368785
N0.07_D0300_Q0.4,0.07,300,0.4,3.2809,exp_both,4,interpolation_D_le_300B,3.11025594629871
N0.07_D0300_Q0.6,0.07,300,0.6,3.0098,exp_both,4,interpolation_D_le_300B,3.012046143543451
N0.07_D0300_Q0.8,0.07,300,0.8,2.8391,exp_both,4,interpolation_D_le_300B,2.920725814433373
N0.07_D0300_Q0.9,0.07,300,0.9,2.858,exp_both,4,interpolation_D_le_300B,2.877496818004599
N0.07_D0300_Q1.0,0.07,300,1.0,2.837,exp_both,4,interpolation_D_le_300B,2.8358116584651047
N0.16_D0050_Q0.1,0.16,50,0.1,3.2175,exp_both,4,interpolation_D_le_300B,3.2015256408365578
N0.16_D0050_Q0.2,0.16,50,0.2,3.1458,exp_both,4,interpolation_D_le_300B,3.14826844189749
N0.16_D0050_Q0.3,0.16,50,0.3,3.0796,exp_both,4,interpolation_D_le_300B,3.096913216983595
N0.16_D0050_Q0.4,0.16,50,0.4,3.002,exp_both,4,interpolation_D_le_300B,3.047392040907959
N0.16_D0050_Q0.6,0.16,50,0.6,2.8375,exp_both,4,interpolation_D_le_300B,2.9535921769497673
N0.16_D0050_Q0.8,0.16,50,0.8,2.894,exp_both,4,interpolation_D_le_300B,2.8663724269163735
N0.16_D0050_Q0.9,0.16,50,0.9,2.6326,exp_both,4,interpolation_D_le_300B,2.8250845526888586
N0.16_D0050_Q1.0,0.16,50,1.0,2.793,exp_both,4,interpolation_D_le_300B,2.785271192065133
N0.70_D0010_Q0.1,0.7,10,0.1,3.1919,exp_both,4,interpolation_D_le_300B,3.167842162464408
N0.70_D0010_Q0.2,0.7,10,0.2,3.1552,exp_both,4,interpolation_D_le_300B,3.1157879013857146
N0.70_D0010_Q0.3,0.7,10,0.3,3.0155,exp_both,4,interpolation_D_le_300B,3.065592653819627
N0.70_D0010_Q0.4,0.7,10,0.4,3.0148,exp_both,4,interpolation_D_le_300B,3.0171900288277578
N0.70_D0010_Q0.6,0.7,10,0.6,2.9615,exp_both,4,interpolation_D_le_300B,2.9255088532328504
N0.70_D0010_Q0.8,0.7,10,0.8,2.8692,exp_both,4,interpolation_D_le_300B,2.840259164366353
N0.70_D0010_Q0.9,0.7,10,0.9,2.7928,exp_both,4,interpolation_D_le_300B,2.7999038729271204
N0.70_D0010_Q1.0,0.7,10,1.0,2.8304,exp_both,4,interpolation_D_le_300B,2.7609897897681703
N1.00_D0150_Q0.1,1.0,150,0.1,2.6482,exp_both,4,interpolation_D_le_300B,2.62459993197173
N1.00_D0150_Q0.2,1.0,150,0.2,2.6343,exp_both,4,interpolation_D_le_300B,2.591946477401023
N1.00_D0150_Q0.3,1.0,150,0.3,2.6133,exp_both,4,interpolation_D_le_300B,2.5604591754568693
N1.00_D0150_Q0.4,1.0,150,0.4,2.5016,exp_both,4,interpolation_D_le_300B,2.530096379337535
N1.00_D0150_Q0.6,1.0,150,0.6,2.5859,exp_both,4,interpolation_D_le_300B,2.4725851009092126
N1.00_D0150_Q0.8,1.0,150,0.8,2.3211,exp_both,4,interpolation_D_le_300B,2.41910827144542
N1.00_D0150_Q0.9,1.0,150,0.9,2.3833,exp_both,4,interpolation_D_le_300B,2.393793539310301
N1.00_D0150_Q1.0,1.0,150,1.0,2.334,exp_both,4,interpolation_D_le_300B,2.3693828720515633
N2.80_D0050_Q0.1,2.8,50,0.1,2.5785,exp_both,4,interpolation_D_le_300B,2.6319500840136087
N2.80_D0050_Q0.2,2.8,50,0.2,2.4874,exp_both,4,interpolation_D_le_300B,2.599034133507268
N2.80_D0050_Q0.3,2.8,50,0.3,2.5971,exp_both,4,interpolation_D_le_300B,2.5672937101432507
N2.80_D0050_Q0.4,2.8,50,0.4,2.5963,exp_both,4,interpolation_D_le_300B,2.5366868323277965
N2.80_D0050_Q0.6,2.8,50,0.6,2.5446,exp_both,4,interpolation_D_le_300B,2.478713229865494
N2.80_D0050_Q0.8,2.8,50,0.8,2.3227,exp_both,4,interpolation_D_le_300B,2.42480650866224
N2.80_D0050_Q0.9,2.8,50,0.9,2.3871,exp_both,4,interpolation_D_le_300B,2.3992882754156932
N2.80_D0050_Q1.0,2.8,50,1.0,2.2984,exp_both,4,interpolation_D_le_300B,2.3746813746794944
N6.90_D0010_Q0.1,6.9,10,0.1,2.7585,exp_both,4,interpolation_D_le_300B,2.868134414690612
N6.90_D0010_Q0.2,6.9,10,0.2,2.6605,exp_both,4,interpolation_D_le_300B,2.82678361460432
N6.90_D0010_Q0.3,6.9,10,0.3,2.72,exp_both,4,interpolation_D_le_300B,2.7869095753926336
N6.90_D0010_Q0.4,6.9,10,0.4,2.6823,exp_both,4,interpolation_D_le_300B,2.748459557503325
N6.90_D0010_Q0.6,6.9,10,0.6,2.5269,exp_both,4,interpolation_D_le_300B,2.6756299776545207
N6.90_D0010_Q0.8,6.9,10,0.8,2.5341,exp_both,4,interpolation_D_le_300B,2.607909434346685
N6.90_D0010_Q0.9,6.9,10,0.9,2.5395,exp_both,4,interpolation_D_le_300B,2.5758520474172064
N6.90_D0010_Q1.0,6.9,10,1.0,2.4679,exp_both,4,interpolation_D_le_300B,2.544939525754198
N11.97_D0300_Q0.1,11.97,300,0.1,2.2899,exp_both,4,interpolation_D_le_300B,2.270064373439971
N11.97_D0300_Q0.2,11.97,300,0.2,2.2886,exp_both,4,interpolation_D_le_300B,2.2500724451372744
N11.97_D0300_Q0.3,11.97,300,0.3,2.2767,exp_both,4,interpolation_D_le_300B,2.2307944884497273
N11.97_D0300_Q0.4,11.97,300,0.4,2.2501,exp_both,4,interpolation_D_le_300B,2.2122050053133346
N11.97_D0300_Q0.6,11.97,300,0.6,2.1351,exp_both,4,interpolation_D_le_300B,2.176993987978376
N11.97_D0300_Q0.8,11.97,300,0.8,2.1274,exp_both,4,interpolation_D_le_300B,2.144253043580574
N11.97_D0300_Q0.9,11.97,300,0.9,2.2077,exp_both,4,interpolation_D_le_300B,2.1287542145439287
N11.97_D0300_Q1.0,11.97,300,1.0,2.0939,exp_both,4,interpolation_D_le_300B,2.1138088950953864
N0.07_D0150_Q0.1,0.07,150,0.1,3.384,exp_both,5,interpolation_D_le_300B,3.34346806235973
N0.07_D0150_Q0.2,0.07,150,0.2,3.2214,exp_both,5,interpolation_D_le_300B,3.2846140055225126
N0.07_D0150_Q0.3,0.07,150,0.3,3.3529,exp_both,5,interpolation_D_le_300B,3.227873314343156
N0.07_D0150_Q0.4,0.07,150,0.4,3.1687,exp_both,5,interpolation_D_le_300B,3.1731701008600854
N0.07_D0150_Q0.6,0.07,150,0.6,3.1017,exp_both,5,interpolation_D_le_300B,3.0695860824295904
N0.07_D0150_Q0.8,0.07,150,0.8,3.0179,exp_both,5,interpolation_D_le_300B,2.973307610253745
N0.07_D0150_Q0.9,0.07,150,0.9,2.7658,exp_both,5,interpolation_D_le_300B,2.927745489935752
N0.07_D0150_Q1.0,0.07,150,1.0,2.9653,exp_both,5,interpolation_D_le_300B,2.8838194406985633
N0.16_D0300_Q0.1,0.16,300,0.1,2.9719,exp_both,5,interpolation_D_le_300B,2.971017126904995
N0.16_D0300_Q0.2,0.16,300,0.2,2.9407,exp_both,5,interpolation_D_le_300B,2.9255372545935
N0.16_D0300_Q0.3,0.16,300,0.3,2.956,exp_both,5,interpolation_D_le_300B,2.881690499953619
N0.16_D0300_Q0.4,0.16,300,0.4,2.8482,exp_both,5,interpolation_D_le_300B,2.8394182200474143
N0.16_D0300_Q0.6,0.16,300,0.6,2.8081,exp_both,5,interpolation_D_le_300B,2.759372965991939
N0.16_D0300_Q0.8,0.16,300,0.8,2.6978,exp_both,5,interpolation_D_le_300B,2.684973122443102
N0.16_D0300_Q0.9,0.16,300,0.9,2.6348,exp_both,5,interpolation_D_le_300B,2.6497646843904015
N0.16_D0300_Q1.0,0.16,300,1.0,2.6071,exp_both,5,interpolation_D_le_300B,2.6158205313818623
N0.41_D0050_Q0.1,0.41,50,0.1,2.976,exp_both,5,interpolation_D_le_300B,2.9473155544256633
N0.41_D0050_Q0.2,0.41,50,0.2,2.9489,exp_both,5,interpolation_D_le_300B,2.9026867719456417
N0.41_D0050_Q0.3,0.41,50,0.3,2.9676,exp_both,5,interpolation_D_le_300B,2.859660545709216
N0.41_D0050_Q0.4,0.41,50,0.4,2.8049,exp_both,5,interpolation_D_le_300B,2.8181793301959583
N0.41_D0050_Q0.6,0.41,50,0.6,2.6958,exp_both,5,interpolation_D_le_300B,2.7396320069463944
N0.41_D0050_Q0.8,0.41,50,0.8,2.6518,exp_both,5,interpolation_D_le_300B,2.6666244485357824
N0.41_D0050_Q0.9,0.41,50,0.9,2.6355,exp_both,5,interpolation_D_le_300B,2.6320748853234397
N0.41_D0050_Q1.0,0.41,50,1.0,2.6047,exp_both,5,interpolation_D_le_300B,2.5987659478947878
N1.00_D0010_Q0.1,1.0,10,0.1,3.0483,exp_both,5,interpolation_D_le_300B,3.101285354254061
N1.00_D0010_Q0.2,1.0,10,0.2,2.968,exp_both,5,interpolation_D_le_300B,3.051127734769564
N1.00_D0010_Q0.3,1.0,10,0.3,2.8948,exp_both,5,interpolation_D_le_300B,3.0027712042192047
N1.00_D0010_Q0.4,1.0,10,0.4,2.8223,exp_both,5,interpolation_D_le_300B,2.956151088055386
N1.00_D0010_Q0.6,1.0,10,0.6,2.8442,exp_both,5,interpolation_D_le_300B,2.867872929160036
N1.00_D0010_Q0.8,1.0,10,0.8,2.7546,exp_both,5,interpolation_D_le_300B,2.7858208289063287
N1.00_D0010_Q0.9,1.0,10,0.9,2.7505,exp_both,5,interpolation_D_le_300B,2.74699109283329
N1.00_D0010_Q1.0,1.0,10,1.0,2.6827,exp_both,5,interpolation_D_le_300B,2.709555677477132
N2.80_D0300_Q0.1,2.8,300,0.1,2.446,exp_both,5,interpolation_D_le_300B,2.400400768937827
N2.80_D0300_Q0.2,2.8,300,0.2,2.3643,exp_both,5,interpolation_D_le_300B,2.375410920246573
N2.80_D0300_Q0.3,2.8,300,0.3,2.3988,exp_both,5,interpolation_D_le_300B,2.351318421557296
N2.80_D0300_Q0.4,2.8,300,0.4,2.3719,exp_both,5,interpolation_D_le_300B,2.3280910503049066
N2.80_D0300_Q0.6,2.8,300,0.6,2.3342,exp_both,5,interpolation_D_le_300B,2.2841085436347255
N2.80_D0300_Q0.8,2.8,300,0.8,2.2389,exp_both,5,interpolation_D_le_300B,2.2432280235619273
N2.80_D0300_Q0.9,2.8,300,0.9,2.2601,exp_both,5,interpolation_D_le_300B,2.2238820251042757
N2.80_D0300_Q1.0,2.8,300,1.0,2.1271,exp_both,5,interpolation_D_le_300B,2.2052307139962237
N4.00_D0050_Q0.1,4.0,50,0.1,2.5657,exp_both,5,interpolation_D_le_300B,2.5882486229993464
N4.00_D0050_Q0.2,4.0,50,0.2,2.6024,exp_both,5,interpolation_D_le_300B,2.5565134244543932
N4.00_D0050_Q0.3,4.0,50,0.3,2.5078,exp_both,5,interpolation_D_le_300B,2.5259177918519518
N4.00_D0050_Q0.4,4.0,50,0.4,2.5793,exp_both,5,interpolation_D_le_300B,2.4964208049962484
N4.00_D0050_Q0.6,4.0,50,0.6,2.4706,exp_both,5,interpolation_D_le_300B,2.4405663819091883
N4.00_D0050_Q0.8,4.0,50,0.8,2.4391,exp_both,5,interpolation_D_le_300B,2.388651244800525
N4.00_D0050_Q0.9,4.0,50,0.9,2.3223,exp_both,5,interpolation_D_le_300B,2.364083304846619
N4.00_D0050_Q1.0,4.0,50,1.0,2.4105,exp_both,5,interpolation_D_le_300B,2.3403975647506865
N11.97_D0150_Q0.1,11.97,150,0.1,2.4214,exp_both,5,interpolation_D_le_300B,2.34006620037612
N11.97_D0150_Q0.2,11.97,150,0.2,2.3485,exp_both,5,interpolation_D_le_300B,2.317242880417674
N11.97_D0150_Q0.3,11.97,150,0.3,2.3316,exp_both,5,interpolation_D_le_300B,2.2952391134890564
N11.97_D0150_Q0.4,11.97,150,0.4,2.2453,exp_both,5,interpolation_D_le_300B,2.2740254706040384
N11.97_D0150_Q0.6,11.97,150,0.6,2.2154,exp_both,5,interpolation_D_le_300B,2.233856086839049
N11.97_D0150_Q0.8,11.97,150,0.8,2.2885,exp_both,5,interpolation_D_le_300B,2.196519758747728
N11.97_D0150_Q0.9,11.97,150,0.9,2.1844,exp_both,5,interpolation_D_le_300B,2.1788509877931803
N11.97_D0150_Q1.0,11.97,150,1.0,2.2045,exp_both,5,interpolation_D_le_300B,2.1618166773288454
N0.07_D0010_Q0.1,0.07,10,0.1,3.7216,power_D,1,interpolation_D_le_300B,3.7255169798426966
N0.07_D0010_Q0.2,0.07,10,0.2,3.6004,power_D,1,interpolation_D_le_300B,3.5717861665395167
N0.07_D0010_Q0.3,0.07,10,0.3,3.6507,power_D,1,interpolation_D_le_300B,3.4921865954093514
N0.07_D0010_Q0.4,0.07,10,0.4,3.5704,power_D,1,interpolation_D_le_300B,3.43988096329489
N0.07_D0010_Q0.6,0.07,10,0.6,3.5458,power_D,1,interpolation_D_le_300B,3.371582374466099
N0.07_D0010_Q0.8,0.07,10,0.8,3.353,power_D,1,interpolation_D_le_300B,3.3267027248587686
N0.07_D0010_Q0.9,0.07,10,0.9,3.2211,power_D,1,interpolation_D_le_300B,3.3091352693132894
N0.07_D0010_Q1.0,0.07,10,1.0,3.1125,power_D,1,interpolation_D_le_300B,3.2938033116326455
N0.16_D0150_Q0.1,0.16,150,0.1,3.1249,power_D,1,interpolation_D_le_300B,2.935956938909716
N0.16_D0150_Q0.2,0.16,150,0.2,2.9746,power_D,1,interpolation_D_le_300B,2.863912791824094
N0.16_D0150_Q0.3,0.16,150,0.3,3.0125,power_D,1,interpolation_D_le_300B,2.8266093840866717
N0.16_D0150_Q0.4,0.16,150,0.4,2.9738,power_D,1,interpolation_D_le_300B,2.8020969615443607
N0.16_D0150_Q0.6,0.16,150,0.6,2.8802,power_D,1,interpolation_D_le_300B,2.7700896269469832
N0.16_D0150_Q0.8,0.16,150,0.8,2.725,power_D,1,interpolation_D_le_300B,2.7490573042265853
N0.16_D0150_Q0.9,0.16,150,0.9,2.7204,power_D,1,interpolation_D_le_300B,2.7408245217151013
N0.16_D0150_Q1.0,0.16,150,1.0,2.6657,power_D,1,interpolation_D_le_300B,2.733639379123834
N0.41_D0300_Q0.1,0.41,300,0.1,2.8085,power_D,1,interpolation_D_le_300B,2.665767353974931
N0.41_D0300_Q0.2,0.41,300,0.2,2.7682,power_D,1,interpolation_D_le_300B,2.6064274290687135
N0.41_D0300_Q0.3,0.41,300,0.3,2.6832,power_D,1,interpolation_D_le_300B,2.57570208213312
N0.41_D0300_Q0.4,0.41,300,0.4,2.7891,power_D,1,interpolation_D_le_300B,2.5555121656475865
N0.41_D0300_Q0.6,0.41,300,0.6,2.5211,power_D,1,interpolation_D_le_300B,2.5291489854547624
N0.41_D0300_Q0.8,0.41,300,0.8,2.549,power_D,1,interpolation_D_le_300B,2.5118254900520274
N0.41_D0300_Q0.9,0.41,300,0.9,2.432,power_D,1,interpolation_D_le_300B,2.5050444715270936
N0.41_D0300_Q1.0,0.41,300,1.0,2.3791,power_D,1,interpolation_D_le_300B,2.49912635272003
N0.70_D0050_Q0.1,0.7,50,0.1,2.8444,power_D,1,interpolation_D_le_300B,2.858225406133114
N0.70_D0050_Q0.2,0.7,50,0.2,2.8069,power_D,1,interpolation_D_le_300B,2.760246066494419
N0.70_D0050_Q0.3,0.7,50,0.3,2.7973,power_D,1,interpolation_D_le_300B,2.7095137946272563
N0.70_D0050_Q0.4,0.7,50,0.4,2.7324,power_D,1,interpolation_D_le_300B,2.6761771382742294
N0.70_D0050_Q0.6,0.7,50,0.6,2.6134,power_D,1,interpolation_D_le_300B,2.6326474743902404
N0.70_D0050_Q0.8,0.7,50,0.8,2.6409,power_D,1,interpolation_D_le_300B,2.6040437199622315
N0.70_D0050_Q0.9,0.7,50,0.9,2.5496,power_D,1,interpolation_D_le_300B,2.5928472157839595
N0.70_D0050_Q1.0,0.7,50,1.0,2.5581,power_D,1,interpolation_D_le_300B,2.583075491712252
N2.80_D0150_Q0.1,2.8,150,0.1,2.4446,power_D,1,interpolation_D_le_300B,2.525367121524078
N2.80_D0150_Q0.2,2.8,150,0.2,2.4506,power_D,1,interpolation_D_le_300B,2.4533229744384557
N2.80_D0150_Q0.3,2.8,150,0.3,2.3889,power_D,1,interpolation_D_le_300B,2.4160195667010336
N2.80_D0150_Q0.4,2.8,150,0.4,2.5101,power_D,1,interpolation_D_le_300B,2.3915071441587226
N2.80_D0150_Q0.6,2.8,150,0.6,2.2938,power_D,1,interpolation_D_le_300B,2.359499809561345
N2.80_D0150_Q0.8,2.8,150,0.8,2.2577,power_D,1,interpolation_D_le_300B,2.338467486840947
N2.80_D0150_Q0.9,2.8,150,0.9,2.2652,power_D,1,interpolation_D_le_300B,2.330234704329463
N2.80_D0150_Q1.0,2.8,150,1.0,2.2464,power_D,1,interpolation_D_le_300B,2.3230495617381957
N4.00_D0300_Q0.1,4.0,300,0.1,2.4125,power_D,1,interpolation_D_le_300B,2.40739897083083
N4.00_D0300_Q0.2,4.0,300,0.2,2.3793,power_D,1,interpolation_D_le_300B,2.3480590459246122
N4.00_D0300_Q0.3,4.0,300,0.3,2.2697,power_D,1,interpolation_D_le_300B,2.317333698989019
N4.00_D0300_Q0.4,4.0,300,0.4,2.3711,power_D,1,interpolation_D_le_300B,2.2971437825034853
N4.00_D0300_Q0.6,4.0,300,0.6,2.2294,power_D,1,interpolation_D_le_300B,2.2707806023106616
N4.00_D0300_Q0.8,4.0,300,0.8,2.1962,power_D,1,interpolation_D_le_300B,2.2534571069079266
N4.00_D0300_Q0.9,4.0,300,0.9,2.1753,power_D,1,interpolation_D_le_300B,2.2466760883829924
N4.00_D0300_Q1.0,4.0,300,1.0,2.1975,power_D,1,interpolation_D_le_300B,2.2407579695759288
N6.90_D0050_Q0.1,6.9,50,0.1,2.5548,power_D,1,interpolation_D_le_300B,2.642175142119141
N6.90_D0050_Q0.2,6.9,50,0.2,2.4799,power_D,1,interpolation_D_le_300B,2.544195802480446
N6.90_D0050_Q0.3,6.9,50,0.3,2.4833,power_D,1,interpolation_D_le_300B,2.4934635306132833
N6.90_D0050_Q0.4,6.9,50,0.4,2.4979,power_D,1,interpolation_D_le_300B,2.460126874260257
N6.90_D0050_Q0.6,6.9,50,0.6,2.4093,power_D,1,interpolation_D_le_300B,2.416597210376268
N6.90_D0050_Q0.8,6.9,50,0.8,2.2784,power_D,1,interpolation_D_le_300B,2.3879934559482585
N6.90_D0050_Q0.9,6.9,50,0.9,2.347,power_D,1,interpolation_D_le_300B,2.376796951769987
N6.90_D0050_Q1.0,6.9,50,1.0,2.2632,power_D,1,interpolation_D_le_300B,2.367025227698279
N11.97_D0010_Q0.1,11.97,10,0.1,2.77,power_D,1,interpolation_D_le_300B,3.0035142164729782
N11.97_D0010_Q0.2,11.97,10,0.2,2.6684,power_D,1,interpolation_D_le_300B,2.8497834031697984
N11.97_D0010_Q0.3,11.97,10,0.3,2.6888,power_D,1,interpolation_D_le_300B,2.770183832039633
N11.97_D0010_Q0.4,11.97,10,0.4,2.7027,power_D,1,interpolation_D_le_300B,2.717878199925172
N11.97_D0010_Q0.6,11.97,10,0.6,2.6784,power_D,1,interpolation_D_le_300B,2.6495796110963807
N11.97_D0010_Q0.8,11.97,10,0.8,2.6185,power_D,1,interpolation_D_le_300B,2.6046999614890503
N11.97_D0010_Q0.9,11.97,10,0.9,2.4891,power_D,1,interpolation_D_le_300B,2.5871325059435715
N11.97_D0010_Q1.0,11.97,10,1.0,2.4184,power_D,1,interpolation_D_le_300B,2.571800548262927
N0.16_D0010_Q0.1,0.16,10,0.1,3.4765,power_D,2,interpolation_D_le_300B,3.50248634379491
N0.16_D0010_Q0.2,0.16,10,0.2,3.4324,power_D,2,interpolation_D_le_300B,3.352604863680689
N0.16_D0010_Q0.3,0.16,10,0.3,3.46,power_D,2,interpolation_D_le_300B,3.274831005379207
N0.16_D0010_Q0.4,0.16,10,0.4,3.2484,power_D,2,interpolation_D_le_300B,3.223655962133221
N0.16_D0010_Q0.6,0.16,10,0.6,3.269,power_D,2,interpolation_D_le_300B,3.156744068886358
N0.16_D0010_Q0.8,0.16,10,0.8,3.2072,power_D,2,interpolation_D_le_300B,3.1127161769267566
N0.16_D0010_Q0.9,0.16,10,0.9,3.0024,power_D,2,interpolation_D_le_300B,3.0954684752703088
N0.16_D0010_Q1.0,0.16,10,1.0,3.0121,power_D,2,interpolation_D_le_300B,3.0804090575752943
N0.41_D0150_Q0.1,0.41,150,0.1,2.8727,power_D,2,interpolation_D_le_300B,2.751532590085999
N0.41_D0150_Q0.2,0.41,150,0.2,2.8815,power_D,2,interpolation_D_le_300B,2.6812923879642274
N0.41_D0150_Q0.3,0.41,150,0.3,2.7186,power_D,2,interpolation_D_le_300B,2.6448445791840967
N0.41_D0150_Q0.4,0.41,150,0.4,2.6566,power_D,2,interpolation_D_le_300B,2.620861993887707
N0.41_D0150_Q0.6,0.41,150,0.6,2.6516,power_D,2,interpolation_D_le_300B,2.5895045179511977
N0.41_D0150_Q0.8,0.41,150,0.8,2.5539,power_D,2,interpolation_D_le_300B,2.568871361487296
N0.41_D0150_Q0.9,0.41,150,0.9,2.5112,power_D,2,interpolation_D_le_300B,2.5607884278949555
N0.41_D0150_Q1.0,0.41,150,1.0,2.4068,power_D,2,interpolation_D_le_300B,2.5537310079793802
N0.70_D0300_Q0.1,0.7,300,0.1,2.6722,power_D,2,interpolation_D_le_300B,2.5831430724567794
N0.70_D0300_Q0.2,0.7,300,0.2,2.6214,power_D,2,interpolation_D_le_300B,2.525288985929113
N0.70_D0300_Q0.3,0.7,300,0.3,2.5759,power_D,2,interpolation_D_le_300B,2.4952683621379994
N0.70_D0300_Q0.4,0.7,300,0.4,2.5792,power_D,2,interpolation_D_le_300B,2.4755148517126013
N0.70_D0300_Q0.6,0.7,300,0.6,2.4842,power_D,2,interpolation_D_le_300B,2.449686934489714
N0.70_D0300_Q0.8,0.7,300,0.8,2.4416,power_D,2,interpolation_D_le_300B,2.432692216602485
N0.70_D0300_Q0.9,0.7,300,0.9,2.4128,power_D,2,interpolation_D_le_300B,2.426034622727144
N0.70_D0300_Q1.0,0.7,300,1.0,2.3149,power_D,2,interpolation_D_le_300B,2.420221704054873
N1.00_D0050_Q0.1,1.0,50,0.1,2.8264,power_D,2,interpolation_D_le_300B,2.8072464811275353
N1.00_D0050_Q0.2,1.0,50,0.2,2.8076,power_D,2,interpolation_D_le_300B,2.7117204891021114
N1.00_D0050_Q0.3,1.0,50,0.3,2.6823,power_D,2,interpolation_D_le_300B,2.6621518234989154
N1.00_D0050_Q0.4,1.0,50,0.4,2.6528,power_D,2,interpolation_D_le_300B,2.6295357406493776
N1.00_D0050_Q0.6,1.0,50,0.6,2.6707,power_D,2,interpolation_D_le_300B,2.586889878226383
N1.00_D0050_Q0.8,1.0,50,0.8,2.4922,power_D,2,interpolation_D_le_300B,2.5588289860265996
N1.00_D0050_Q0.9,1.0,50,0.9,2.5805,power_D,2,interpolation_D_le_300B,2.547836274921564
N1.00_D0050_Q1.0,1.0,50,1.0,2.5615,power_D,2,interpolation_D_le_300B,2.538238252447105
N2.80_D0010_Q0.1,2.8,10,0.1,2.9592,power_D,2,interpolation_D_le_300B,3.091896526409272
N2.80_D0010_Q0.2,2.8,10,0.2,2.8431,power_D,2,interpolation_D_le_300B,2.942015046295051
N2.80_D0010_Q0.3,2.8,10,0.3,2.8867,power_D,2,interpolation_D_le_300B,2.864241187993569
N2.80_D0010_Q0.4,2.8,10,0.4,2.771,power_D,2,interpolation_D_le_300B,2.813066144747583
N2.80_D0010_Q0.6,2.8,10,0.6,2.7064,power_D,2,interpolation_D_le_300B,2.74615425150072
N2.80_D0010_Q0.8,2.8,10,0.8,2.651,power_D,2,interpolation_D_le_300B,2.7021263595411185
N2.80_D0010_Q0.9,2.8,10,0.9,2.6397,power_D,2,interpolation_D_le_300B,2.6848786578846706
N2.80_D0010_Q1.0,2.8,10,1.0,2.484,power_D,2,interpolation_D_le_300B,2.669819240189656
N4.00_D0150_Q0.1,4.0,150,0.1,2.494,power_D,2,interpolation_D_le_300B,2.493164206941898
N4.00_D0150_Q0.2,4.0,150,0.2,2.4505,power_D,2,interpolation_D_le_300B,2.4229240048201266
N4.00_D0150_Q0.3,4.0,150,0.3,2.4411,power_D,2,interpolation_D_le_300B,2.3864761960399954
N4.00_D0150_Q0.4,4.0,150,0.4,2.3929,power_D,2,interpolation_D_le_300B,2.3624936107436056
N4.00_D0150_Q0.6,4.0,150,0.6,2.3873,power_D,2,interpolation_D_le_300B,2.3311361348070965
N4.00_D0150_Q0.8,4.0,150,0.8,2.2679,power_D,2,interpolation_D_le_300B,2.3105029783431945
N4.00_D0150_Q0.9,4.0,150,0.9,2.2339,power_D,2,interpolation_D_le_300B,2.3024200447508543
N4.00_D0150_Q1.0,4.0,150,1.0,2.2102,power_D,2,interpolation_D_le_300B,2.2953626248352794
N6.90_D0300_Q0.1,6.9,300,0.1,2.3408,power_D,2,interpolation_D_le_300B,2.3670928084428065
N6.90_D0300_Q0.2,6.9,300,0.2,2.3195,power_D,2,interpolation_D_le_300B,2.3092387219151407
N6.90_D0300_Q0.3,6.9,300,0.3,2.3002,power_D,2,interpolation_D_le_300B,2.2792180981240264
N6.90_D0300_Q0.4,6.9,300,0.4,2.3167,power_D,2,interpolation_D_le_300B,2.259464587698629
N6.90_D0300_Q0.6,6.9,300,0.6,2.2275,power_D,2,interpolation_D_le_300B,2.2336366704757413
N6.90_D0300_Q0.8,6.9,300,0.8,2.1189,power_D,2,interpolation_D_le_300B,2.216641952588512
N6.90_D0300_Q0.9,6.9,300,0.9,2.1052,power_D,2,interpolation_D_le_300B,2.209984358713171
N6.90_D0300_Q1.0,6.9,300,1.0,2.1363,power_D,2,interpolation_D_le_300B,2.2041714400409
N0.07_D0050_Q0.1,0.07,50,0.1,3.5105,power_D,3,interpolation_D_le_300B,3.3367688295100377
N0.07_D0050_Q0.2,0.07,50,0.2,3.4001,power_D,3,interpolation_D_le_300B,3.2373786544139462
N0.07_D0050_Q0.3,0.07,50,0.3,3.3596,power_D,3,interpolation_D_le_300B,3.1859789708826804
N0.07_D0050_Q0.4,0.07,50,0.4,3.2727,power_D,3,interpolation_D_le_300B,3.152229723404152
N0.07_D0050_Q0.6,0.07,50,0.6,3.0798,power_D,3,interpolation_D_le_300B,3.1081949070583947
N0.07_D0050_Q0.8,0.07,50,0.8,3.1431,power_D,3,interpolation_D_le_300B,3.079281462219371
N0.07_D0050_Q0.9,0.07,50,0.9,3.0628,power_D,3,interpolation_D_le_300B,3.067968835814646
N0.07_D0050_Q1.0,0.07,50,1.0,2.9922,power_D,3,interpolation_D_le_300B,3.0580982015198113
N0.41_D0010_Q0.1,0.41,10,0.1,3.228,power_D,3,interpolation_D_le_300B,3.336564905807707
N0.41_D0010_Q0.2,0.41,10,0.2,3.2291,power_D,3,interpolation_D_le_300B,3.180620473969208
N0.41_D0010_Q0.3,0.41,10,0.3,3.2054,power_D,3,interpolation_D_le_300B,3.0999737255636197
N0.41_D0010_Q0.4,0.41,10,0.4,3.0181,power_D,3,interpolation_D_le_300B,3.0470207327961982
N0.41_D0010_Q0.6,0.41,10,0.6,3.0836,power_D,3,interpolation_D_le_300B,2.977929553416419
N0.41_D0010_Q0.8,0.41,10,0.8,2.9795,power_D,3,interpolation_D_le_300B,2.9325639956683207
N0.41_D0010_Q0.9,0.41,10,0.9,2.8227,power_D,3,interpolation_D_le_300B,2.9148143428924755
N0.41_D0010_Q1.0,0.41,10,1.0,2.9558,power_D,3,interpolation_D_le_300B,2.899327193830655
N0.70_D0150_Q0.1,0.7,150,0.1,2.7893,power_D,3,interpolation_D_le_300B,2.678559204982945
N0.70_D0150_Q0.2,0.7,150,0.2,2.6375,power_D,3,interpolation_D_le_300B,2.6054776714689076
N0.70_D0150_Q0.3,0.7,150,0.3,2.6856,power_D,3,interpolation_D_le_300B,2.5676835163527763
N0.70_D0150_Q0.4,0.7,150,0.4,2.5991,power_D,3,interpolation_D_le_300B,2.5428677158142317
N0.70_D0150_Q0.6,0.7,150,0.6,2.5608,power_D,3,interpolation_D_le_300B,2.5104889429280224
N0.70_D0150_Q0.8,0.7,150,0.8,2.5043,power_D,3,interpolation_D_le_300B,2.489228905042321
N0.70_D0150_Q0.9,0.7,150,0.9,2.4035,power_D,3,interpolation_D_le_300B,2.480910737930437
N0.70_D0150_Q1.0,0.7,150,1.0,2.3542,power_D,3,interpolation_D_le_300B,2.473652866714038
N1.00_D0300_Q0.1,1.0,300,0.1,2.6943,power_D,3,interpolation_D_le_300B,2.5429842482647538
N1.00_D0300_Q0.2,1.0,300,0.2,2.5728,power_D,3,interpolation_D_le_300B,2.482789869037802
N1.00_D0300_Q0.3,1.0,300,0.3,2.4688,power_D,3,interpolation_D_le_300B,2.451660312825279
N1.00_D0300_Q0.4,1.0,300,0.4,2.5249,power_D,3,interpolation_D_le_300B,2.4312205158394833
N1.00_D0300_Q0.6,1.0,300,0.6,2.4469,power_D,3,interpolation_D_le_300B,2.4045513965654406
N1.00_D0300_Q0.8,1.0,300,0.8,2.4239,power_D,3,interpolation_D_le_300B,2.3870403411546306
N1.00_D0300_Q0.9,1.0,300,0.9,2.2509,power_D,3,interpolation_D_le_300B,2.3801889946991035
N1.00_D0300_Q1.0,1.0,300,1.0,2.342,power_D,3,interpolation_D_le_300B,2.3742109721895406
N4.00_D0010_Q0.1,4.0,10,0.1,2.855,power_D,3,interpolation_D_le_300B,3.0781965226636063
N4.00_D0010_Q0.2,4.0,10,0.2,2.872,power_D,3,interpolation_D_le_300B,2.9222520908251073
N4.00_D0010_Q0.3,4.0,10,0.3,2.8016,power_D,3,interpolation_D_le_300B,2.841605342419519
N4.00_D0010_Q0.4,4.0,10,0.4,2.6993,power_D,3,interpolation_D_le_300B,2.7886523496520974
N4.00_D0010_Q0.6,4.0,10,0.6,2.631,power_D,3,interpolation_D_le_300B,2.7195611702723186
N4.00_D0010_Q0.8,4.0,10,0.8,2.6463,power_D,3,interpolation_D_le_300B,2.67419561252422
N4.00_D0010_Q0.9,4.0,10,0.9,2.6487,power_D,3,interpolation_D_le_300B,2.6564459597483747
N4.00_D0010_Q1.0,4.0,10,1.0,2.4852,power_D,3,interpolation_D_le_300B,2.6409588106865547
N6.90_D0150_Q0.1,6.9,150,0.1,2.3272,power_D,3,interpolation_D_le_300B,2.462508940968972
N6.90_D0150_Q0.2,6.9,150,0.2,2.3658,power_D,3,interpolation_D_le_300B,2.3894274074549346
N6.90_D0150_Q0.3,6.9,150,0.3,2.3708,power_D,3,interpolation_D_le_300B,2.3516332523388037
N6.90_D0150_Q0.4,6.9,150,0.4,2.3438,power_D,3,interpolation_D_le_300B,2.3268174518002587
N6.90_D0150_Q0.6,6.9,150,0.6,2.2064,power_D,3,interpolation_D_le_300B,2.2944386789140494
N6.90_D0150_Q0.8,6.9,150,0.8,2.2296,power_D,3,interpolation_D_le_300B,2.273178641028348
N6.90_D0150_Q0.9,6.9,150,0.9,2.2482,power_D,3,interpolation_D_le_300B,2.264860473916464
N6.90_D0150_Q1.0,6.9,150,1.0,2.1506,power_D,3,interpolation_D_le_300B,2.257602602700065
N11.97_D0050_Q0.1,11.97,50,0.1,2.4506,power_D,3,interpolation_D_le_300B,2.61476606614032
N11.97_D0050_Q0.2,11.97,50,0.2,2.4199,power_D,3,interpolation_D_le_300B,2.5153758910442283
N11.97_D0050_Q0.3,11.97,50,0.3,2.4152,power_D,3,interpolation_D_le_300B,2.463976207512963
N11.97_D0050_Q0.4,11.97,50,0.4,2.3833,power_D,3,interpolation_D_le_300B,2.430226960034434
N11.97_D0050_Q0.6,11.97,50,0.6,2.3437,power_D,3,interpolation_D_le_300B,2.386192143688677
N11.97_D0050_Q0.8,11.97,50,0.8,2.2204,power_D,3,interpolation_D_le_300B,2.3572786988496532
N11.97_D0050_Q0.9,11.97,50,0.9,2.296,power_D,3,interpolation_D_le_300B,2.345966072444928
N11.97_D0050_Q1.0,11.97,50,1.0,2.3439,power_D,3,interpolation_D_le_300B,2.3360954381500934
N0.07_D0300_Q0.1,0.07,300,0.1,3.2863,power_D,4,interpolation_D_le_300B,3.06528648744605
N0.07_D0300_Q0.2,0.07,300,0.2,3.1355,power_D,4,interpolation_D_le_300B,3.004353076515648
N0.07_D0300_Q0.3,0.07,300,0.3,3.1588,power_D,4,interpolation_D_le_300B,2.9728745247642294
N0.07_D0300_Q0.4,0.07,300,0.4,3.2809,power_D,4,interpolation_D_le_300B,2.9522192296521825
N0.07_D0300_Q0.6,0.07,300,0.6,3.0098,power_D,4,interpolation_D_le_300B,2.925286583482635
N0.07_D0300_Q0.8,0.07,300,0.8,2.8391,power_D,4,interpolation_D_le_300B,2.907614177230487
N0.07_D0300_Q0.9,0.07,300,0.9,2.858,power_D,4,interpolation_D_le_300B,2.9007023783724506
N0.07_D0300_Q1.0,0.07,300,1.0,2.837,power_D,4,interpolation_D_le_300B,2.8946728869684897
N0.16_D0050_Q0.1,0.16,50,0.1,3.2175,power_D,4,interpolation_D_le_300B,3.125841707100155
N0.16_D0050_Q0.2,0.16,50,0.2,3.1458,power_D,4,interpolation_D_le_300B,3.025231277034234
N0.16_D0050_Q0.3,0.16,50,0.3,3.0796,power_D,4,interpolation_D_le_300B,2.9732553482095696
N0.16_D0050_Q0.4,0.16,50,0.4,3.002,power_D,4,interpolation_D_le_300B,2.9391502801913814
N0.16_D0050_Q0.6,0.16,50,0.6,2.8375,power_D,4,interpolation_D_le_300B,2.8946803404234194
N0.16_D0050_Q0.8,0.16,50,0.8,2.894,power_D,4,interpolation_D_le_300B,2.865500480537368
N0.16_D0050_Q0.9,0.16,50,0.9,2.6326,power_D,4,interpolation_D_le_300B,2.8540880379214375
N0.16_D0050_Q1.0,0.16,50,1.0,2.793,power_D,4,interpolation_D_le_300B,2.8441324205685174
N0.70_D0010_Q0.1,0.7,10,0.1,3.1919,power_D,4,interpolation_D_le_300B,3.2618564236280934
N0.70_D0010_Q0.2,0.7,10,0.2,3.1552,power_D,4,interpolation_D_le_300B,3.103997396430604
N0.70_D0010_Q0.3,0.7,10,0.3,3.0155,power_D,4,interpolation_D_le_300B,3.022446511929151
N0.70_D0010_Q0.4,0.7,10,0.4,3.0148,power_D,4,interpolation_D_le_300B,2.9689352322702938
N0.70_D0010_Q0.6,0.7,10,0.6,2.9615,power_D,4,interpolation_D_le_300B,2.8991613387813007
N0.70_D0010_Q0.8,0.7,10,0.8,2.8692,power_D,4,interpolation_D_le_300B,2.8533777724815343
N0.70_D0010_Q0.9,0.7,10,0.9,2.7928,power_D,4,interpolation_D_le_300B,2.835471506817849
N0.70_D0010_Q1.0,0.7,10,1.0,2.8304,power_D,4,interpolation_D_le_300B,2.8198510182715557
N1.00_D0150_Q0.1,1.0,150,0.1,2.6482,power_D,4,interpolation_D_le_300B,2.6353847625466695
N1.00_D0150_Q0.2,1.0,150,0.2,2.6343,power_D,4,interpolation_D_le_300B,2.56140597631739
N1.00_D0150_Q0.3,1.0,150,0.3,2.6133,power_D,4,interpolation_D_le_300B,2.5231881083978447
N1.00_D0150_Q0.4,1.0,150,0.4,2.5016,power_D,4,interpolation_D_le_300B,2.498110673239289
N1.00_D0150_Q0.6,1.0,150,0.6,2.5859,power_D,4,interpolation_D_le_300B,2.465411954373189
N1.00_D0150_Q0.8,1.0,150,0.8,2.3211,power_D,4,interpolation_D_le_300B,2.4439560216702265
N1.00_D0150_Q0.9,1.0,150,0.9,2.3833,power_D,4,interpolation_D_le_300B,2.435564459760744
N1.00_D0150_Q1.0,1.0,150,1.0,2.334,power_D,4,interpolation_D_le_300B,2.4282441005549478
N2.80_D0050_Q0.1,2.8,50,0.1,2.5785,power_D,4,interpolation_D_le_300B,2.715251889714517
N2.80_D0050_Q0.2,2.8,50,0.2,2.4874,power_D,4,interpolation_D_le_300B,2.614641459648596
N2.80_D0050_Q0.3,2.8,50,0.3,2.5971,power_D,4,interpolation_D_le_300B,2.5626655308239314
N2.80_D0050_Q0.4,2.8,50,0.4,2.5963,power_D,4,interpolation_D_le_300B,2.528560462805743
N2.80_D0050_Q0.6,2.8,50,0.6,2.5446,power_D,4,interpolation_D_le_300B,2.484090523037781
N2.80_D0050_Q0.8,2.8,50,0.8,2.3227,power_D,4,interpolation_D_le_300B,2.45491066315173
N2.80_D0050_Q0.9,2.8,50,0.9,2.3871,power_D,4,interpolation_D_le_300B,2.4434982205357993
N2.80_D0050_Q1.0,2.8,50,1.0,2.2984,power_D,4,interpolation_D_le_300B,2.4335426031828793
N6.90_D0010_Q0.1,6.9,10,0.1,2.7585,power_D,4,interpolation_D_le_300B,3.0458061596141204
N6.90_D0010_Q0.2,6.9,10,0.2,2.6605,power_D,4,interpolation_D_le_300B,2.887947132416631
N6.90_D0010_Q0.3,6.9,10,0.3,2.72,power_D,4,interpolation_D_le_300B,2.806396247915178
N6.90_D0010_Q0.4,6.9,10,0.4,2.6823,power_D,4,interpolation_D_le_300B,2.752884968256321
N6.90_D0010_Q0.6,6.9,10,0.6,2.5269,power_D,4,interpolation_D_le_300B,2.6831110747673277
N6.90_D0010_Q0.8,6.9,10,0.8,2.5341,power_D,4,interpolation_D_le_300B,2.6373275084675614
N6.90_D0010_Q0.9,6.9,10,0.9,2.5395,power_D,4,interpolation_D_le_300B,2.619421242803876
N6.90_D0010_Q1.0,6.9,10,1.0,2.4679,power_D,4,interpolation_D_le_300B,2.6038007542575823
N11.97_D0300_Q0.1,11.97,300,0.1,2.2899,power_D,4,interpolation_D_le_300B,2.343283724076332
N11.97_D0300_Q0.2,11.97,300,0.2,2.2886,power_D,4,interpolation_D_le_300B,2.2823503131459297
N11.97_D0300_Q0.3,11.97,300,0.3,2.2767,power_D,4,interpolation_D_le_300B,2.250871761394511
N11.97_D0300_Q0.4,11.97,300,0.4,2.2501,power_D,4,interpolation_D_le_300B,2.230216466282464
N11.97_D0300_Q0.6,11.97,300,0.6,2.1351,power_D,4,interpolation_D_le_300B,2.2032838201129166
N11.97_D0300_Q0.8,11.97,300,0.8,2.1274,power_D,4,interpolation_D_le_300B,2.1856114138607685
N11.97_D0300_Q0.9,11.97,300,0.9,2.2077,power_D,4,interpolation_D_le_300B,2.1786996150027322
N11.97_D0300_Q1.0,11.97,300,1.0,2.0939,power_D,4,interpolation_D_le_300B,2.1726701235987713
N0.07_D0150_Q0.1,0.07,150,0.1,3.384,power_D,5,interpolation_D_le_300B,3.146937279025448
N0.07_D0150_Q0.2,0.07,150,0.2,3.2214,power_D,5,interpolation_D_le_300B,3.0747880238732814
N0.07_D0150_Q0.3,0.07,150,0.3,3.3529,power_D,5,interpolation_D_le_300B,3.037434851377647
N0.07_D0150_Q0.4,0.07,150,0.4,3.1687,power_D,5,interpolation_D_le_300B,3.0128916472298015
N0.07_D0150_Q0.6,0.07,150,0.6,3.1017,power_D,5,interpolation_D_le_300B,2.980846603538879
N0.07_D0150_Q0.8,0.07,150,0.8,3.0179,power_D,5,interpolation_D_le_300B,2.9597911483610133
N0.07_D0150_Q0.9,0.07,150,0.9,2.7658,power_D,5,interpolation_D_le_300B,2.951549688715722
N0.07_D0150_Q1.0,0.07,150,1.0,2.9653,power_D,5,interpolation_D_le_300B,2.944357153542308
N0.16_D0300_Q0.1,0.16,300,0.1,2.9719,power_D,5,interpolation_D_le_300B,2.843215510498396
N0.16_D0300_Q0.2,0.16,300,0.2,2.9407,power_D,5,interpolation_D_le_300B,2.7837890122197657
N0.16_D0300_Q0.3,0.16,300,0.3,2.956,power_D,5,interpolation_D_le_300B,2.7530226760139156
N0.16_D0300_Q0.4,0.16,300,0.4,2.8482,power_D,5,interpolation_D_le_300B,2.7328074059329164
N0.16_D0300_Q0.6,0.16,300,0.6,2.8081,power_D,5,interpolation_D_le_300B,2.706413166245744
N0.16_D0300_Q0.8,0.16,300,0.8,2.6978,power_D,5,interpolation_D_le_300B,2.689070617549375
N0.16_D0300_Q0.9,0.16,300,0.9,2.6348,power_D,5,interpolation_D_le_300B,2.6822824520112643
N0.16_D0300_Q1.0,0.16,300,1.0,2.6071,power_D,5,interpolation_D_le_300B,2.6763582442256064
N0.41_D0050_Q0.1,0.41,50,0.1,2.976,power_D,5,interpolation_D_le_300B,2.9348106619550567
N0.41_D0050_Q0.2,0.41,50,0.2,2.9489,power_D,5,interpolation_D_le_300B,2.8366883763676998
N0.41_D0050_Q0.3,0.41,50,0.3,2.9676,power_D,5,interpolation_D_le_300B,2.785888424913171
N0.41_D0050_Q0.4,0.41,50,0.4,2.8049,power_D,5,interpolation_D_le_300B,2.7525099058758697
N0.41_D0050_Q0.6,0.41,50,0.6,2.6958,power_D,5,interpolation_D_le_300B,2.708928957991259
N0.41_D0050_Q0.8,0.41,50,0.8,2.6518,power_D,5,interpolation_D_le_300B,2.6802937436459824
N0.41_D0050_Q0.9,0.41,50,0.9,2.6355,power_D,5,interpolation_D_le_300B,2.6690854386500904
N0.41_D0050_Q1.0,0.41,50,1.0,2.6047,power_D,5,interpolation_D_le_300B,2.659303660738532
N1.00_D0010_Q0.1,1.0,10,0.1,3.0483,power_D,5,interpolation_D_le_300B,3.202367332193922
N1.00_D0010_Q0.2,1.0,10,0.2,2.968,power_D,5,interpolation_D_le_300B,3.048412234903656
N1.00_D0010_Q0.3,1.0,10,0.3,2.8948,power_D,5,interpolation_D_le_300B,2.968706473651693
N1.00_D0010_Q0.4,1.0,10,0.4,2.8223,power_D,5,interpolation_D_le_300B,2.916335158460327
N1.00_D0010_Q0.6,1.0,10,0.6,2.8442,power_D,5,interpolation_D_le_300B,2.8479561043910673
N1.00_D0010_Q0.8,1.0,10,0.8,2.7546,power_D,5,interpolation_D_le_300B,2.803027093778796
N1.00_D0010_Q0.9,1.0,10,0.9,2.7505,power_D,5,interpolation_D_le_300B,2.785441122602398
N1.00_D0010_Q1.0,1.0,10,1.0,2.6827,power_D,5,interpolation_D_le_300B,2.770093390320876
N2.80_D0300_Q0.1,2.8,300,0.1,2.446,power_D,5,interpolation_D_le_300B,2.4326256931127577
N2.80_D0300_Q0.2,2.8,300,0.2,2.3643,power_D,5,interpolation_D_le_300B,2.3731991948341276
N2.80_D0300_Q0.3,2.8,300,0.3,2.3988,power_D,5,interpolation_D_le_300B,2.3424328586282774
N2.80_D0300_Q0.4,2.8,300,0.4,2.3719,power_D,5,interpolation_D_le_300B,2.322217588547278
N2.80_D0300_Q0.6,2.8,300,0.6,2.3342,power_D,5,interpolation_D_le_300B,2.2958233488601056
N2.80_D0300_Q0.8,2.8,300,0.8,2.2389,power_D,5,interpolation_D_le_300B,2.2784808001637367
N2.80_D0300_Q0.9,2.8,300,0.9,2.2601,power_D,5,interpolation_D_le_300B,2.271692634625626
N2.80_D0300_Q1.0,2.8,300,1.0,2.1271,power_D,5,interpolation_D_le_300B,2.2657684268399683
N4.00_D0050_Q0.1,4.0,50,0.1,2.5657,power_D,5,interpolation_D_le_300B,2.676442278810956
N4.00_D0050_Q0.2,4.0,50,0.2,2.6024,power_D,5,interpolation_D_le_300B,2.578319993223599
N4.00_D0050_Q0.3,4.0,50,0.3,2.5078,power_D,5,interpolation_D_le_300B,2.52752004176907
N4.00_D0050_Q0.4,4.0,50,0.4,2.5793,power_D,5,interpolation_D_le_300B,2.494141522731769
N4.00_D0050_Q0.6,4.0,50,0.6,2.4706,power_D,5,interpolation_D_le_300B,2.450560574847158
N4.00_D0050_Q0.8,4.0,50,0.8,2.4391,power_D,5,interpolation_D_le_300B,2.4219253605018816
N4.00_D0050_Q0.9,4.0,50,0.9,2.3223,power_D,5,interpolation_D_le_300B,2.4107170555059896
N4.00_D0050_Q1.0,4.0,50,1.0,2.4105,power_D,5,interpolation_D_le_300B,2.400935277594431
N11.97_D0150_Q0.1,11.97,150,0.1,2.4214,power_D,5,interpolation_D_le_300B,2.4249345156557296
N11.97_D0150_Q0.2,11.97,150,0.2,2.3485,power_D,5,interpolation_D_le_300B,2.352785260503563
N11.97_D0150_Q0.3,11.97,150,0.3,2.3316,power_D,5,interpolation_D_le_300B,2.3154320880079284
N11.97_D0150_Q0.4,11.97,150,0.4,2.2453,power_D,5,interpolation_D_le_300B,2.290888883860083
N11.97_D0150_Q0.6,11.97,150,0.6,2.2154,power_D,5,interpolation_D_le_300B,2.2588438401691606
N11.97_D0150_Q0.8,11.97,150,0.8,2.2885,power_D,5,interpolation_D_le_300B,2.237788384991295
N11.97_D0150_Q0.9,11.97,150,0.9,2.1844,power_D,5,interpolation_D_le_300B,2.229546925346004
N11.97_D0150_Q1.0,11.97,150,1.0,2.2045,power_D,5,interpolation_D_le_300B,2.2223543901725895
N0.07_D0010_Q0.1,0.07,10,0.1,3.7216,linear_D,1,interpolation_D_le_300B,3.6490286595078736
N0.07_D0010_Q0.2,0.07,10,0.2,3.6004,linear_D,1,interpolation_D_le_300B,3.605992924335866
N0.07_D0010_Q0.3,0.07,10,0.3,3.6507,linear_D,1,interpolation_D_le_300B,3.5629571891638587
N0.07_D0010_Q0.4,0.07,10,0.4,3.5704,linear_D,1,interpolation_D_le_300B,3.519921453991851
N0.07_D0010_Q0.6,0.07,10,0.6,3.5458,linear_D,1,interpolation_D_le_300B,3.4338499836478356
N0.07_D0010_Q0.8,0.07,10,0.8,3.353,linear_D,1,interpolation_D_le_300B,3.3477785133038207
N0.07_D0010_Q0.9,0.07,10,0.9,3.2211,linear_D,1,interpolation_D_le_300B,3.304742778131813
N0.07_D0010_Q1.0,0.07,10,1.0,3.1125,linear_D,1,interpolation_D_le_300B,3.261707042959805
N0.16_D0150_Q0.1,0.16,150,0.1,3.1249,linear_D,1,interpolation_D_le_300B,2.883056854588928
N0.16_D0150_Q0.2,0.16,150,0.2,2.9746,linear_D,1,interpolation_D_le_300B,2.862888660795824
N0.16_D0150_Q0.3,0.16,150,0.3,3.0125,linear_D,1,interpolation_D_le_300B,2.8427204670027204
N0.16_D0150_Q0.4,0.16,150,0.4,2.9738,linear_D,1,interpolation_D_le_300B,2.8225522732096167
N0.16_D0150_Q0.6,0.16,150,0.6,2.8802,linear_D,1,interpolation_D_le_300B,2.7822158856234087
N0.16_D0150_Q0.8,0.16,150,0.8,2.725,linear_D,1,interpolation_D_le_300B,2.741879498037201
N0.16_D0150_Q0.9,0.16,150,0.9,2.7204,linear_D,1,interpolation_D_le_300B,2.7217113042440975
N0.16_D0150_Q1.0,0.16,150,1.0,2.6657,linear_D,1,interpolation_D_le_300B,2.7015431104509933
N0.41_D0300_Q0.1,0.41,300,0.1,2.8085,linear_D,1,interpolation_D_le_300B,2.616535802170141
N0.41_D0300_Q0.2,0.41,300,0.2,2.7682,linear_D,1,interpolation_D_le_300B,2.599924055712035
N0.41_D0300_Q0.3,0.41,300,0.3,2.6832,linear_D,1,interpolation_D_le_300B,2.5833123092539294
N0.41_D0300_Q0.4,0.41,300,0.4,2.7891,linear_D,1,interpolation_D_le_300B,2.5667005627958237
N0.41_D0300_Q0.6,0.41,300,0.6,2.5211,linear_D,1,interpolation_D_le_300B,2.5334770698796123
N0.41_D0300_Q0.8,0.41,300,0.8,2.549,linear_D,1,interpolation_D_le_300B,2.500253576963401
N0.41_D0300_Q0.9,0.41,300,0.9,2.432,linear_D,1,interpolation_D_le_300B,2.483641830505295
N0.41_D0300_Q1.0,0.41,300,1.0,2.3791,linear_D,1,interpolation_D_le_300B,2.46703008404719
N0.70_D0050_Q0.1,0.7,50,0.1,2.8444,linear_D,1,interpolation_D_le_300B,2.7978361504293003
N0.70_D0050_Q0.2,0.7,50,0.2,2.8069,linear_D,1,interpolation_D_le_300B,2.770407602941535
N0.70_D0050_Q0.3,0.7,50,0.3,2.7973,linear_D,1,interpolation_D_le_300B,2.7429790554537696
N0.70_D0050_Q0.4,0.7,50,0.4,2.7324,linear_D,1,interpolation_D_le_300B,2.7155505079660043
N0.70_D0050_Q0.6,0.7,50,0.6,2.6134,linear_D,1,interpolation_D_le_300B,2.6606934129904736
N0.70_D0050_Q0.8,0.7,50,0.8,2.6409,linear_D,1,interpolation_D_le_300B,2.605836318014943
N0.70_D0050_Q0.9,0.7,50,0.9,2.5496,linear_D,1,interpolation_D_le_300B,2.5784077705271775
N0.70_D0050_Q1.0,0.7,50,1.0,2.5581,linear_D,1,interpolation_D_le_300B,2.550979223039412
N2.80_D0150_Q0.1,2.8,150,0.1,2.4446,linear_D,1,interpolation_D_le_300B,2.47246703720329
N2.80_D0150_Q0.2,2.8,150,0.2,2.4506,linear_D,1,interpolation_D_le_300B,2.452298843410186
N2.80_D0150_Q0.3,2.8,150,0.3,2.3889,linear_D,1,interpolation_D_le_300B,2.4321306496170823
N2.80_D0150_Q0.4,2.8,150,0.4,2.5101,linear_D,1,interpolation_D_le_300B,2.4119624558239785
N2.80_D0150_Q0.6,2.8,150,0.6,2.2938,linear_D,1,interpolation_D_le_300B,2.371626068237771
N2.80_D0150_Q0.8,2.8,150,0.8,2.2577,linear_D,1,interpolation_D_le_300B,2.331289680651563
N2.80_D0150_Q0.9,2.8,150,0.9,2.2652,linear_D,1,interpolation_D_le_300B,2.3111214868584593
N2.80_D0150_Q1.0,2.8,150,1.0,2.2464,linear_D,1,interpolation_D_le_300B,2.2909532930653556
N4.00_D0300_Q0.1,4.0,300,0.1,2.4125,linear_D,1,interpolation_D_le_300B,2.3581674190260395
N4.00_D0300_Q0.2,4.0,300,0.2,2.3793,linear_D,1,interpolation_D_le_300B,2.341555672567934
N4.00_D0300_Q0.3,4.0,300,0.3,2.2697,linear_D,1,interpolation_D_le_300B,2.324943926109828
N4.00_D0300_Q0.4,4.0,300,0.4,2.3711,linear_D,1,interpolation_D_le_300B,2.3083321796517224
N4.00_D0300_Q0.6,4.0,300,0.6,2.2294,linear_D,1,interpolation_D_le_300B,2.2751086867355115
N4.00_D0300_Q0.8,4.0,300,0.8,2.1962,linear_D,1,interpolation_D_le_300B,2.2418851938193
N4.00_D0300_Q0.9,4.0,300,0.9,2.1753,linear_D,1,interpolation_D_le_300B,2.2252734473611944
N4.00_D0300_Q1.0,4.0,300,1.0,2.1975,linear_D,1,interpolation_D_le_300B,2.2086617009030887
N6.90_D0050_Q0.1,6.9,50,0.1,2.5548,linear_D,1,interpolation_D_le_300B,2.5817858864153274
N6.90_D0050_Q0.2,6.9,50,0.2,2.4799,linear_D,1,interpolation_D_le_300B,2.554357338927562
N6.90_D0050_Q0.3,6.9,50,0.3,2.4833,linear_D,1,interpolation_D_le_300B,2.5269287914397967
N6.90_D0050_Q0.4,6.9,50,0.4,2.4979,linear_D,1,interpolation_D_le_300B,2.4995002439520313
N6.90_D0050_Q0.6,6.9,50,0.6,2.4093,linear_D,1,interpolation_D_le_300B,2.4446431489765006
N6.90_D0050_Q0.8,6.9,50,0.8,2.2784,linear_D,1,interpolation_D_le_300B,2.3897860540009694
N6.90_D0050_Q0.9,6.9,50,0.9,2.347,linear_D,1,interpolation_D_le_300B,2.362357506513204
N6.90_D0050_Q1.0,6.9,50,1.0,2.2632,linear_D,1,interpolation_D_le_300B,2.3349289590254387
N11.97_D0010_Q0.1,11.97,10,0.1,2.77,linear_D,1,interpolation_D_le_300B,2.9270258961381557
N11.97_D0010_Q0.2,11.97,10,0.2,2.6684,linear_D,1,interpolation_D_le_300B,2.8839901609661482
N11.97_D0010_Q0.3,11.97,10,0.3,2.6888,linear_D,1,interpolation_D_le_300B,2.8409544257941404
N11.97_D0010_Q0.4,11.97,10,0.4,2.7027,linear_D,1,interpolation_D_le_300B,2.797918690622133
N11.97_D0010_Q0.6,11.97,10,0.6,2.6784,linear_D,1,interpolation_D_le_300B,2.7118472202781176
N11.97_D0010_Q0.8,11.97,10,0.8,2.6185,linear_D,1,interpolation_D_le_300B,2.6257757499341023
N11.97_D0010_Q0.9,11.97,10,0.9,2.4891,linear_D,1,interpolation_D_le_300B,2.582740014762095
N11.97_D0010_Q1.0,11.97,10,1.0,2.4184,linear_D,1,interpolation_D_le_300B,2.539704279590087
N0.16_D0010_Q0.1,0.16,10,0.1,3.4765,linear_D,2,interpolation_D_le_300B,3.430791436100157
N0.16_D0010_Q0.2,0.16,10,0.2,3.4324,linear_D,2,interpolation_D_le_300B,3.3882308430126864
N0.16_D0010_Q0.3,0.16,10,0.3,3.46,linear_D,2,interpolation_D_le_300B,3.3456702499252153
N0.16_D0010_Q0.4,0.16,10,0.4,3.2484,linear_D,2,interpolation_D_le_300B,3.3031096568377443
N0.16_D0010_Q0.6,0.16,10,0.6,3.269,linear_D,2,interpolation_D_le_300B,3.2179884706628017
N0.16_D0010_Q0.8,0.16,10,0.8,3.2072,linear_D,2,interpolation_D_le_300B,3.1328672844878596
N0.16_D0010_Q0.9,0.16,10,0.9,3.0024,linear_D,2,interpolation_D_le_300B,3.0903066914003885
N0.16_D0010_Q1.0,0.16,10,1.0,3.0121,linear_D,2,interpolation_D_le_300B,3.047746098312917
N0.41_D0150_Q0.1,0.41,150,0.1,2.8727,linear_D,2,interpolation_D_le_300B,2.7005777648438674
N0.41_D0150_Q0.2,0.41,150,0.2,2.8815,linear_D,2,interpolation_D_le_300B,2.6806322408297714
N0.41_D0150_Q0.3,0.41,150,0.3,2.7186,linear_D,2,interpolation_D_le_300B,2.6606867168156754
N0.41_D0150_Q0.4,0.41,150,0.4,2.6566,linear_D,2,interpolation_D_le_300B,2.6407411928015794
N0.41_D0150_Q0.6,0.41,150,0.6,2.6516,linear_D,2,interpolation_D_le_300B,2.6008501447733874
N0.41_D0150_Q0.8,0.41,150,0.8,2.5539,linear_D,2,interpolation_D_le_300B,2.5609590967451954
N0.41_D0150_Q0.9,0.41,150,0.9,2.5112,linear_D,2,interpolation_D_le_300B,2.5410135727310994
N0.41_D0150_Q1.0,0.41,150,1.0,2.4068,linear_D,2,interpolation_D_le_300B,2.5210680487170034
N0.70_D0300_Q0.1,0.7,300,0.1,2.6722,linear_D,2,interpolation_D_le_300B,2.5354138240155852
N0.70_D0300_Q0.2,0.7,300,0.2,2.6214,linear_D,2,interpolation_D_le_300B,2.5189854818796866
N0.70_D0300_Q0.3,0.7,300,0.3,2.5759,linear_D,2,interpolation_D_le_300B,2.5025571397437876
N0.70_D0300_Q0.4,0.7,300,0.4,2.5792,linear_D,2,interpolation_D_le_300B,2.486128797607889
N0.70_D0300_Q0.6,0.7,300,0.6,2.4842,linear_D,2,interpolation_D_le_300B,2.4532721133360913
N0.70_D0300_Q0.8,0.7,300,0.8,2.4416,linear_D,2,interpolation_D_le_300B,2.4204154290642936
N0.70_D0300_Q0.9,0.7,300,0.9,2.4128,linear_D,2,interpolation_D_le_300B,2.403987086928395
N0.70_D0300_Q1.0,0.7,300,1.0,2.3149,linear_D,2,interpolation_D_le_300B,2.3875587447924964
N1.00_D0050_Q0.1,1.0,50,0.1,2.8264,linear_D,2,interpolation_D_le_300B,2.7497067619622912
N1.00_D0050_Q0.2,1.0,50,0.2,2.8076,linear_D,2,interpolation_D_le_300B,2.7225810432092286
N1.00_D0050_Q0.3,1.0,50,0.3,2.6823,linear_D,2,interpolation_D_le_300B,2.695455324456166
N1.00_D0050_Q0.4,1.0,50,0.4,2.6528,linear_D,2,interpolation_D_le_300B,2.6683296057031036
N1.00_D0050_Q0.6,1.0,50,0.6,2.6707,linear_D,2,interpolation_D_le_300B,2.6140781681969782
N1.00_D0050_Q0.8,1.0,50,0.8,2.4922,linear_D,2,interpolation_D_le_300B,2.5598267306908533
N1.00_D0050_Q0.9,1.0,50,0.9,2.5805,linear_D,2,interpolation_D_le_300B,2.5327010119377906
N1.00_D0050_Q1.0,1.0,50,1.0,2.5615,linear_D,2,interpolation_D_le_300B,2.5055752931847284
N2.80_D0010_Q0.1,2.8,10,0.1,2.9592,linear_D,2,interpolation_D_le_300B,3.0202016187145193
N2.80_D0010_Q0.2,2.8,10,0.2,2.8431,linear_D,2,interpolation_D_le_300B,2.9776410256270482
N2.80_D0010_Q0.3,2.8,10,0.3,2.8867,linear_D,2,interpolation_D_le_300B,2.935080432539577
N2.80_D0010_Q0.4,2.8,10,0.4,2.771,linear_D,2,interpolation_D_le_300B,2.892519839452106
N2.80_D0010_Q0.6,2.8,10,0.6,2.7064,linear_D,2,interpolation_D_le_300B,2.807398653277164
N2.80_D0010_Q0.8,2.8,10,0.8,2.651,linear_D,2,interpolation_D_le_300B,2.722277467102222
N2.80_D0010_Q0.9,2.8,10,0.9,2.6397,linear_D,2,interpolation_D_le_300B,2.6797168740147503
N2.80_D0010_Q1.0,2.8,10,1.0,2.484,linear_D,2,interpolation_D_le_300B,2.6371562809272793
N4.00_D0150_Q0.1,4.0,150,0.1,2.494,linear_D,2,interpolation_D_le_300B,2.442209381699766
N4.00_D0150_Q0.2,4.0,150,0.2,2.4505,linear_D,2,interpolation_D_le_300B,2.4222638576856705
N4.00_D0150_Q0.3,4.0,150,0.3,2.4411,linear_D,2,interpolation_D_le_300B,2.4023183336715745
N4.00_D0150_Q0.4,4.0,150,0.4,2.3929,linear_D,2,interpolation_D_le_300B,2.3823728096574786
N4.00_D0150_Q0.6,4.0,150,0.6,2.3873,linear_D,2,interpolation_D_le_300B,2.3424817616292866
N4.00_D0150_Q0.8,4.0,150,0.8,2.2679,linear_D,2,interpolation_D_le_300B,2.3025907136010946
N4.00_D0150_Q0.9,4.0,150,0.9,2.2339,linear_D,2,interpolation_D_le_300B,2.2826451895869986
N4.00_D0150_Q1.0,4.0,150,1.0,2.2102,linear_D,2,interpolation_D_le_300B,2.2626996655729026
N6.90_D0300_Q0.1,6.9,300,0.1,2.3408,linear_D,2,interpolation_D_le_300B,2.3193635600016123
N6.90_D0300_Q0.2,6.9,300,0.2,2.3195,linear_D,2,interpolation_D_le_300B,2.302935217865713
N6.90_D0300_Q0.3,6.9,300,0.3,2.3002,linear_D,2,interpolation_D_le_300B,2.2865068757298146
N6.90_D0300_Q0.4,6.9,300,0.4,2.3167,linear_D,2,interpolation_D_le_300B,2.2700785335939155
N6.90_D0300_Q0.6,6.9,300,0.6,2.2275,linear_D,2,interpolation_D_le_300B,2.2372218493221183
N6.90_D0300_Q0.8,6.9,300,0.8,2.1189,linear_D,2,interpolation_D_le_300B,2.2043651650503207
N6.90_D0300_Q0.9,6.9,300,0.9,2.1052,linear_D,2,interpolation_D_le_300B,2.1879368229144216
N6.90_D0300_Q1.0,6.9,300,1.0,2.1363,linear_D,2,interpolation_D_le_300B,2.171508480778523
N0.07_D0050_Q0.1,0.07,50,0.1,3.5105,linear_D,3,interpolation_D_le_300B,3.277992079746156
N0.07_D0050_Q0.2,0.07,50,0.2,3.4001,linear_D,3,interpolation_D_le_300B,3.249762817625056
N0.07_D0050_Q0.3,0.07,50,0.3,3.3596,linear_D,3,interpolation_D_le_300B,3.221533555503956
N0.07_D0050_Q0.4,0.07,50,0.4,3.2727,linear_D,3,interpolation_D_le_300B,3.193304293382856
N0.07_D0050_Q0.6,0.07,50,0.6,3.0798,linear_D,3,interpolation_D_le_300B,3.136845769140656
N0.07_D0050_Q0.8,0.07,50,0.8,3.1431,linear_D,3,interpolation_D_le_300B,3.080387244898456
N0.07_D0050_Q0.9,0.07,50,0.9,3.0628,linear_D,3,interpolation_D_le_300B,3.0521579827773566
N0.07_D0050_Q1.0,0.07,50,1.0,2.9922,linear_D,3,interpolation_D_le_300B,3.0239287206562566
N0.41_D0010_Q0.1,0.41,10,0.1,3.228,linear_D,3,interpolation_D_le_300B,3.26378631127624
N0.41_D0010_Q0.2,0.41,10,0.2,3.2291,linear_D,3,interpolation_D_le_300B,3.2194942447974464
N0.41_D0010_Q0.3,0.41,10,0.3,3.2054,linear_D,3,interpolation_D_le_300B,3.1752021783186533
N0.41_D0010_Q0.4,0.41,10,0.4,3.0181,linear_D,3,interpolation_D_le_300B,3.13091011183986
N0.41_D0010_Q0.6,0.41,10,0.6,3.0836,linear_D,3,interpolation_D_le_300B,3.0423259788822734
N0.41_D0010_Q0.8,0.41,10,0.8,2.9795,linear_D,3,interpolation_D_le_300B,2.9537418459246867
N0.41_D0010_Q0.9,0.41,10,0.9,2.8227,linear_D,3,interpolation_D_le_300B,2.9094497794458936
N0.41_D0010_Q1.0,0.41,10,1.0,2.9558,linear_D,3,interpolation_D_le_300B,2.8651577129671004
N0.70_D0150_Q0.1,0.7,150,0.1,2.7893,linear_D,3,interpolation_D_le_300B,2.6262960147050585
N0.70_D0150_Q0.2,0.7,150,0.2,2.6375,linear_D,3,interpolation_D_le_300B,2.605539055943439
N0.70_D0150_Q0.3,0.7,150,0.3,2.6856,linear_D,3,interpolation_D_le_300B,2.5847820971818196
N0.70_D0150_Q0.4,0.7,150,0.4,2.5991,linear_D,3,interpolation_D_le_300B,2.5640251384202
N0.70_D0150_Q0.6,0.7,150,0.6,2.5608,linear_D,3,interpolation_D_le_300B,2.522511220896961
N0.70_D0150_Q0.8,0.7,150,0.8,2.5043,linear_D,3,interpolation_D_le_300B,2.480997303373722
N0.70_D0150_Q0.9,0.7,150,0.9,2.4035,linear_D,3,interpolation_D_le_300B,2.460240344612102
N0.70_D0150_Q1.0,0.7,150,1.0,2.3542,linear_D,3,interpolation_D_le_300B,2.4394833858504827
N1.00_D0300_Q0.1,1.0,300,0.1,2.6943,linear_D,3,interpolation_D_le_300B,2.4939116919765523
N1.00_D0300_Q0.2,1.0,300,0.2,2.5728,linear_D,3,interpolation_D_le_300B,2.476815003015378
N1.00_D0300_Q0.3,1.0,300,0.3,2.4688,linear_D,3,interpolation_D_le_300B,2.459718314054204
N1.00_D0300_Q0.4,1.0,300,0.4,2.5249,linear_D,3,interpolation_D_le_300B,2.4426216250930297
N1.00_D0300_Q0.6,1.0,300,0.6,2.4469,linear_D,3,interpolation_D_le_300B,2.408428247170682
N1.00_D0300_Q0.8,1.0,300,0.8,2.4239,linear_D,3,interpolation_D_le_300B,2.3742348692483333
N1.00_D0300_Q0.9,1.0,300,0.9,2.2509,linear_D,3,interpolation_D_le_300B,2.3571381802871594
N1.00_D0300_Q1.0,1.0,300,1.0,2.342,linear_D,3,interpolation_D_le_300B,2.3400414913259855
N4.00_D0010_Q0.1,4.0,10,0.1,2.855,linear_D,3,interpolation_D_le_300B,3.005417928132139
N4.00_D0010_Q0.2,4.0,10,0.2,2.872,linear_D,3,interpolation_D_le_300B,2.961125861653346
N4.00_D0010_Q0.3,4.0,10,0.3,2.8016,linear_D,3,interpolation_D_le_300B,2.9168337951745524
N4.00_D0010_Q0.4,4.0,10,0.4,2.6993,linear_D,3,interpolation_D_le_300B,2.8725417286957593
N4.00_D0010_Q0.6,4.0,10,0.6,2.631,linear_D,3,interpolation_D_le_300B,2.7839575957381726
N4.00_D0010_Q0.8,4.0,10,0.8,2.6463,linear_D,3,interpolation_D_le_300B,2.695373462780586
N4.00_D0010_Q0.9,4.0,10,0.9,2.6487,linear_D,3,interpolation_D_le_300B,2.6510813963017927
N4.00_D0010_Q1.0,4.0,10,1.0,2.4852,linear_D,3,interpolation_D_le_300B,2.606789329822999
N6.90_D0150_Q0.1,6.9,150,0.1,2.3272,linear_D,3,interpolation_D_le_300B,2.410245750691086
N6.90_D0150_Q0.2,6.9,150,0.2,2.3658,linear_D,3,interpolation_D_le_300B,2.389488791929466
N6.90_D0150_Q0.3,6.9,150,0.3,2.3708,linear_D,3,interpolation_D_le_300B,2.3687318331678466
N6.90_D0150_Q0.4,6.9,150,0.4,2.3438,linear_D,3,interpolation_D_le_300B,2.347974874406227
N6.90_D0150_Q0.6,6.9,150,0.6,2.2064,linear_D,3,interpolation_D_le_300B,2.306460956882988
N6.90_D0150_Q0.8,6.9,150,0.8,2.2296,linear_D,3,interpolation_D_le_300B,2.264947039359749
N6.90_D0150_Q0.9,6.9,150,0.9,2.2482,linear_D,3,interpolation_D_le_300B,2.2441900805981296
N6.90_D0150_Q1.0,6.9,150,1.0,2.1506,linear_D,3,interpolation_D_le_300B,2.2234331218365098
N11.97_D0050_Q0.1,11.97,50,0.1,2.4506,linear_D,3,interpolation_D_le_300B,2.555989316376438
N11.97_D0050_Q0.2,11.97,50,0.2,2.4199,linear_D,3,interpolation_D_le_300B,2.527760054255338
N11.97_D0050_Q0.3,11.97,50,0.3,2.4152,linear_D,3,interpolation_D_le_300B,2.499530792134238
N11.97_D0050_Q0.4,11.97,50,0.4,2.3833,linear_D,3,interpolation_D_le_300B,2.471301530013138
N11.97_D0050_Q0.6,11.97,50,0.6,2.3437,linear_D,3,interpolation_D_le_300B,2.414843005770938
N11.97_D0050_Q0.8,11.97,50,0.8,2.2204,linear_D,3,interpolation_D_le_300B,2.358384481528738
N11.97_D0050_Q0.9,11.97,50,0.9,2.296,linear_D,3,interpolation_D_le_300B,2.3301552194076383
N11.97_D0050_Q1.0,11.97,50,1.0,2.3439,linear_D,3,interpolation_D_le_300B,2.3019259572865383
N0.07_D0300_Q0.1,0.07,300,0.1,3.2863,linear_D,4,interpolation_D_le_300B,3.015493072301677
N0.07_D0300_Q0.2,0.07,300,0.2,3.1355,linear_D,4,interpolation_D_le_300B,2.9981811074440667
N0.07_D0300_Q0.3,0.07,300,0.3,3.1588,linear_D,4,interpolation_D_le_300B,2.980869142586457
N0.07_D0300_Q0.4,0.07,300,0.4,3.2809,linear_D,4,interpolation_D_le_300B,2.9635571777288474
N0.07_D0300_Q0.6,0.07,300,0.6,3.0098,linear_D,4,interpolation_D_le_300B,2.928933248013628
N0.07_D0300_Q0.8,0.07,300,0.8,2.8391,linear_D,4,interpolation_D_le_300B,2.8943093182984088
N0.07_D0300_Q0.9,0.07,300,0.9,2.858,linear_D,4,interpolation_D_le_300B,2.876997353440799
N0.07_D0300_Q1.0,0.07,300,1.0,2.837,linear_D,4,interpolation_D_le_300B,2.8596853885831894
N0.16_D0050_Q0.1,0.16,50,0.1,3.2175,linear_D,4,interpolation_D_le_300B,3.066407363709706
N0.16_D0050_Q0.2,0.16,50,0.2,3.1458,linear_D,4,interpolation_D_le_300B,3.03782264798454
N0.16_D0050_Q0.3,0.16,50,0.3,3.0796,linear_D,4,interpolation_D_le_300B,3.0092379322593747
N0.16_D0050_Q0.4,0.16,50,0.4,3.002,linear_D,4,interpolation_D_le_300B,2.9806532165342094
N0.16_D0050_Q0.6,0.16,50,0.6,2.8375,linear_D,4,interpolation_D_le_300B,2.923483785083879
N0.16_D0050_Q0.8,0.16,50,0.8,2.894,linear_D,4,interpolation_D_le_300B,2.866314353633548
N0.16_D0050_Q0.9,0.16,50,0.9,2.6326,linear_D,4,interpolation_D_le_300B,2.8377296379083825
N0.16_D0050_Q1.0,0.16,50,1.0,2.793,linear_D,4,interpolation_D_le_300B,2.809144922183217
N0.70_D0010_Q0.1,0.7,10,0.1,3.1919,linear_D,4,interpolation_D_le_300B,3.188511518679358
N0.70_D0010_Q0.2,0.7,10,0.2,3.1552,linear_D,4,interpolation_D_le_300B,3.1436617410356797
N0.70_D0010_Q0.3,0.7,10,0.3,3.0155,linear_D,4,interpolation_D_le_300B,3.0988119633920017
N0.70_D0010_Q0.4,0.7,10,0.4,3.0148,linear_D,4,interpolation_D_le_300B,3.0539621857483237
N0.70_D0010_Q0.6,0.7,10,0.6,2.9615,linear_D,4,interpolation_D_le_300B,2.9642626304609676
N0.70_D0010_Q0.8,0.7,10,0.8,2.8692,linear_D,4,interpolation_D_le_300B,2.8745630751736115
N0.70_D0010_Q0.9,0.7,10,0.9,2.7928,linear_D,4,interpolation_D_le_300B,2.8297132975299335
N0.70_D0010_Q1.0,0.7,10,1.0,2.8304,linear_D,4,interpolation_D_le_300B,2.7848635198862555
N1.00_D0150_Q0.1,1.0,150,0.1,2.6482,linear_D,4,interpolation_D_le_300B,2.5824215143367115
N1.00_D0150_Q0.2,1.0,150,0.2,2.6343,linear_D,4,interpolation_D_le_300B,2.5614031907625936
N1.00_D0150_Q0.3,1.0,150,0.3,2.6133,linear_D,4,interpolation_D_le_300B,2.5403848671884752
N1.00_D0150_Q0.4,1.0,150,0.4,2.5016,linear_D,4,interpolation_D_le_300B,2.519366543614357
N1.00_D0150_Q0.6,1.0,150,0.6,2.5859,linear_D,4,interpolation_D_le_300B,2.4773298964661206
N1.00_D0150_Q0.8,1.0,150,0.8,2.3211,linear_D,4,interpolation_D_le_300B,2.4352932493178843
N1.00_D0150_Q0.9,1.0,150,0.9,2.3833,linear_D,4,interpolation_D_le_300B,2.4142749257437663
N1.00_D0150_Q1.0,1.0,150,1.0,2.334,linear_D,4,interpolation_D_le_300B,2.393256602169648
N2.80_D0050_Q0.1,2.8,50,0.1,2.5785,linear_D,4,interpolation_D_le_300B,2.6558175463240676
N2.80_D0050_Q0.2,2.8,50,0.2,2.4874,linear_D,4,interpolation_D_le_300B,2.6272328305989023
N2.80_D0050_Q0.3,2.8,50,0.3,2.5971,linear_D,4,interpolation_D_le_300B,2.598648114873737
N2.80_D0050_Q0.4,2.8,50,0.4,2.5963,linear_D,4,interpolation_D_le_300B,2.5700633991485713
N2.80_D0050_Q0.6,2.8,50,0.6,2.5446,linear_D,4,interpolation_D_le_300B,2.5128939676982407
N2.80_D0050_Q0.8,2.8,50,0.8,2.3227,linear_D,4,interpolation_D_le_300B,2.45572453624791
N2.80_D0050_Q0.9,2.8,50,0.9,2.3871,linear_D,4,interpolation_D_le_300B,2.4271398205227444
N2.80_D0050_Q1.0,2.8,50,1.0,2.2984,linear_D,4,interpolation_D_le_300B,2.398555104797579
N6.90_D0010_Q0.1,6.9,10,0.1,2.7585,linear_D,4,interpolation_D_le_300B,2.972461254665385
N6.90_D0010_Q0.2,6.9,10,0.2,2.6605,linear_D,4,interpolation_D_le_300B,2.9276114770217063
N6.90_D0010_Q0.3,6.9,10,0.3,2.72,linear_D,4,interpolation_D_le_300B,2.8827616993780287
N6.90_D0010_Q0.4,6.9,10,0.4,2.6823,linear_D,4,interpolation_D_le_300B,2.8379119217343503
N6.90_D0010_Q0.6,6.9,10,0.6,2.5269,linear_D,4,interpolation_D_le_300B,2.7482123664469946
N6.90_D0010_Q0.8,6.9,10,0.8,2.5341,linear_D,4,interpolation_D_le_300B,2.6585128111596386
N6.90_D0010_Q0.9,6.9,10,0.9,2.5395,linear_D,4,interpolation_D_le_300B,2.6136630335159605
N6.90_D0010_Q1.0,6.9,10,1.0,2.4679,linear_D,4,interpolation_D_le_300B,2.5688132558722825
N11.97_D0300_Q0.1,11.97,300,0.1,2.2899,linear_D,4,interpolation_D_le_300B,2.2934903089319585
N11.97_D0300_Q0.2,11.97,300,0.2,2.2886,linear_D,4,interpolation_D_le_300B,2.276178344074349
N11.97_D0300_Q0.3,11.97,300,0.3,2.2767,linear_D,4,interpolation_D_le_300B,2.258866379216739
N11.97_D0300_Q0.4,11.97,300,0.4,2.2501,linear_D,4,interpolation_D_le_300B,2.2415544143591295
N11.97_D0300_Q0.6,11.97,300,0.6,2.1351,linear_D,4,interpolation_D_le_300B,2.2069304846439097
N11.97_D0300_Q0.8,11.97,300,0.8,2.1274,linear_D,4,interpolation_D_le_300B,2.1723065549286904
N11.97_D0300_Q0.9,11.97,300,0.9,2.2077,linear_D,4,interpolation_D_le_300B,2.1549945900710807
N11.97_D0300_Q1.0,11.97,300,1.0,2.0939,linear_D,4,interpolation_D_le_300B,2.137682625213471
N0.07_D0150_Q0.1,0.07,150,0.1,3.384,linear_D,5,interpolation_D_le_300B,3.094440020908295
N0.07_D0150_Q0.2,0.07,150,0.2,3.2214,linear_D,5,interpolation_D_le_300B,3.0738231325819716
N0.07_D0150_Q0.3,0.07,150,0.3,3.3529,linear_D,5,interpolation_D_le_300B,3.053206244255648
N0.07_D0150_Q0.4,0.07,150,0.4,3.1687,linear_D,5,interpolation_D_le_300B,3.0325893559293244
N0.07_D0150_Q0.6,0.07,150,0.6,3.1017,linear_D,5,interpolation_D_le_300B,2.9913555792766773
N0.07_D0150_Q0.8,0.07,150,0.8,3.0179,linear_D,5,interpolation_D_le_300B,2.95012180262403
N0.07_D0150_Q0.9,0.07,150,0.9,2.7658,linear_D,5,interpolation_D_le_300B,2.9295049142977065
N0.07_D0150_Q1.0,0.07,150,1.0,2.9653,linear_D,5,interpolation_D_le_300B,2.908888025971383
N0.16_D0300_Q0.1,0.16,300,0.1,2.9719,linear_D,5,interpolation_D_le_300B,2.793720982825149
N0.16_D0300_Q0.2,0.16,300,0.2,2.9407,linear_D,5,interpolation_D_le_300B,2.7767396643617634
N0.16_D0300_Q0.3,0.16,300,0.3,2.956,linear_D,5,interpolation_D_le_300B,2.7597583458983785
N0.16_D0300_Q0.4,0.16,300,0.4,2.8482,linear_D,5,interpolation_D_le_300B,2.742777027434993
N0.16_D0300_Q0.6,0.16,300,0.6,2.8081,linear_D,5,interpolation_D_le_300B,2.7088143905082225
N0.16_D0300_Q0.8,0.16,300,0.8,2.6978,linear_D,5,interpolation_D_le_300B,2.674851753581452
N0.16_D0300_Q0.9,0.16,300,0.9,2.6348,linear_D,5,interpolation_D_le_300B,2.657870435118067
N0.16_D0300_Q1.0,0.16,300,1.0,2.6071,linear_D,5,interpolation_D_le_300B,2.640889116654682
N0.41_D0050_Q0.1,0.41,50,0.1,2.976,linear_D,5,interpolation_D_le_300B,2.8761834423850967
N0.41_D0050_Q0.2,0.41,50,0.2,2.9489,linear_D,5,interpolation_D_le_300B,2.848144674694265
N0.41_D0050_Q0.3,0.41,50,0.3,2.9676,linear_D,5,interpolation_D_le_300B,2.8201059070034327
N0.41_D0050_Q0.4,0.41,50,0.4,2.8049,linear_D,5,interpolation_D_le_300B,2.7920671393126004
N0.41_D0050_Q0.6,0.41,50,0.6,2.6958,linear_D,5,interpolation_D_le_300B,2.735989603930936
N0.41_D0050_Q0.8,0.41,50,0.8,2.6518,linear_D,5,interpolation_D_le_300B,2.6799120685492714
N0.41_D0050_Q0.9,0.41,50,0.9,2.6355,linear_D,5,interpolation_D_le_300B,2.6518733008584396
N0.41_D0050_Q1.0,0.41,50,1.0,2.6047,linear_D,5,interpolation_D_le_300B,2.6238345331676074
N1.00_D0010_Q0.1,1.0,10,0.1,3.0483,linear_D,5,interpolation_D_le_300B,3.1305628676969706
N1.00_D0010_Q0.2,1.0,10,0.2,2.968,linear_D,5,interpolation_D_le_300B,3.086569689369524
N1.00_D0010_Q0.3,1.0,10,0.3,2.8948,linear_D,5,interpolation_D_le_300B,3.0425765110420775
N1.00_D0010_Q0.4,1.0,10,0.4,2.8223,linear_D,5,interpolation_D_le_300B,2.998583332714631
N1.00_D0010_Q0.6,1.0,10,0.6,2.8442,linear_D,5,interpolation_D_le_300B,2.910596976059738
N1.00_D0010_Q0.8,1.0,10,0.8,2.7546,linear_D,5,interpolation_D_le_300B,2.822610619404845
N1.00_D0010_Q0.9,1.0,10,0.9,2.7505,linear_D,5,interpolation_D_le_300B,2.7786174410773983
N1.00_D0010_Q1.0,1.0,10,1.0,2.6827,linear_D,5,interpolation_D_le_300B,2.7346242627499517
N2.80_D0300_Q0.1,2.8,300,0.1,2.446,linear_D,5,interpolation_D_le_300B,2.38313116543951
N2.80_D0300_Q0.2,2.8,300,0.2,2.3643,linear_D,5,interpolation_D_le_300B,2.3661498469761253
N2.80_D0300_Q0.3,2.8,300,0.3,2.3988,linear_D,5,interpolation_D_le_300B,2.34916852851274
N2.80_D0300_Q0.4,2.8,300,0.4,2.3719,linear_D,5,interpolation_D_le_300B,2.3321872100493546
N2.80_D0300_Q0.6,2.8,300,0.6,2.3342,linear_D,5,interpolation_D_le_300B,2.2982245731225843
N2.80_D0300_Q0.8,2.8,300,0.8,2.2389,linear_D,5,interpolation_D_le_300B,2.2642619361958136
N2.80_D0300_Q0.9,2.8,300,0.9,2.2601,linear_D,5,interpolation_D_le_300B,2.2472806177324287
N2.80_D0300_Q1.0,2.8,300,1.0,2.1271,linear_D,5,interpolation_D_le_300B,2.2302992992690434
N4.00_D0050_Q0.1,4.0,50,0.1,2.5657,linear_D,5,interpolation_D_le_300B,2.617815059240996
N4.00_D0050_Q0.2,4.0,50,0.2,2.6024,linear_D,5,interpolation_D_le_300B,2.5897762915501636
N4.00_D0050_Q0.3,4.0,50,0.3,2.5078,linear_D,5,interpolation_D_le_300B,2.5617375238593314
N4.00_D0050_Q0.4,4.0,50,0.4,2.5793,linear_D,5,interpolation_D_le_300B,2.533698756168499
N4.00_D0050_Q0.6,4.0,50,0.6,2.4706,linear_D,5,interpolation_D_le_300B,2.477621220786835
N4.00_D0050_Q0.8,4.0,50,0.8,2.4391,linear_D,5,interpolation_D_le_300B,2.4215436854051706
N4.00_D0050_Q0.9,4.0,50,0.9,2.3223,linear_D,5,interpolation_D_le_300B,2.3935049177143384
N4.00_D0050_Q1.0,4.0,50,1.0,2.4105,linear_D,5,interpolation_D_le_300B,2.365466150023506
N11.97_D0150_Q0.1,11.97,150,0.1,2.4214,linear_D,5,interpolation_D_le_300B,2.3724372575385773
N11.97_D0150_Q0.2,11.97,150,0.2,2.3485,linear_D,5,interpolation_D_le_300B,2.3518203692122537
N11.97_D0150_Q0.3,11.97,150,0.3,2.3316,linear_D,5,interpolation_D_le_300B,2.33120348088593
N11.97_D0150_Q0.4,11.97,150,0.4,2.2453,linear_D,5,interpolation_D_le_300B,2.3105865925596065
N11.97_D0150_Q0.6,11.97,150,0.6,2.2154,linear_D,5,interpolation_D_le_300B,2.2693528159069594
N11.97_D0150_Q0.8,11.97,150,0.8,2.2885,linear_D,5,interpolation_D_le_300B,2.228119039254312
N11.97_D0150_Q0.9,11.97,150,0.9,2.1844,linear_D,5,interpolation_D_le_300B,2.2075021509279886
N11.97_D0150_Q1.0,11.97,150,1.0,2.2045,linear_D,5,interpolation_D_le_300B,2.186885262601665
