scale,variant,recipe_i,actual_macro,pred_macro
train_1m,baseline_only,0,5.904635429382324,5.630397870121157
train_1m,baseline_only,1,5.133344430189866,5.630397870121157
train_1m,baseline_only,2,5.542253035765428,5.630397870121157
train_1m,baseline_only,3,5.290134576650766,5.630397870121157
train_1m,baseline_only,4,4.9657532618596,5.630397870121157
train_1m,baseline_only,5,5.358781594496507,5.630397870121157
train_1m,baseline_only,6,5.058426526876596,5.630397870121157
train_1m,baseline_only,7,5.898907331319956,5.630397870121157
train_1m,baseline_only,8,6.21538573044997,5.630397870121157
train_1m,baseline_only,9,5.393702800457294,5.630397870121157
train_1m,baseline_only,10,6.063049664864173,5.630397870121157
train_1m,baseline_only,11,5.737708825331468,5.630397870121157
train_1m,baseline_only,12,5.631498850308931,5.630397870121157
train_1m,baseline_only,13,4.817876852475679,5.630397870121157
train_1m,baseline_only,14,4.961122586176946,5.630397870121157
train_1m,baseline_only,15,4.79795071711907,5.630397870121157
train_1m,baseline_only,16,5.027804338015043,5.630397870121157
train_1m,baseline_only,17,4.846522661355825,5.630397870121157
train_1m,baseline_only,18,4.862268686294556,5.630397870121157
train_1m,baseline_only,19,5.18797335257897,5.630397870121157
train_1m,baseline_only,20,5.312407071773823,5.630397870121157
train_1m,baseline_only,21,5.267660049291758,5.630397870121157
train_1m,baseline_only,22,5.236186431004451,5.630397870121157
train_1m,baseline_only,23,6.004401573768029,5.630397870121157
train_1m,baseline_only,24,5.220030491168682,5.630397870121157
train_1m,baseline_only,25,5.404111513724694,5.630397870121157
train_1m,baseline_only,26,4.946193236571092,5.630397870121157
train_1m,baseline_only,27,5.129373101087717,5.630397870121157
train_1m,baseline_only,28,6.132923419658955,5.630397870121157
train_1m,baseline_only,29,5.525556601010836,5.630397870121157
train_1m,baseline_only,30,5.268221598405105,5.630397870121157
train_1m,baseline_only,31,6.351518722680899,5.630397870121157
train_1m,baseline_only,32,5.77667471078726,5.630397870121157
train_1m,baseline_only,33,5.556892028221717,5.630397870121157
train_1m,baseline_only,34,5.203048513485835,5.630397870121157
train_1m,baseline_only,35,5.13854692532466,5.630397870121157
train_1m,baseline_only,36,4.969163656234741,5.630397870121157
train_1m,baseline_only,37,5.545954630925105,5.630397870121157
train_1m,baseline_only,38,4.993031996947068,5.630397870121157
train_1m,baseline_only,39,5.374926933875451,5.630397870121157
train_1m,baseline_only,40,5.1798697618337775,5.630397870121157
train_1m,baseline_only,41,5.084016616527851,5.630397870121157
train_1m,baseline_only,42,5.076522203592154,5.630397870121157
train_1m,baseline_only,43,5.084354584033672,5.630397870121157
train_1m,baseline_only,44,5.588743741695698,5.630397870121157
train_1m,baseline_only,45,4.864920946267935,5.630397870121157
train_1m,baseline_only,46,5.89624966107882,5.630397870121157
train_1m,baseline_only,47,5.411233351780818,5.630397870121157
train_1m,baseline_only,48,5.7741538011110745,5.630397870121157
train_1m,baseline_only,49,5.143856727159941,5.630397870121157
train_1m,baseline_only,50,5.70809296461252,5.630397870121157
train_1m,baseline_only,51,5.145880625798152,5.630397870121157
train_1m,baseline_only,52,5.5614226047809305,5.630397870121157
train_1m,baseline_only,53,5.299323155329778,5.630397870121157
train_1m,baseline_only,54,5.317342171302209,5.630397870121157
train_1m,baseline_only,55,4.808996420640212,5.630397870121157
train_1m,baseline_only,56,5.887269716996413,5.630397870121157
train_1m,baseline_only,57,5.4202854083134575,5.630397870121157
train_1m,baseline_only,58,5.7707441953512335,5.630397870121157
train_1m,baseline_only,59,5.324331246889555,5.630397870121157
train_1m,baseline_only,60,5.112476293857281,5.630397870121157
train_1m,baseline_only,61,4.98912211564871,5.630397870121157
train_1m,baseline_only,62,5.187093367943397,5.630397870121157
train_1m,baseline_only,63,5.2748544949751635,5.630397870121157
train_1m,baseline_only,64,5.458681143247164,5.630397870121157
train_1m,baseline_only,65,5.32672276863685,5.630397870121157
train_1m,baseline_only,66,5.0674561720628,5.630397870121157
train_1m,baseline_only,67,5.173592264835651,5.630397870121157
train_1m,baseline_only,68,5.631533072544978,5.630397870121157
train_1m,baseline_only,69,6.022816988138052,5.630397870121157
train_1m,baseline_only,70,5.365188855391282,5.630397870121157
train_1m,baseline_only,71,4.787480858656076,5.630397870121157
train_1m,baseline_only,72,5.179639073518606,5.630397870121157
train_1m,baseline_only,73,5.226524077928984,5.630397870121157
train_1m,baseline_only,74,4.9586097827324505,5.630397870121157
train_1m,baseline_only,75,5.651923748163076,5.630397870121157
train_1m,baseline_only,76,5.3520875710707445,5.630397870121157
train_1m,baseline_only,77,5.554785545055683,5.630397870121157
train_1m,baseline_only,78,5.4707560906043415,5.630397870121157
train_1m,baseline_only,79,5.09033621274508,5.630397870121157
train_1m,baseline_only,80,5.297927673046406,5.630397870121157
train_1m,baseline_only,81,5.424900385049673,5.630397870121157
train_1m,baseline_only,82,5.750808275662935,5.630397870121157
train_1m,baseline_only,83,4.950157734063955,5.630397870121157
train_1m,baseline_only,84,5.716571239324717,5.630397870121157
train_1m,baseline_only,85,5.235661506652832,5.630397870121157
train_1m,baseline_only,86,5.10342132128202,5.630397870121157
train_1m,baseline_only,87,5.470787085019625,5.630397870121157
train_1m,baseline_only,88,4.961350642717802,5.630397870121157
train_1m,baseline_only,89,5.33156681060791,5.630397870121157
train_1m,baseline_only,90,5.31988525390625,5.630397870121157
train_1m,baseline_only,91,5.012554086171663,5.630397870121157
train_1m,baseline_only,92,5.421647585355318,5.630397870121157
train_1m,baseline_only,93,5.098412843850943,5.630397870121157
train_1m,baseline_only,94,5.005955879504864,5.630397870121157
train_1m,baseline_only,95,5.560164378239558,5.630397870121157
train_1m,baseline_only,96,5.086579616253193,5.630397870121157
train_1m,baseline_only,97,4.968219261903029,5.630397870121157
train_1m,baseline_only,98,5.034334586216853,5.630397870121157
train_1m,baseline_only,99,5.14715836598323,5.630397870121157
train_1m,baseline_only,100,5.508998687450703,5.630397870121157
train_1m,baseline_only,101,5.058160011584942,5.630397870121157
train_1m,baseline_only,102,5.707575486256526,5.630397870121157
train_1m,baseline_only,103,5.525642706797673,5.630397870121157
train_1m,baseline_only,104,5.0328695223881645,5.630397870121157
train_1m,baseline_only,105,5.289851610477154,5.630397870121157
train_1m,baseline_only,106,4.989442605238694,5.630397870121157
train_1m,baseline_only,107,5.295009301258967,5.630397870121157
train_1m,baseline_only,108,5.334094707782452,5.630397870121157
train_1m,baseline_only,109,5.449594552700336,5.630397870121157
train_1m,baseline_only,110,5.312416535157424,5.630397870121157
train_1m,baseline_only,111,5.569669283353365,5.630397870121157
train_1m,baseline_only,112,5.79182611978971,5.630397870121157
train_1m,baseline_only,113,5.115278867574839,5.630397870121157
train_1m,baseline_only,114,5.0793792467850905,5.630397870121157
train_1m,baseline_only,115,5.581812601823073,5.630397870121157
train_1m,baseline_only,116,5.493302418635442,5.630397870121157
train_1m,baseline_only,117,5.253312000861535,5.630397870121157
train_1m,baseline_only,118,5.23164596924415,5.630397870121157
train_1m,baseline_only,119,5.474159240722656,5.630397870121157
train_1m,baseline_only,120,4.878322711357703,5.630397870121157
train_1m,baseline_only,121,5.4010228377122145,5.630397870121157
train_1m,baseline_only,122,5.233468826000507,5.630397870121157
train_1m,baseline_only,123,5.488834692881658,5.630397870121157
train_1m,baseline_only,124,4.976043426073515,5.630397870121157
train_1m,baseline_only,125,5.585982726170466,5.630397870121157
train_1m,baseline_only,126,5.2504966259002686,5.630397870121157
train_1m,baseline_only,127,5.531904037182148,5.630397870121157
train_1m,baseline_only,128,5.114644875893226,5.630397870121157
train_1m,baseline_only,129,5.506486379183256,5.630397870121157
train_1m,baseline_only,130,5.957377782234778,5.630397870121157
train_1m,baseline_only,131,5.082580731465266,5.630397870121157
train_1m,baseline_only,132,5.319046313946064,5.630397870121157
train_1m,baseline_only,133,4.923890682367178,5.630397870121157
train_1m,baseline_only,134,4.972090299312885,5.630397870121157
train_1m,baseline_only,135,4.926703443894019,5.630397870121157
train_1m,baseline_only,136,4.777031256602361,5.630397870121157
train_1m,baseline_only,137,5.449319784457867,5.630397870121157
train_1m,baseline_only,138,4.83827004982875,5.630397870121157
train_1m,baseline_only,139,5.102373728385339,5.630397870121157
train_1m,baseline_only,140,5.222839227089515,5.630397870121157
train_1m,baseline_only,141,5.015156672551082,5.630397870121157
train_1m,baseline_only,142,4.806556151463435,5.630397870121157
train_1m,baseline_only,143,4.959281939726609,5.630397870121157
train_1m,baseline_only,144,5.952231370485746,5.630397870121157
train_1m,baseline_only,145,5.150994777679443,5.630397870121157
train_1m,baseline_only,146,5.291426695310152,5.630397870121157
train_1m,baseline_only,147,4.931557105137752,5.630397870121157
train_1m,baseline_only,148,5.27410074380728,5.630397870121157
train_1m,baseline_only,149,5.937332300039438,5.630397870121157
train_1m,baseline_only,150,5.100791674393874,5.630397870121157
train_1m,baseline_only,151,5.498166927924523,5.630397870121157
train_1m,baseline_only,152,5.385987942035381,5.630397870121157
train_1m,baseline_only,153,5.031752347946167,5.630397870121157
train_1m,baseline_only,154,5.387985853048471,5.630397870121157
train_1m,baseline_only,155,5.079572989390447,5.630397870121157
train_1m,baseline_only,156,5.245475769042969,5.630397870121157
train_1m,baseline_only,157,5.923797717461219,5.630397870121157
train_1m,baseline_only,158,5.11954140663147,5.630397870121157
train_1m,baseline_only,159,5.644763946533203,5.630397870121157
train_1m,baseline_only,160,5.495572090148926,5.630397870121157
train_1m,baseline_only,161,5.367383810190054,5.630397870121157
train_1m,baseline_only,162,5.3949007254380446,5.630397870121157
train_1m,baseline_only,163,5.122750318967379,5.630397870121157
train_1m,baseline_only,164,5.165469132936918,5.630397870121157
train_1m,baseline_only,165,5.544644575852614,5.630397870121157
train_1m,baseline_only,166,5.240923624772292,5.630397870121157
train_1m,baseline_only,167,5.24033796787262,5.630397870121157
train_1m,baseline_only,168,5.386430887075571,5.630397870121157
train_1m,baseline_only,169,4.753428780115568,5.630397870121157
train_1m,baseline_only,170,5.758380779853234,5.630397870121157
train_1m,baseline_only,171,4.881629925507766,5.630397870121157
train_1m,baseline_only,172,5.508442255166861,5.630397870121157
train_1m,baseline_only,173,5.495788207420936,5.630397870121157
train_1m,baseline_only,174,5.148220539093018,5.630397870121157
train_1m,baseline_only,175,5.556494043423579,5.630397870121157
train_1m,baseline_only,176,5.095407596001258,5.630397870121157
train_1m,baseline_only,177,5.937310732327974,5.630397870121157
train_1m,baseline_only,178,4.976028167284452,5.630397870121157
train_1m,baseline_only,179,5.494938593644362,5.630397870121157
train_1m,baseline_only,180,5.141839816020085,5.630397870121157
train_1m,baseline_only,181,5.295228261214036,5.630397870121157
train_1m,baseline_only,182,5.253902343603281,5.630397870121157
train_1m,baseline_only,183,5.191439298483042,5.630397870121157
train_1m,baseline_only,184,5.2902715022747335,5.630397870121157
train_1m,baseline_only,185,4.878201521359957,5.630397870121157
train_1m,baseline_only,186,5.423074575570913,5.630397870121157
train_1m,baseline_only,187,5.185021583850567,5.630397870121157
train_1m,baseline_only,188,5.652520766625037,5.630397870121157
train_1m,baseline_only,189,5.019367126318125,5.630397870121157
train_1m,baseline_only,190,5.316304060129019,5.630397870121157
train_1m,baseline_only,191,5.892361090733455,5.630397870121157
train_1m,baseline_only,192,5.536613170917217,5.630397870121157
train_1m,baseline_only,193,5.429344837482159,5.630397870121157
train_1m,baseline_only,194,4.924977174172034,5.630397870121157
train_1m,baseline_only,195,4.989451243327214,5.630397870121157
train_1m,baseline_only,196,4.980419287314782,5.630397870121157
train_1m,baseline_only,197,5.206969554607685,5.630397870121157
train_1m,baseline_only,198,5.577325490804819,5.630397870121157
train_1m,baseline_only,199,4.981486100416917,5.630397870121157
train_1m,baseline_only,200,5.27765663770529,5.630397870121157
train_1m,baseline_only,201,5.150389304527869,5.630397870121157
train_1m,baseline_only,202,5.623192493732159,5.630397870121157
train_1m,baseline_only,203,4.941437867971567,5.630397870121157
train_1m,baseline_only,204,5.35276198387146,5.630397870121157
train_1m,baseline_only,205,5.266261522586529,5.630397870121157
train_1m,baseline_only,206,5.7279043931227465,5.630397870121157
train_1m,baseline_only,207,5.5625254190885105,5.630397870121157
train_1m,baseline_only,208,5.313656513507549,5.630397870121157
train_1m,baseline_only,209,5.629430532455444,5.630397870121157
train_1m,baseline_only,210,4.933682166613066,5.630397870121157
train_1m,baseline_only,211,5.075303829633272,5.630397870121157
train_1m,baseline_only,212,5.264764015491192,5.630397870121157
train_1m,baseline_only,213,4.916725580508892,5.630397870121157
train_1m,baseline_only,214,5.386073754383967,5.630397870121157
train_1m,baseline_only,215,5.281318224393404,5.630397870121157
train_1m,baseline_only,216,5.939222537554228,5.630397870121157
train_1m,baseline_only,217,5.080042637311495,5.630397870121157
train_1m,baseline_only,218,5.515955741588886,5.630397870121157
train_1m,baseline_only,219,5.317405902422392,5.630397870121157
train_1m,baseline_only,220,5.251096872182993,5.630397870121157
train_1m,baseline_only,221,6.054345736136804,5.630397870121157
train_1m,baseline_only,222,5.7078226162837105,5.630397870121157
train_1m,baseline_only,223,5.286468689258282,5.630397870121157
train_1m,baseline_only,224,5.014853074000432,5.630397870121157
train_1m,baseline_only,225,5.161886325249305,5.630397870121157
train_1m,baseline_only,226,4.919211167555589,5.630397870121157
train_1m,baseline_only,227,5.416094890007606,5.630397870121157
train_1m,baseline_only,228,5.332706378056453,5.630397870121157
train_1m,baseline_only,229,5.555266838807326,5.630397870121157
train_1m,baseline_only,230,5.509172256176289,5.630397870121157
train_1m,baseline_only,231,5.255817715938274,5.630397870121157
train_1m,baseline_only,232,5.338685842660757,5.630397870121157
train_1m,baseline_only,233,5.009716492432815,5.630397870121157
train_1m,baseline_only,234,5.199401617050171,5.630397870121157
train_1m,baseline_only,235,5.195423227090102,5.630397870121157
train_1m,baseline_only,236,5.799081563949585,5.630397870121157
train_1m,baseline_only,237,5.919422388076782,5.630397870121157
train_1m,baseline_only,238,5.059099765924307,5.630397870121157
train_1m,baseline_only,239,5.506106009850135,5.630397870121157
train_1m,baseline_only,240,5.525696662756113,5.630397870121157
train_1m,baseline_only,241,5.40106816475208,5.630397870121157
train_1m,baseline_only,242,5.341662150162917,5.630397870121157
train_1m,baseline_only,243,4.994082230788011,5.630397870121157
train_1m,baseline_only,244,5.183573704499465,5.630397870121157
train_1m,baseline_only,245,5.13984856238732,5.630397870121157
train_1m,baseline_only,246,5.323499386127178,5.630397870121157
train_1m,baseline_only,247,5.34416048343365,5.630397870121157
train_1m,baseline_only,248,5.37323548243596,5.630397870121157
train_1m,baseline_only,249,5.615814529932463,5.630397870121157
train_1m,baseline_only,250,5.4239313785846415,5.630397870121157
train_1m,baseline_only,251,5.004812167241023,5.630397870121157
train_1m,baseline_only,252,5.4878202218275804,5.630397870121157
train_1m,baseline_only,253,5.389522057313186,5.630397870121157
train_1m,baseline_only,254,5.556340786126944,5.630397870121157
train_1m,baseline_only,255,5.307339998391958,5.630397870121157
train_1m,baseline_only,256,5.03038554925185,5.630397870121157
train_1m,baseline_only,257,5.418178778428298,5.630397870121157
train_1m,baseline_only,258,5.371851370884822,5.630397870121157
train_1m,baseline_only,259,5.7834014525780315,5.630397870121157
train_1m,baseline_only,260,5.06170626787039,5.630397870121157
train_1m,baseline_only,261,5.518408151773306,5.630397870121157
train_1m,baseline_only,262,5.314384533808782,5.630397870121157
train_1m,baseline_only,263,5.524590308849628,5.630397870121157
train_1m,baseline_only,264,5.651582589516273,5.630397870121157
train_1m,baseline_only,265,5.377012876363901,5.630397870121157
train_1m,baseline_only,266,5.555308268620418,5.630397870121157
train_1m,baseline_only,267,5.118859511155349,5.630397870121157
train_1m,baseline_only,268,5.7348542763636665,5.630397870121157
train_1m,baseline_only,269,4.772263802014864,5.630397870121157
train_1m,baseline_only,270,5.168233174544114,5.630397870121157
train_1m,baseline_only,271,5.113263203547551,5.630397870121157
train_1m,baseline_only,272,5.372246265411377,5.630397870121157
train_1m,baseline_only,273,5.4840655877039985,5.630397870121157
train_1m,baseline_only,274,5.481735412891094,5.630397870121157
train_1m,baseline_only,275,5.6565719567812405,5.630397870121157
train_1m,baseline_only,276,5.6439738273620605,5.630397870121157
train_1m,baseline_only,277,5.830113245890691,5.630397870121157
train_1m,baseline_only,278,5.660053179814265,5.630397870121157
train_1m,baseline_only,279,5.6408299299386835,5.630397870121157
train_1m,baseline_only,280,5.064841105387761,5.630397870121157
train_1m,baseline_only,281,5.228692348186787,5.630397870121157
train_1m,baseline_only,282,5.9031042869274435,5.630397870121157
train_1m,baseline_only,283,5.360134968390832,5.630397870121157
train_1m,baseline_only,284,5.571967161618746,5.630397870121157
train_1m,baseline_only,285,5.467186029140766,5.630397870121157
train_1m,baseline_only,286,5.316890203035795,5.630397870121157
train_1m,baseline_only,287,5.25947904586792,5.630397870121157
train_1m,baseline_only,288,5.4515665127680855,5.630397870121157
train_1m,baseline_only,289,5.292156980587886,5.630397870121157
train_1m,baseline_only,290,5.612547966150137,5.630397870121157
train_1m,baseline_only,291,6.091124222828792,5.630397870121157
train_1m,baseline_only,292,5.161940959783701,5.630397870121157
train_1m,baseline_only,293,6.396356949439416,5.630397870121157
train_1m,baseline_only,294,5.254497766494751,5.630397870121157
train_1m,baseline_only,295,5.7086256467379055,5.630397870121157
train_1m,baseline_only,296,5.428704261779785,5.630397870121157
train_1m,baseline_only,297,5.2843863138785725,5.630397870121157
train_1m,baseline_only,298,5.40080110843365,5.630397870121157
train_1m,baseline_only,299,6.15841504243704,5.630397870121157
train_1m,baseline_only,300,5.000038953927847,5.630397870121157
train_1m,baseline_only,301,5.348329067230225,5.630397870121157
train_1m,baseline_only,302,5.872115960487952,5.630397870121157
train_1m,baseline_only,303,5.591289556943453,5.630397870121157
train_1m,baseline_only,304,6.041809155390813,5.630397870121157
train_1m,baseline_only,305,5.382696005014273,5.630397870121157
train_1m,baseline_only,306,5.53076459811284,5.630397870121157
train_1m,baseline_only,307,4.991022513462947,5.630397870121157
train_1m,baseline_only,308,5.542721051436204,5.630397870121157
train_1m,baseline_only,309,5.260374949528621,5.630397870121157
train_1m,baseline_only,310,4.919286214388334,5.630397870121157
train_1m,baseline_only,311,5.421507065112774,5.630397870121157
train_1m,baseline_only,312,5.611201561414278,5.630397870121157
train_1m,baseline_only,313,5.246305025540865,5.630397870121157
train_1m,baseline_only,314,5.568589925765991,5.630397870121157
train_1m,baseline_only,315,5.172437704526461,5.630397870121157
train_1m,baseline_only,316,5.737836654369648,5.630397870121157
train_1m,baseline_only,317,5.92633593082428,5.630397870121157
train_1m,baseline_only,318,5.4916139382582445,5.630397870121157
train_1m,baseline_only,319,5.526452798109788,5.630397870121157
train_1m,baseline_only,320,5.502916281039898,5.630397870121157
train_1m,baseline_only,321,5.884679794311523,5.630397870121157
train_1m,baseline_only,322,4.9917039687816915,5.630397870121157
train_1m,baseline_only,323,5.27025844500615,5.630397870121157
train_1m,baseline_only,324,5.309898376464844,5.630397870121157
train_1m,baseline_only,325,5.264256734114427,5.630397870121157
train_1m,baseline_only,326,5.226937073927659,5.630397870121157
train_1m,baseline_only,327,6.758002519607544,5.630397870121157
train_1m,baseline_only,328,5.574751523824839,5.630397870121157
train_1m,baseline_only,329,5.108058525965764,5.630397870121157
train_1m,baseline_only,330,5.055047603753897,5.630397870121157
train_1m,baseline_only,331,5.271875674907978,5.630397870121157
train_1m,baseline_only,332,5.157759996560904,5.630397870121157
train_1m,baseline_only,333,5.233025404123159,5.630397870121157
train_1m,baseline_only,334,5.669360142487746,5.630397870121157
train_1m,baseline_only,335,5.511850173656757,5.630397870121157
train_1m,baseline_only,336,5.4885938717768745,5.630397870121157
train_1m,baseline_only,337,5.3023834595313435,5.630397870121157
train_1m,baseline_only,338,5.181351038125845,5.630397870121157
train_1m,baseline_only,339,4.951281474186824,5.630397870121157
train_1m,baseline_only,340,5.420316439408523,5.630397870121157
train_1m,baseline_only,341,5.323123565086951,5.630397870121157
train_1m,baseline_only,342,5.10161095399123,5.630397870121157
train_1m,baseline_only,343,5.805060203258808,5.630397870121157
train_1m,baseline_only,344,5.447537899017334,5.630397870121157
train_1m,baseline_only,345,4.819319413258479,5.630397870121157
train_1m,baseline_only,346,5.474208795107328,5.630397870121157
train_1m,baseline_only,347,5.513573683225191,5.630397870121157
train_1m,baseline_only,348,4.789364090332618,5.630397870121157
train_1m,baseline_only,349,4.949371282870953,5.630397870121157
train_1m,baseline_only,350,5.155112578318669,5.630397870121157
train_1m,baseline_only,351,6.082065105438232,5.630397870121157
train_1m,baseline_only,352,4.982067768390362,5.630397870121157
train_1m,baseline_only,353,5.095458324138935,5.630397870121157
train_1m,baseline_only,354,5.431123109964224,5.630397870121157
train_1m,baseline_only,355,5.071555045934824,5.630397870121157
train_1m,baseline_only,356,5.1868560039080105,5.630397870121157
train_1m,baseline_only,357,5.22973895072937,5.630397870121157
train_1m,baseline_only,358,5.089330783257117,5.630397870121157
train_1m,baseline_only,359,5.347133031258216,5.630397870121157
train_1m,baseline_only,360,5.629197524144099,5.630397870121157
train_1m,baseline_only,361,5.672273489145132,5.630397870121157
train_1m,baseline_only,362,5.077806289379414,5.630397870121157
train_1m,baseline_only,363,5.59030400789701,5.630397870121157
train_1m,baseline_only,364,4.976911544799805,5.630397870121157
train_1m,baseline_only,365,5.484955695959238,5.630397870121157
train_1m,baseline_only,366,4.912813470913814,5.630397870121157
train_1m,baseline_only,367,4.928864295666035,5.630397870121157
train_1m,baseline_only,368,5.482219567665687,5.630397870121157
train_1m,baseline_only,369,5.380783301133376,5.630397870121157
train_1m,baseline_only,370,5.210643355663006,5.630397870121157
train_1m,baseline_only,371,5.45513941691472,5.630397870121157
train_1m,baseline_only,372,5.800429747654841,5.630397870121157
train_1m,baseline_only,373,5.3152457017164965,5.630397870121157
train_1m,baseline_only,374,5.317656076871431,5.630397870121157
train_1m,baseline_only,375,5.38286698781527,5.630397870121157
train_1m,baseline_only,376,5.371554961571326,5.630397870121157
train_1m,baseline_only,377,6.05059737425584,5.630397870121157
train_1m,baseline_only,378,4.8844727736253,5.630397870121157
train_1m,baseline_only,379,5.615977342312153,5.630397870121157
train_1m,baseline_only,380,5.012710406230046,5.630397870121157
train_1m,baseline_only,381,6.0491665326631985,5.630397870121157
train_1m,baseline_only,382,6.205285732562725,5.630397870121157
train_1m,baseline_only,383,4.9754770535689135,5.630397870121157
train_1m,baseline_only,384,5.126936912536621,5.630397870121157
train_1m,baseline_only,385,6.058488790805523,5.630397870121157
train_1m,baseline_only,386,6.239235474513127,5.630397870121157
train_1m,baseline_only,387,5.574407174037053,5.630397870121157
train_1m,baseline_only,388,5.805640147282527,5.630397870121157
train_1m,baseline_only,389,5.128426423439612,5.630397870121157
train_1m,baseline_only,390,5.583163958329421,5.630397870121157
train_1m,baseline_only,391,5.3277291517991285,5.630397870121157
train_1m,baseline_only,392,4.8987074081714335,5.630397870121157
train_1m,baseline_only,393,5.782568711500901,5.630397870121157
train_1m,baseline_only,394,5.253134094751799,5.630397870121157
train_1m,baseline_only,395,5.5238377681145305,5.630397870121157
train_1m,baseline_only,396,5.1657520440908575,5.630397870121157
train_1m,baseline_only,397,5.180898207884568,5.630397870121157
train_1m,baseline_only,398,5.519307631712693,5.630397870121157
train_1m,baseline_only,399,5.013546888644878,5.630397870121157
train_1m,baseline_only,400,4.867796861208403,5.630397870121157
train_1m,baseline_only,401,5.215671227528499,5.630397870121157
train_1m,baseline_only,402,4.9522881141075725,5.630397870121157
train_1m,baseline_only,403,5.017572696392353,5.630397870121157
train_1m,baseline_only,404,5.418186976359441,5.630397870121157
train_1m,baseline_only,405,5.359878778457642,5.630397870121157
train_1m,baseline_only,406,5.137108692756066,5.630397870121157
train_1m,baseline_only,407,5.67198214164147,5.630397870121157
train_1m,baseline_only,408,4.944631301439726,5.630397870121157
train_1m,baseline_only,409,5.49001851448646,5.630397870121157
train_1m,baseline_only,410,5.2178285488715535,5.630397870121157
train_1m,baseline_only,411,5.691750398048987,5.630397870121157
train_1m,baseline_only,412,5.358504588787373,5.630397870121157
train_1m,baseline_only,413,5.09181979069343,5.630397870121157
train_1m,baseline_only,414,5.052486749795767,5.630397870121157
train_1m,baseline_only,415,5.228025381381695,5.630397870121157
train_1m,baseline_only,416,4.965925161655132,5.630397870121157
train_1m,baseline_only,417,5.894948904330914,5.630397870121157
train_1m,baseline_only,418,4.907001770459688,5.630397870121157
train_1m,baseline_only,419,5.029015962894146,5.630397870121157
train_1m,baseline_only,420,5.417145197208111,5.630397870121157
train_1m,baseline_only,421,4.96103495817918,5.630397870121157
train_1m,baseline_only,422,5.655895123114953,5.630397870121157
train_1m,baseline_only,423,4.899122439897978,5.630397870121157
train_1m,baseline_only,424,4.995036235222449,5.630397870121157
train_1m,baseline_only,425,5.170091940806462,5.630397870121157
train_1m,baseline_only,426,5.257874892308162,5.630397870121157
train_1m,baseline_only,427,4.988566600359404,5.630397870121157
train_1m,baseline_only,428,6.001700621384841,5.630397870121157
train_1m,baseline_only,429,5.0852461228003865,5.630397870121157
train_1m,baseline_only,430,4.967501548620371,5.630397870121157
train_1m,baseline_only,431,5.407969749890841,5.630397870121157
train_1m,baseline_only,432,5.276859686924861,5.630397870121157
train_1m,baseline_only,433,4.836559809171236,5.630397870121157
train_1m,baseline_only,434,6.334114698263315,5.630397870121157
train_1m,baseline_only,435,5.860291627737192,5.630397870121157
train_1m,baseline_only,436,5.229294428458581,5.630397870121157
train_1m,baseline_only,437,4.912032475838294,5.630397870121157
train_1m,baseline_only,438,5.155846769993122,5.630397870121157
train_1m,baseline_only,439,5.038766714242788,5.630397870121157
train_1m,baseline_only,440,5.302644949692946,5.630397870121157
train_1m,baseline_only,441,4.949524090840266,5.630397870121157
train_1m,baseline_only,442,5.054934795086201,5.630397870121157
train_1m,baseline_only,443,5.759063757382906,5.630397870121157
train_1m,baseline_only,444,4.95904712493603,5.630397870121157
train_1m,baseline_only,445,5.325273202015803,5.630397870121157
train_1m,baseline_only,446,5.274159523156973,5.630397870121157
train_1m,baseline_only,447,5.06376838684082,5.630397870121157
train_1m,baseline_only,448,5.2479963669410115,5.630397870121157
train_1m,baseline_only,449,5.777711996665368,5.630397870121157
train_1m,baseline_only,450,5.305993015949543,5.630397870121157
train_1m,baseline_only,451,5.576637203876789,5.630397870121157
train_1m,baseline_only,452,5.505244493484497,5.630397870121157
train_1m,baseline_only,453,5.030335224591768,5.630397870121157
train_1m,baseline_only,454,5.263978536312397,5.630397870121157
train_1m,baseline_only,455,5.485509193860567,5.630397870121157
train_1m,baseline_only,456,5.417599476300753,5.630397870121157
train_1m,baseline_only,457,5.454484902895414,5.630397870121157
train_1m,baseline_only,458,5.288934634282039,5.630397870121157
train_1m,baseline_only,459,5.500341011927678,5.630397870121157
train_1m,baseline_only,460,5.305441599625808,5.630397870121157
train_1m,baseline_only,461,5.101687339635996,5.630397870121157
train_1m,baseline_only,462,5.435612165010893,5.630397870121157
train_1m,baseline_only,463,5.392031669616699,5.630397870121157
train_1m,baseline_only,464,6.246409948055561,5.630397870121157
train_1m,baseline_only,465,4.991350669127244,5.630397870121157
train_1m,baseline_only,466,5.219642088963435,5.630397870121157
train_1m,baseline_only,467,5.8366319583012505,5.630397870121157
train_1m,baseline_only,468,5.090020106388972,5.630397870121157
train_1m,baseline_only,469,5.082184608166035,5.630397870121157
train_1m,baseline_only,470,5.141508432535025,5.630397870121157
train_1m,baseline_only,471,5.559896487456101,5.630397870121157
train_1m,baseline_only,472,5.452413852398212,5.630397870121157
train_1m,baseline_only,473,5.464592860295222,5.630397870121157
train_1m,baseline_only,474,5.070542518909161,5.630397870121157
train_1m,baseline_only,475,5.3017718975360575,5.630397870121157
train_1m,baseline_only,476,4.841120279752291,5.630397870121157
train_1m,baseline_only,477,5.035210719475379,5.630397870121157
train_1m,baseline_only,478,4.991526310260479,5.630397870121157
train_1m,baseline_only,479,6.170672178268433,5.630397870121157
train_1m,baseline_only,480,5.745120635399451,5.630397870121157
train_1m,baseline_only,481,5.4759024656735935,5.630397870121157
train_1m,baseline_only,482,5.1057652326730585,5.630397870121157
train_1m,baseline_only,483,5.455598702797523,5.630397870121157
train_1m,baseline_only,484,5.0685954093933105,5.630397870121157
train_1m,baseline_only,485,5.178144821753869,5.630397870121157
train_1m,baseline_only,486,6.174967270631057,5.630397870121157
train_1m,baseline_only,487,5.847340822219849,5.630397870121157
train_1m,baseline_only,488,5.207778472166795,5.630397870121157
train_1m,baseline_only,489,5.490812044877273,5.630397870121157
train_1m,baseline_only,490,5.529909739127526,5.630397870121157
train_1m,baseline_only,491,5.235699919553904,5.630397870121157
train_1m,baseline_only,492,5.376889632298396,5.630397870121157
train_1m,baseline_only,493,5.393037410882803,5.630397870121157
train_1m,baseline_only,494,4.911649593940148,5.630397870121157
train_1m,baseline_only,495,5.179699375079228,5.630397870121157
train_1m,baseline_only,496,4.952001645014836,5.630397870121157
train_1m,baseline_only,497,5.3830383374140816,5.630397870121157
train_1m,baseline_only,498,5.063532792604887,5.630397870121157
train_1m,baseline_only,499,5.382334030591524,5.630397870121157
train_1m,baseline_only,500,5.51168416096614,5.630397870121157
train_1m,baseline_only,501,5.310084141217745,5.630397870121157
train_1m,baseline_only,502,5.27580294242272,5.630397870121157
train_1m,baseline_only,503,5.0050808282998895,5.630397870121157
train_1m,baseline_only,504,5.226062151101919,5.630397870121157
train_1m,baseline_only,505,5.2189785333780145,5.630397870121157
train_1m,baseline_only,506,4.9429234724778395,5.630397870121157
train_1m,baseline_only,507,5.213699120741624,5.630397870121157
train_1m,baseline_only,508,5.799065553225004,5.630397870121157
train_1m,baseline_only,509,5.8304275549375095,5.630397870121157
train_1m,baseline_only,510,5.1176449335538425,5.630397870121157
train_1m,baseline_only,511,6.006154610560491,5.630397870121157
train_1m,frozen_1B,0,5.904635429382324,5.516847566293944
train_1m,frozen_1B,1,5.133344430189866,5.421250211630569
train_1m,frozen_1B,2,5.542253035765428,5.744298415686886
train_1m,frozen_1B,3,5.290134576650766,5.596859760807954
train_1m,frozen_1B,4,4.9657532618596,5.5890585265025985
train_1m,frozen_1B,5,5.358781594496507,5.7228224375993655
train_1m,frozen_1B,6,5.058426526876596,5.712617900952558
train_1m,frozen_1B,7,5.898907331319956,5.638170559485392
train_1m,frozen_1B,8,6.21538573044997,5.860275601581563
train_1m,frozen_1B,9,5.393702800457294,5.645049727437906
train_1m,frozen_1B,10,6.063049664864173,5.55531200206425
train_1m,frozen_1B,11,5.737708825331468,5.86657643117599
train_1m,frozen_1B,12,5.631498850308931,5.90957768829635
train_1m,frozen_1B,13,4.817876852475679,5.609759965382304
train_1m,frozen_1B,14,4.961122586176946,5.539560138851963
train_1m,frozen_1B,15,4.79795071711907,5.653914458711953
train_1m,frozen_1B,16,5.027804338015043,5.435936166992651
train_1m,frozen_1B,17,4.846522661355825,5.635392836159307
train_1m,frozen_1B,18,4.862268686294556,5.690988861469363
train_1m,frozen_1B,19,5.18797335257897,5.6371939196070535
train_1m,frozen_1B,20,5.312407071773823,5.703258773993918
train_1m,frozen_1B,21,5.267660049291758,5.718511743865131
train_1m,frozen_1B,22,5.236186431004451,5.738239260417975
train_1m,frozen_1B,23,6.004401573768029,5.668841320436334
train_1m,frozen_1B,24,5.220030491168682,5.818630137320716
train_1m,frozen_1B,25,5.404111513724694,5.733497850790498
train_1m,frozen_1B,26,4.946193236571092,5.664519879904158
train_1m,frozen_1B,27,5.129373101087717,5.414693474800956
train_1m,frozen_1B,28,6.132923419658955,5.659441317438681
train_1m,frozen_1B,29,5.525556601010836,5.632908850663426
train_1m,frozen_1B,30,5.268221598405105,5.5916204052076655
train_1m,frozen_1B,31,6.351518722680899,5.643891551044543
train_1m,frozen_1B,32,5.77667471078726,5.421584783040036
train_1m,frozen_1B,33,5.556892028221717,5.730366297632164
train_1m,frozen_1B,34,5.203048513485835,5.613822322833586
train_1m,frozen_1B,35,5.13854692532466,5.700537059324993
train_1m,frozen_1B,36,4.969163656234741,5.6663247822403
train_1m,frozen_1B,37,5.545954630925105,5.593837882478008
train_1m,frozen_1B,38,4.993031996947068,5.643528140408284
train_1m,frozen_1B,39,5.374926933875451,5.805698258978323
train_1m,frozen_1B,40,5.1798697618337775,5.481384573244598
train_1m,frozen_1B,41,5.084016616527851,5.635789753684453
train_1m,frozen_1B,42,5.076522203592154,5.411072932550836
train_1m,frozen_1B,43,5.084354584033672,5.70697526738236
train_1m,frozen_1B,44,5.588743741695698,5.592166866026544
train_1m,frozen_1B,45,4.864920946267935,5.570782530500664
train_1m,frozen_1B,46,5.89624966107882,5.5577834649822275
train_1m,frozen_1B,47,5.411233351780818,5.779822558977411
train_1m,frozen_1B,48,5.7741538011110745,5.645337467107259
train_1m,frozen_1B,49,5.143856727159941,5.762348327998733
train_1m,frozen_1B,50,5.70809296461252,5.4294359696439125
train_1m,frozen_1B,51,5.145880625798152,5.729510506670584
train_1m,frozen_1B,52,5.5614226047809305,5.74296562665092
train_1m,frozen_1B,53,5.299323155329778,5.4193090925306775
train_1m,frozen_1B,54,5.317342171302209,5.5622755658433825
train_1m,frozen_1B,55,4.808996420640212,5.549769034135877
train_1m,frozen_1B,56,5.887269716996413,5.522139326509306
train_1m,frozen_1B,57,5.4202854083134575,5.408830469057109
train_1m,frozen_1B,58,5.7707441953512335,5.8452393081798215
train_1m,frozen_1B,59,5.324331246889555,5.655828759741433
train_1m,frozen_1B,60,5.112476293857281,5.414389520304429
train_1m,frozen_1B,61,4.98912211564871,5.712834097688372
train_1m,frozen_1B,62,5.187093367943397,5.515836385162993
train_1m,frozen_1B,63,5.2748544949751635,5.734535329346484
train_1m,frozen_1B,64,5.458681143247164,5.488372741733452
train_1m,frozen_1B,65,5.32672276863685,5.614285114039964
train_1m,frozen_1B,66,5.0674561720628,5.685026912624919
train_1m,frozen_1B,67,5.173592264835651,5.4767393554074095
train_1m,frozen_1B,68,5.631533072544978,5.5158291543613265
train_1m,frozen_1B,69,6.022816988138052,5.825937068769267
train_1m,frozen_1B,70,5.365188855391282,5.7141310561083465
train_1m,frozen_1B,71,4.787480858656076,5.5672881754284775
train_1m,frozen_1B,72,5.179639073518606,5.475188364158696
train_1m,frozen_1B,73,5.226524077928984,5.616123177512832
train_1m,frozen_1B,74,4.9586097827324505,5.711068706550822
train_1m,frozen_1B,75,5.651923748163076,5.550277240316494
train_1m,frozen_1B,76,5.3520875710707445,5.847421804442671
train_1m,frozen_1B,77,5.554785545055683,5.801192222389819
train_1m,frozen_1B,78,5.4707560906043415,5.603145999384382
train_1m,frozen_1B,79,5.09033621274508,5.45351344488169
train_1m,frozen_1B,80,5.297927673046406,5.875125011385753
train_1m,frozen_1B,81,5.424900385049673,5.729404840509667
train_1m,frozen_1B,82,5.750808275662935,5.492204914612728
train_1m,frozen_1B,83,4.950157734063955,5.275836218933486
train_1m,frozen_1B,84,5.716571239324717,5.426474606655616
train_1m,frozen_1B,85,5.235661506652832,5.650594839049275
train_1m,frozen_1B,86,5.10342132128202,5.652274405518081
train_1m,frozen_1B,87,5.470787085019625,5.754138475464891
train_1m,frozen_1B,88,4.961350642717802,5.440353162328837
train_1m,frozen_1B,89,5.33156681060791,5.626979251567467
train_1m,frozen_1B,90,5.31988525390625,5.584175779873144
train_1m,frozen_1B,91,5.012554086171663,5.715117691456862
train_1m,frozen_1B,92,5.421647585355318,5.700866137256082
train_1m,frozen_1B,93,5.098412843850943,5.515506298055081
train_1m,frozen_1B,94,5.005955879504864,5.3917605074945
train_1m,frozen_1B,95,5.560164378239558,5.431229196839049
train_1m,frozen_1B,96,5.086579616253193,5.529598640998155
train_1m,frozen_1B,97,4.968219261903029,5.623122597644943
train_1m,frozen_1B,98,5.034334586216853,5.476723896157896
train_1m,frozen_1B,99,5.14715836598323,5.411792776516115
train_1m,frozen_1B,100,5.508998687450703,5.516594947706523
train_1m,frozen_1B,101,5.058160011584942,5.690304971793942
train_1m,frozen_1B,102,5.707575486256526,5.853494501969482
train_1m,frozen_1B,103,5.525642706797673,5.659157701082672
train_1m,frozen_1B,104,5.0328695223881645,5.723930334795625
train_1m,frozen_1B,105,5.289851610477154,5.536943741432212
train_1m,frozen_1B,106,4.989442605238694,5.647670049878349
train_1m,frozen_1B,107,5.295009301258967,5.448667608974888
train_1m,frozen_1B,108,5.334094707782452,5.658848425417492
train_1m,frozen_1B,109,5.449594552700336,5.848348490396921
train_1m,frozen_1B,110,5.312416535157424,5.518688946568866
train_1m,frozen_1B,111,5.569669283353365,5.768154542390278
train_1m,frozen_1B,112,5.79182611978971,5.558710608859167
train_1m,frozen_1B,113,5.115278867574839,5.694392481447718
train_1m,frozen_1B,114,5.0793792467850905,5.663917808864905
train_1m,frozen_1B,115,5.581812601823073,5.702690152076363
train_1m,frozen_1B,116,5.493302418635442,5.605446790915617
train_1m,frozen_1B,117,5.253312000861535,5.579433917867619
train_1m,frozen_1B,118,5.23164596924415,5.654760247170895
train_1m,frozen_1B,119,5.474159240722656,5.556354979286389
train_1m,frozen_1B,120,4.878322711357703,5.542530181693981
train_1m,frozen_1B,121,5.4010228377122145,5.474896342949888
train_1m,frozen_1B,122,5.233468826000507,5.759488988610998
train_1m,frozen_1B,123,5.488834692881658,5.730394593155224
train_1m,frozen_1B,124,4.976043426073515,5.750029353326901
train_1m,frozen_1B,125,5.585982726170466,5.711237624814628
train_1m,frozen_1B,126,5.2504966259002686,5.517865455501809
train_1m,frozen_1B,127,5.531904037182148,5.549342391592052
train_1m,frozen_1B,128,5.114644875893226,5.702134764210964
train_1m,frozen_1B,129,5.506486379183256,5.466595832313872
train_1m,frozen_1B,130,5.957377782234778,5.924026468281093
train_1m,frozen_1B,131,5.082580731465266,5.714768603146549
train_1m,frozen_1B,132,5.319046313946064,5.738629512271045
train_1m,frozen_1B,133,4.923890682367178,5.676697221308784
train_1m,frozen_1B,134,4.972090299312885,5.6406350361528155
train_1m,frozen_1B,135,4.926703443894019,5.617327891741839
train_1m,frozen_1B,136,4.777031256602361,5.611136281200417
train_1m,frozen_1B,137,5.449319784457867,5.593289892673283
train_1m,frozen_1B,138,4.83827004982875,5.410145472898724
train_1m,frozen_1B,139,5.102373728385339,5.695187013503166
train_1m,frozen_1B,140,5.222839227089515,5.658337479959389
train_1m,frozen_1B,141,5.015156672551082,5.613883109841466
train_1m,frozen_1B,142,4.806556151463435,5.53305248641155
train_1m,frozen_1B,143,4.959281939726609,5.625291785585531
train_1m,frozen_1B,144,5.952231370485746,5.860973310672132
train_1m,frozen_1B,145,5.150994777679443,5.627062428931547
train_1m,frozen_1B,146,5.291426695310152,5.7516927208492765
train_1m,frozen_1B,147,4.931557105137752,5.616580627288418
train_1m,frozen_1B,148,5.27410074380728,5.76428941211836
train_1m,frozen_1B,149,5.937332300039438,5.889620369906893
train_1m,frozen_1B,150,5.100791674393874,5.551463431396308
train_1m,frozen_1B,151,5.498166927924523,5.779547748167854
train_1m,frozen_1B,152,5.385987942035381,5.503067050863878
train_1m,frozen_1B,153,5.031752347946167,5.697646947804733
train_1m,frozen_1B,154,5.387985853048471,5.673309182384695
train_1m,frozen_1B,155,5.079572989390447,5.719013412790867
train_1m,frozen_1B,156,5.245475769042969,5.724501622260192
train_1m,frozen_1B,157,5.923797717461219,5.540731974724509
train_1m,frozen_1B,158,5.11954140663147,5.52400664500664
train_1m,frozen_1B,159,5.644763946533203,5.508779777250291
train_1m,frozen_1B,160,5.495572090148926,5.701664882084254
train_1m,frozen_1B,161,5.367383810190054,5.764675783798284
train_1m,frozen_1B,162,5.3949007254380446,5.665031560092052
train_1m,frozen_1B,163,5.122750318967379,5.7197389657448365
train_1m,frozen_1B,164,5.165469132936918,5.702585930716918
train_1m,frozen_1B,165,5.544644575852614,5.425406998090977
train_1m,frozen_1B,166,5.240923624772292,5.743828556312943
train_1m,frozen_1B,167,5.24033796787262,5.397746934134824
train_1m,frozen_1B,168,5.386430887075571,5.38945590740852
train_1m,frozen_1B,169,4.753428780115568,5.587282619595419
train_1m,frozen_1B,170,5.758380779853234,5.487636366479096
train_1m,frozen_1B,171,4.881629925507766,5.5989467838931954
train_1m,frozen_1B,172,5.508442255166861,5.647739299966582
train_1m,frozen_1B,173,5.495788207420936,5.738374289224589
train_1m,frozen_1B,174,5.148220539093018,5.3920465942309175
train_1m,frozen_1B,175,5.556494043423579,5.604477973469178
train_1m,frozen_1B,176,5.095407596001258,5.638122736617289
train_1m,frozen_1B,177,5.937310732327974,5.464765323309279
train_1m,frozen_1B,178,4.976028167284452,5.68554000239835
train_1m,frozen_1B,179,5.494938593644362,5.807642709867422
train_1m,frozen_1B,180,5.141839816020085,5.762070741264166
train_1m,frozen_1B,181,5.295228261214036,5.729883287233518
train_1m,frozen_1B,182,5.253902343603281,5.473713276339735
train_1m,frozen_1B,183,5.191439298483042,5.623211935641883
train_1m,frozen_1B,184,5.2902715022747335,5.637315154523043
train_1m,frozen_1B,185,4.878201521359957,5.640586752068316
train_1m,frozen_1B,186,5.423074575570913,5.6600358635687105
train_1m,frozen_1B,187,5.185021583850567,5.470210797015884
train_1m,frozen_1B,188,5.652520766625037,5.522084918119838
train_1m,frozen_1B,189,5.019367126318125,5.569723066527728
train_1m,frozen_1B,190,5.316304060129019,5.691834517095346
train_1m,frozen_1B,191,5.892361090733455,5.556833416064164
train_1m,frozen_1B,192,5.536613170917217,5.574999978738893
train_1m,frozen_1B,193,5.429344837482159,5.392344608864158
train_1m,frozen_1B,194,4.924977174172034,5.716185564403375
train_1m,frozen_1B,195,4.989451243327214,5.599031557716172
train_1m,frozen_1B,196,4.980419287314782,5.608401220006386
train_1m,frozen_1B,197,5.206969554607685,5.7501731231440925
train_1m,frozen_1B,198,5.577325490804819,5.44762415586146
train_1m,frozen_1B,199,4.981486100416917,5.720325023838546
train_1m,frozen_1B,200,5.27765663770529,5.616573279082813
train_1m,frozen_1B,201,5.150389304527869,5.552419887649787
train_1m,frozen_1B,202,5.623192493732159,5.472165758551839
train_1m,frozen_1B,203,4.941437867971567,5.691552290701363
train_1m,frozen_1B,204,5.35276198387146,5.719170272877237
train_1m,frozen_1B,205,5.266261522586529,5.621559221059233
train_1m,frozen_1B,206,5.7279043931227465,5.837617279674488
train_1m,frozen_1B,207,5.5625254190885105,5.5069234806598635
train_1m,frozen_1B,208,5.313656513507549,5.708910532772027
train_1m,frozen_1B,209,5.629430532455444,5.865125973750201
train_1m,frozen_1B,210,4.933682166613066,5.735639201684356
train_1m,frozen_1B,211,5.075303829633272,5.566502187489741
train_1m,frozen_1B,212,5.264764015491192,5.616682813222085
train_1m,frozen_1B,213,4.916725580508892,5.523266791218239
train_1m,frozen_1B,214,5.386073754383967,5.737298476544755
train_1m,frozen_1B,215,5.281318224393404,5.458289155767194
train_1m,frozen_1B,216,5.939222537554228,5.647007737286684
train_1m,frozen_1B,217,5.080042637311495,5.624440796522906
train_1m,frozen_1B,218,5.515955741588886,5.7578754467771756
train_1m,frozen_1B,219,5.317405902422392,5.738707334915532
train_1m,frozen_1B,220,5.251096872182993,5.589560444697966
train_1m,frozen_1B,221,6.054345736136804,5.683020511456811
train_1m,frozen_1B,222,5.7078226162837105,5.895875056919706
train_1m,frozen_1B,223,5.286468689258282,5.4350330629482055
train_1m,frozen_1B,224,5.014853074000432,5.650660987324799
train_1m,frozen_1B,225,5.161886325249305,5.7687152443314975
train_1m,frozen_1B,226,4.919211167555589,5.7081172827564615
train_1m,frozen_1B,227,5.416094890007606,5.490796913421367
train_1m,frozen_1B,228,5.332706378056453,5.421749505641287
train_1m,frozen_1B,229,5.555266838807326,5.799336223523081
train_1m,frozen_1B,230,5.509172256176289,5.464954424831551
train_1m,frozen_1B,231,5.255817715938274,5.366252912542586
train_1m,frozen_1B,232,5.338685842660757,5.820268535675347
train_1m,frozen_1B,233,5.009716492432815,5.395705811034266
train_1m,frozen_1B,234,5.199401617050171,5.795917082143025
train_1m,frozen_1B,235,5.195423227090102,5.61666199514027
train_1m,frozen_1B,236,5.799081563949585,5.679446155883699
train_1m,frozen_1B,237,5.919422388076782,5.927411976645489
train_1m,frozen_1B,238,5.059099765924307,5.63499673195121
train_1m,frozen_1B,239,5.506106009850135,5.693624906010372
train_1m,frozen_1B,240,5.525696662756113,5.381160867619091
train_1m,frozen_1B,241,5.40106816475208,5.784673259242464
train_1m,frozen_1B,242,5.341662150162917,5.769392672212826
train_1m,frozen_1B,243,4.994082230788011,5.645264416775552
train_1m,frozen_1B,244,5.183573704499465,5.674158437502042
train_1m,frozen_1B,245,5.13984856238732,5.704383039908992
train_1m,frozen_1B,246,5.323499386127178,5.7139788197360355
train_1m,frozen_1B,247,5.34416048343365,5.644416675763501
train_1m,frozen_1B,248,5.37323548243596,5.403121278176152
train_1m,frozen_1B,249,5.615814529932463,5.687188379793322
train_1m,frozen_1B,250,5.4239313785846415,5.824896870129847
train_1m,frozen_1B,251,5.004812167241023,5.668121457202688
train_1m,frozen_1B,252,5.4878202218275804,5.741246602478128
train_1m,frozen_1B,253,5.389522057313186,5.810409088945571
train_1m,frozen_1B,254,5.556340786126944,5.732106662064225
train_1m,frozen_1B,255,5.307339998391958,5.631473079764022
train_1m,frozen_1B,256,5.03038554925185,5.634688547814955
train_1m,frozen_1B,257,5.418178778428298,5.6427702593115034
train_1m,frozen_1B,258,5.371851370884822,5.821470295308694
train_1m,frozen_1B,259,5.7834014525780315,5.537800999831546
train_1m,frozen_1B,260,5.06170626787039,5.649137801788854
train_1m,frozen_1B,261,5.518408151773306,5.653125412533724
train_1m,frozen_1B,262,5.314384533808782,5.629386673108371
train_1m,frozen_1B,263,5.524590308849628,5.734734084295388
train_1m,frozen_1B,264,5.651582589516273,5.610923524698764
train_1m,frozen_1B,265,5.377012876363901,5.719496467473581
train_1m,frozen_1B,266,5.555308268620418,5.7929095634595935
train_1m,frozen_1B,267,5.118859511155349,5.7051083888206575
train_1m,frozen_1B,268,5.7348542763636665,5.52033509450065
train_1m,frozen_1B,269,4.772263802014864,5.57813285838122
train_1m,frozen_1B,270,5.168233174544114,5.679912838055113
train_1m,frozen_1B,271,5.113263203547551,5.6364829654839745
train_1m,frozen_1B,272,5.372246265411377,5.501873898302572
train_1m,frozen_1B,273,5.4840655877039985,5.725122161591069
train_1m,frozen_1B,274,5.481735412891094,5.51728001397236
train_1m,frozen_1B,275,5.6565719567812405,5.529913057566353
train_1m,frozen_1B,276,5.6439738273620605,5.484537166865565
train_1m,frozen_1B,277,5.830113245890691,5.46302072408973
train_1m,frozen_1B,278,5.660053179814265,5.518399909881187
train_1m,frozen_1B,279,5.6408299299386835,5.581129993997962
train_1m,frozen_1B,280,5.064841105387761,5.673831635316717
train_1m,frozen_1B,281,5.228692348186787,5.436856490862786
train_1m,frozen_1B,282,5.9031042869274435,5.576998477424279
train_1m,frozen_1B,283,5.360134968390832,5.522814191713797
train_1m,frozen_1B,284,5.571967161618746,5.644278193038669
train_1m,frozen_1B,285,5.467186029140766,5.713158670706769
train_1m,frozen_1B,286,5.316890203035795,5.638454611907877
train_1m,frozen_1B,287,5.25947904586792,5.506422334697986
train_1m,frozen_1B,288,5.4515665127680855,5.718002725995752
train_1m,frozen_1B,289,5.292156980587886,5.827476414372094
train_1m,frozen_1B,290,5.612547966150137,5.540729225907365
train_1m,frozen_1B,291,6.091124222828792,5.570723275360818
train_1m,frozen_1B,292,5.161940959783701,5.66782990258381
train_1m,frozen_1B,293,6.396356949439416,5.828829611680478
train_1m,frozen_1B,294,5.254497766494751,5.674115766147448
train_1m,frozen_1B,295,5.7086256467379055,5.810992552520544
train_1m,frozen_1B,296,5.428704261779785,5.545829122004246
train_1m,frozen_1B,297,5.2843863138785725,5.651730772238401
train_1m,frozen_1B,298,5.40080110843365,5.705478687528662
train_1m,frozen_1B,299,6.15841504243704,5.73355177348479
train_1m,frozen_1B,300,5.000038953927847,5.517710658914923
train_1m,frozen_1B,301,5.348329067230225,5.647819731773245
train_1m,frozen_1B,302,5.872115960487952,5.952252256110701
train_1m,frozen_1B,303,5.591289556943453,5.746857654794927
train_1m,frozen_1B,304,6.041809155390813,5.607170844247876
train_1m,frozen_1B,305,5.382696005014273,5.78656093086183
train_1m,frozen_1B,306,5.53076459811284,5.735241390157305
train_1m,frozen_1B,307,4.991022513462947,5.651395877104209
train_1m,frozen_1B,308,5.542721051436204,5.423496188526453
train_1m,frozen_1B,309,5.260374949528621,5.363523897711041
train_1m,frozen_1B,310,4.919286214388334,5.693270842933718
train_1m,frozen_1B,311,5.421507065112774,5.512760781776148
train_1m,frozen_1B,312,5.611201561414278,5.665577423130906
train_1m,frozen_1B,313,5.246305025540865,5.561482920337123
train_1m,frozen_1B,314,5.568589925765991,5.7794624315456655
train_1m,frozen_1B,315,5.172437704526461,5.635190611042661
train_1m,frozen_1B,316,5.737836654369648,5.637933462542588
train_1m,frozen_1B,317,5.92633593082428,5.668189475247093
train_1m,frozen_1B,318,5.4916139382582445,5.686117105092454
train_1m,frozen_1B,319,5.526452798109788,5.718034629627557
train_1m,frozen_1B,320,5.502916281039898,5.520306267873343
train_1m,frozen_1B,321,5.884679794311523,5.541269027495384
train_1m,frozen_1B,322,4.9917039687816915,5.5903127437293545
train_1m,frozen_1B,323,5.27025844500615,5.3769393569426445
train_1m,frozen_1B,324,5.309898376464844,5.709483273480556
train_1m,frozen_1B,325,5.264256734114427,5.783680458403833
train_1m,frozen_1B,326,5.226937073927659,5.808122234601412
train_1m,frozen_1B,327,6.758002519607544,5.706942120917367
train_1m,frozen_1B,328,5.574751523824839,5.801651518586758
train_1m,frozen_1B,329,5.108058525965764,5.422807061823723
train_1m,frozen_1B,330,5.055047603753897,5.659405863651249
train_1m,frozen_1B,331,5.271875674907978,5.769894878438408
train_1m,frozen_1B,332,5.157759996560904,5.695219545867096
train_1m,frozen_1B,333,5.233025404123159,5.698263671757832
train_1m,frozen_1B,334,5.669360142487746,5.574812417822475
train_1m,frozen_1B,335,5.511850173656757,5.813259419914464
train_1m,frozen_1B,336,5.4885938717768745,5.502213789477822
train_1m,frozen_1B,337,5.3023834595313435,5.61303513054508
train_1m,frozen_1B,338,5.181351038125845,5.617162131135169
train_1m,frozen_1B,339,4.951281474186824,5.723092962393897
train_1m,frozen_1B,340,5.420316439408523,5.793276144592114
train_1m,frozen_1B,341,5.323123565086951,5.54944389131305
train_1m,frozen_1B,342,5.10161095399123,5.69002373103075
train_1m,frozen_1B,343,5.805060203258808,5.435084818520149
train_1m,frozen_1B,344,5.447537899017334,5.627076427084564
train_1m,frozen_1B,345,4.819319413258479,5.474701095571742
train_1m,frozen_1B,346,5.474208795107328,5.784625857877592
train_1m,frozen_1B,347,5.513573683225191,5.70975337265113
train_1m,frozen_1B,348,4.789364090332618,5.659567513697926
train_1m,frozen_1B,349,4.949371282870953,5.389214095916303
train_1m,frozen_1B,350,5.155112578318669,5.487672802379693
train_1m,frozen_1B,351,6.082065105438232,5.624107177069527
train_1m,frozen_1B,352,4.982067768390362,5.607652673311188
train_1m,frozen_1B,353,5.095458324138935,5.696378400626094
train_1m,frozen_1B,354,5.431123109964224,5.423496724401091
train_1m,frozen_1B,355,5.071555045934824,5.516998873368687
train_1m,frozen_1B,356,5.1868560039080105,5.694661396397864
train_1m,frozen_1B,357,5.22973895072937,5.763986009462469
train_1m,frozen_1B,358,5.089330783257117,5.490717561870349
train_1m,frozen_1B,359,5.347133031258216,5.476850364241807
train_1m,frozen_1B,360,5.629197524144099,5.623758090873048
train_1m,frozen_1B,361,5.672273489145132,5.650548843715063
train_1m,frozen_1B,362,5.077806289379414,5.62172251545121
train_1m,frozen_1B,363,5.59030400789701,5.83633912064505
train_1m,frozen_1B,364,4.976911544799805,5.596671311903001
train_1m,frozen_1B,365,5.484955695959238,5.592219871033857
train_1m,frozen_1B,366,4.912813470913814,5.633456667957227
train_1m,frozen_1B,367,4.928864295666035,5.662512295158029
train_1m,frozen_1B,368,5.482219567665687,5.465846908754447
train_1m,frozen_1B,369,5.380783301133376,5.695097919409519
train_1m,frozen_1B,370,5.210643355663006,5.664783413564662
train_1m,frozen_1B,371,5.45513941691472,5.778803983589105
train_1m,frozen_1B,372,5.800429747654841,5.531981408954099
train_1m,frozen_1B,373,5.3152457017164965,5.535062613263771
train_1m,frozen_1B,374,5.317656076871431,5.695127510257119
train_1m,frozen_1B,375,5.38286698781527,5.584639306707397
train_1m,frozen_1B,376,5.371554961571326,5.485235545366527
train_1m,frozen_1B,377,6.05059737425584,5.500291786459067
train_1m,frozen_1B,378,4.8844727736253,5.5846850713791545
train_1m,frozen_1B,379,5.615977342312153,5.561245113622176
train_1m,frozen_1B,380,5.012710406230046,5.580228357948223
train_1m,frozen_1B,381,6.0491665326631985,5.9193061000110845
train_1m,frozen_1B,382,6.205285732562725,5.404471538790863
train_1m,frozen_1B,383,4.9754770535689135,5.665437506504396
train_1m,frozen_1B,384,5.126936912536621,5.5040272195503865
train_1m,frozen_1B,385,6.058488790805523,5.848675374732531
train_1m,frozen_1B,386,6.239235474513127,5.793353757042452
train_1m,frozen_1B,387,5.574407174037053,5.7105784808265705
train_1m,frozen_1B,388,5.805640147282527,5.722840162500973
train_1m,frozen_1B,389,5.128426423439612,5.761529235319474
train_1m,frozen_1B,390,5.583163958329421,5.750465894593774
train_1m,frozen_1B,391,5.3277291517991285,5.799748506309033
train_1m,frozen_1B,392,4.8987074081714335,5.70759348777916
train_1m,frozen_1B,393,5.782568711500901,5.785070323944525
train_1m,frozen_1B,394,5.253134094751799,5.701302396847965
train_1m,frozen_1B,395,5.5238377681145305,5.439558862591403
train_1m,frozen_1B,396,5.1657520440908575,5.664791944942826
train_1m,frozen_1B,397,5.180898207884568,5.778258391289668
train_1m,frozen_1B,398,5.519307631712693,5.771574196099919
train_1m,frozen_1B,399,5.013546888644878,5.4299962700905
train_1m,frozen_1B,400,4.867796861208403,5.713871734186139
train_1m,frozen_1B,401,5.215671227528499,5.738845733322107
train_1m,frozen_1B,402,4.9522881141075725,5.426294340357761
train_1m,frozen_1B,403,5.017572696392353,5.588174287256512
train_1m,frozen_1B,404,5.418186976359441,5.81645406379196
train_1m,frozen_1B,405,5.359878778457642,5.789030863350271
train_1m,frozen_1B,406,5.137108692756066,5.6962285352657736
train_1m,frozen_1B,407,5.67198214164147,5.712325957892913
train_1m,frozen_1B,408,4.944631301439726,5.5493692308055405
train_1m,frozen_1B,409,5.49001851448646,5.620962097909322
train_1m,frozen_1B,410,5.2178285488715535,5.798655007696249
train_1m,frozen_1B,411,5.691750398048987,5.613439492476005
train_1m,frozen_1B,412,5.358504588787373,5.718804784631521
train_1m,frozen_1B,413,5.09181979069343,5.318920228931142
train_1m,frozen_1B,414,5.052486749795767,5.5367279746706135
train_1m,frozen_1B,415,5.228025381381695,5.604274424486363
train_1m,frozen_1B,416,4.965925161655132,5.398253974455914
train_1m,frozen_1B,417,5.894948904330914,5.476648805853281
train_1m,frozen_1B,418,4.907001770459688,5.6620310795935485
train_1m,frozen_1B,419,5.029015962894146,5.596118432806924
train_1m,frozen_1B,420,5.417145197208111,5.416405569431702
train_1m,frozen_1B,421,4.96103495817918,5.446284141225295
train_1m,frozen_1B,422,5.655895123114953,5.781588074171694
train_1m,frozen_1B,423,4.899122439897978,5.524207742491469
train_1m,frozen_1B,424,4.995036235222449,5.518747620304103
train_1m,frozen_1B,425,5.170091940806462,5.7067075564259815
train_1m,frozen_1B,426,5.257874892308162,5.750436767867776
train_1m,frozen_1B,427,4.988566600359404,5.77835270425315
train_1m,frozen_1B,428,6.001700621384841,5.572352400715115
train_1m,frozen_1B,429,5.0852461228003865,5.624020937548303
train_1m,frozen_1B,430,4.967501548620371,5.694522402377057
train_1m,frozen_1B,431,5.407969749890841,5.503837631207535
train_1m,frozen_1B,432,5.276859686924861,5.52688475819467
train_1m,frozen_1B,433,4.836559809171236,5.526305293637533
train_1m,frozen_1B,434,6.334114698263315,5.8735300953124625
train_1m,frozen_1B,435,5.860291627737192,5.831474290089847
train_1m,frozen_1B,436,5.229294428458581,5.686202634127891
train_1m,frozen_1B,437,4.912032475838294,5.610002015290451
train_1m,frozen_1B,438,5.155846769993122,5.470215279009017
train_1m,frozen_1B,439,5.038766714242788,5.827004777250486
train_1m,frozen_1B,440,5.302644949692946,5.405255148542496
train_1m,frozen_1B,441,4.949524090840266,5.7235239678509435
train_1m,frozen_1B,442,5.054934795086201,5.705661792589631
train_1m,frozen_1B,443,5.759063757382906,5.5848363686788876
train_1m,frozen_1B,444,4.95904712493603,5.5513530106902556
train_1m,frozen_1B,445,5.325273202015803,5.618130845910609
train_1m,frozen_1B,446,5.274159523156973,5.619474760011792
train_1m,frozen_1B,447,5.06376838684082,5.756953651130181
train_1m,frozen_1B,448,5.2479963669410115,5.662663546174093
train_1m,frozen_1B,449,5.777711996665368,5.480148084676641
train_1m,frozen_1B,450,5.305993015949543,5.474879623329243
train_1m,frozen_1B,451,5.576637203876789,5.9023683870443575
train_1m,frozen_1B,452,5.505244493484497,5.50245347199828
train_1m,frozen_1B,453,5.030335224591768,5.618239698357261
train_1m,frozen_1B,454,5.263978536312397,5.648485452146626
train_1m,frozen_1B,455,5.485509193860567,5.81050148285206
train_1m,frozen_1B,456,5.417599476300753,5.744172376573927
train_1m,frozen_1B,457,5.454484902895414,5.67945941407474
train_1m,frozen_1B,458,5.288934634282039,5.681141131708154
train_1m,frozen_1B,459,5.500341011927678,5.545090410589152
train_1m,frozen_1B,460,5.305441599625808,5.462831060830102
train_1m,frozen_1B,461,5.101687339635996,5.647662181617163
train_1m,frozen_1B,462,5.435612165010893,5.690984218134881
train_1m,frozen_1B,463,5.392031669616699,5.6752633588405
train_1m,frozen_1B,464,6.246409948055561,5.487134970269734
train_1m,frozen_1B,465,4.991350669127244,5.71999409841056
train_1m,frozen_1B,466,5.219642088963435,5.469895414960988
train_1m,frozen_1B,467,5.8366319583012505,5.453790520596623
train_1m,frozen_1B,468,5.090020106388972,5.402129756188919
train_1m,frozen_1B,469,5.082184608166035,5.720075137021016
train_1m,frozen_1B,470,5.141508432535025,5.528825606266841
train_1m,frozen_1B,471,5.559896487456101,5.66272878576183
train_1m,frozen_1B,472,5.452413852398212,5.865283351536198
train_1m,frozen_1B,473,5.464592860295222,5.519747703168078
train_1m,frozen_1B,474,5.070542518909161,5.372383332226562
train_1m,frozen_1B,475,5.3017718975360575,5.72626287710903
train_1m,frozen_1B,476,4.841120279752291,5.623362296955804
train_1m,frozen_1B,477,5.035210719475379,5.592291934779956
train_1m,frozen_1B,478,4.991526310260479,5.734071156963974
train_1m,frozen_1B,479,6.170672178268433,5.712477332788571
train_1m,frozen_1B,480,5.745120635399451,5.479023006822304
train_1m,frozen_1B,481,5.4759024656735935,5.810316635035658
train_1m,frozen_1B,482,5.1057652326730585,5.5556594988587795
train_1m,frozen_1B,483,5.455598702797523,5.507528188652194
train_1m,frozen_1B,484,5.0685954093933105,5.372533591979347
train_1m,frozen_1B,485,5.178144821753869,5.647395623286264
train_1m,frozen_1B,486,6.174967270631057,5.6752001346755385
train_1m,frozen_1B,487,5.847340822219849,5.566325884674631
train_1m,frozen_1B,488,5.207778472166795,5.645551083647245
train_1m,frozen_1B,489,5.490812044877273,5.753657331226522
train_1m,frozen_1B,490,5.529909739127526,5.507077664505912
train_1m,frozen_1B,491,5.235699919553904,5.6262272546136085
train_1m,frozen_1B,492,5.376889632298396,5.8278962901533795
train_1m,frozen_1B,493,5.393037410882803,5.494532922734393
train_1m,frozen_1B,494,4.911649593940148,5.569510443756081
train_1m,frozen_1B,495,5.179699375079228,5.397018484678619
train_1m,frozen_1B,496,4.952001645014836,5.330434672088606
train_1m,frozen_1B,497,5.3830383374140816,5.513284723787028
train_1m,frozen_1B,498,5.063532792604887,5.616699300080272
train_1m,frozen_1B,499,5.382334030591524,5.652862045554057
train_1m,frozen_1B,500,5.51168416096614,5.568434488098816
train_1m,frozen_1B,501,5.310084141217745,5.635615117641752
train_1m,frozen_1B,502,5.27580294242272,5.534172166088592
train_1m,frozen_1B,503,5.0050808282998895,5.566106892458759
train_1m,frozen_1B,504,5.226062151101919,5.581255263236817
train_1m,frozen_1B,505,5.2189785333780145,5.710467320913785
train_1m,frozen_1B,506,4.9429234724778395,5.611207129593718
train_1m,frozen_1B,507,5.213699120741624,5.5687638430778
train_1m,frozen_1B,508,5.799065553225004,5.523353766245686
train_1m,frozen_1B,509,5.8304275549375095,5.580477449347005
train_1m,frozen_1B,510,5.1176449335538425,5.679269727775817
train_1m,frozen_1B,511,6.006154610560491,5.554317158194631
train_1m,extrap_trend,0,5.904635429382324,5.700632128552463
train_1m,extrap_trend,1,5.133344430189866,5.622945180625332
train_1m,extrap_trend,2,5.542253035765428,5.74955527898211
train_1m,extrap_trend,3,5.290134576650766,5.6864316683940865
train_1m,extrap_trend,4,4.9657532618596,5.544439710512904
train_1m,extrap_trend,5,5.358781594496507,5.684905216671894
train_1m,extrap_trend,6,5.058426526876596,5.658077148919001
train_1m,extrap_trend,7,5.898907331319956,5.77831262152303
train_1m,extrap_trend,8,6.21538573044997,5.7498627271790435
train_1m,extrap_trend,9,5.393702800457294,5.658688900298927
train_1m,extrap_trend,10,6.063049664864173,5.622029109965401
train_1m,extrap_trend,11,5.737708825331468,5.8118017915153155
train_1m,extrap_trend,12,5.631498850308931,5.898404998087253
train_1m,extrap_trend,13,4.817876852475679,5.525805252308976
train_1m,extrap_trend,14,4.961122586176946,5.579950415279499
train_1m,extrap_trend,15,4.79795071711907,5.448596946449186
train_1m,extrap_trend,16,5.027804338015043,5.449961603427894
train_1m,extrap_trend,17,4.846522661355825,5.469256795839946
train_1m,extrap_trend,18,4.862268686294556,5.583128647847937
train_1m,extrap_trend,19,5.18797335257897,5.685300960979656
train_1m,extrap_trend,20,5.312407071773823,5.6148801340803
train_1m,extrap_trend,21,5.267660049291758,5.716699489747942
train_1m,extrap_trend,22,5.236186431004451,5.565705263105871
train_1m,extrap_trend,23,6.004401573768029,5.8233992592425174
train_1m,extrap_trend,24,5.220030491168682,5.5730200349502805
train_1m,extrap_trend,25,5.404111513724694,5.6006642393584265
train_1m,extrap_trend,26,4.946193236571092,5.632083965764374
train_1m,extrap_trend,27,5.129373101087717,5.475061099299145
train_1m,extrap_trend,28,6.132923419658955,5.770468348318163
train_1m,extrap_trend,29,5.525556601010836,5.6333854919773945
train_1m,extrap_trend,30,5.268221598405105,5.6775112991374925
train_1m,extrap_trend,31,6.351518722680899,5.727763840540504
train_1m,extrap_trend,32,5.77667471078726,5.649565649541576
train_1m,extrap_trend,33,5.556892028221717,5.667813498250429
train_1m,extrap_trend,34,5.203048513485835,5.293504833939205
train_1m,extrap_trend,35,5.13854692532466,5.42227062782644
train_1m,extrap_trend,36,4.969163656234741,5.622387402295254
train_1m,extrap_trend,37,5.545954630925105,5.722795100938577
train_1m,extrap_trend,38,4.993031996947068,5.608821918870514
train_1m,extrap_trend,39,5.374926933875451,5.711217822484477
train_1m,extrap_trend,40,5.1798697618337775,5.490953801279769
train_1m,extrap_trend,41,5.084016616527851,5.686372937390354
train_1m,extrap_trend,42,5.076522203592154,5.55257041302019
train_1m,extrap_trend,43,5.084354584033672,5.587424253754831
train_1m,extrap_trend,44,5.588743741695698,5.6378336119539405
train_1m,extrap_trend,45,4.864920946267935,5.480508094368204
train_1m,extrap_trend,46,5.89624966107882,5.48116570377887
train_1m,extrap_trend,47,5.411233351780818,5.694210870237332
train_1m,extrap_trend,48,5.7741538011110745,5.737481005132997
train_1m,extrap_trend,49,5.143856727159941,5.722636098399454
train_1m,extrap_trend,50,5.70809296461252,5.523018759409036
train_1m,extrap_trend,51,5.145880625798152,5.606625803141166
train_1m,extrap_trend,52,5.5614226047809305,5.716793434854272
train_1m,extrap_trend,53,5.299323155329778,5.486506649451848
train_1m,extrap_trend,54,5.317342171302209,5.722694009406462
train_1m,extrap_trend,55,4.808996420640212,5.509570146516328
train_1m,extrap_trend,56,5.887269716996413,5.682259080276731
train_1m,extrap_trend,57,5.4202854083134575,5.628303684539266
train_1m,extrap_trend,58,5.7707441953512335,5.701537744562307
train_1m,extrap_trend,59,5.324331246889555,5.633687144910445
train_1m,extrap_trend,60,5.112476293857281,5.480058357173324
train_1m,extrap_trend,61,4.98912211564871,5.607620771532979
train_1m,extrap_trend,62,5.187093367943397,5.568417110830978
train_1m,extrap_trend,63,5.2748544949751635,5.606935230350544
train_1m,extrap_trend,64,5.458681143247164,5.652565848866312
train_1m,extrap_trend,65,5.32672276863685,5.697221927465088
train_1m,extrap_trend,66,5.0674561720628,5.6622787474025715
train_1m,extrap_trend,67,5.173592264835651,5.580617667235406
train_1m,extrap_trend,68,5.631533072544978,5.5619204268806
train_1m,extrap_trend,69,6.022816988138052,5.766178098226401
train_1m,extrap_trend,70,5.365188855391282,5.76705391899938
train_1m,extrap_trend,71,4.787480858656076,5.4584758914183515
train_1m,extrap_trend,72,5.179639073518606,5.43828229136712
train_1m,extrap_trend,73,5.226524077928984,5.484708580158455
train_1m,extrap_trend,74,4.9586097827324505,5.635023694602856
train_1m,extrap_trend,75,5.651923748163076,5.575858669657348
train_1m,extrap_trend,76,5.3520875710707445,5.746269668051804
train_1m,extrap_trend,77,5.554785545055683,5.697525013006205
train_1m,extrap_trend,78,5.4707560906043415,5.2943179149526305
train_1m,extrap_trend,79,5.09033621274508,5.512845693006477
train_1m,extrap_trend,80,5.297927673046406,5.768083870460156
train_1m,extrap_trend,81,5.424900385049673,5.643253100121376
train_1m,extrap_trend,82,5.750808275662935,5.543214111657287
train_1m,extrap_trend,83,4.950157734063955,5.211362304312629
train_1m,extrap_trend,84,5.716571239324717,5.401595665633906
train_1m,extrap_trend,85,5.235661506652832,5.674248296772424
train_1m,extrap_trend,86,5.10342132128202,5.676044505873303
train_1m,extrap_trend,87,5.470787085019625,5.669517486929639
train_1m,extrap_trend,88,4.961350642717802,5.456849123260527
train_1m,extrap_trend,89,5.33156681060791,5.6975574602331465
train_1m,extrap_trend,90,5.31988525390625,5.653073492397472
train_1m,extrap_trend,91,5.012554086171663,5.4906928147264775
train_1m,extrap_trend,92,5.421647585355318,5.722690825671492
train_1m,extrap_trend,93,5.098412843850943,5.423008685325373
train_1m,extrap_trend,94,5.005955879504864,5.474914822990395
train_1m,extrap_trend,95,5.560164378239558,5.524700571469842
train_1m,extrap_trend,96,5.086579616253193,5.530743793237177
train_1m,extrap_trend,97,4.968219261903029,5.576328063326699
train_1m,extrap_trend,98,5.034334586216853,5.351939008309074
train_1m,extrap_trend,99,5.14715836598323,5.627097110448712
train_1m,extrap_trend,100,5.508998687450703,5.707385848094356
train_1m,extrap_trend,101,5.058160011584942,5.73724062226906
train_1m,extrap_trend,102,5.707575486256526,5.78041188980662
train_1m,extrap_trend,103,5.525642706797673,5.637244353530861
train_1m,extrap_trend,104,5.0328695223881645,5.666345025529889
train_1m,extrap_trend,105,5.289851610477154,5.52252971858616
train_1m,extrap_trend,106,4.989442605238694,5.688198870845758
train_1m,extrap_trend,107,5.295009301258967,5.487861137778826
train_1m,extrap_trend,108,5.334094707782452,5.794427729921485
train_1m,extrap_trend,109,5.449594552700336,5.696567074265632
train_1m,extrap_trend,110,5.312416535157424,5.501804426899302
train_1m,extrap_trend,111,5.569669283353365,5.80751836914112
train_1m,extrap_trend,112,5.79182611978971,5.52444895143509
train_1m,extrap_trend,113,5.115278867574839,5.560593565392865
train_1m,extrap_trend,114,5.0793792467850905,5.5325701845562625
train_1m,extrap_trend,115,5.581812601823073,5.740671542954578
train_1m,extrap_trend,116,5.493302418635442,5.677836092861716
train_1m,extrap_trend,117,5.253312000861535,5.673885847375666
train_1m,extrap_trend,118,5.23164596924415,5.523134251121137
train_1m,extrap_trend,119,5.474159240722656,5.440123833346154
train_1m,extrap_trend,120,4.878322711357703,5.540170685580337
train_1m,extrap_trend,121,5.4010228377122145,5.579947661003734
train_1m,extrap_trend,122,5.233468826000507,5.699795351318664
train_1m,extrap_trend,123,5.488834692881658,5.716711650035885
train_1m,extrap_trend,124,4.976043426073515,5.572901540464281
train_1m,extrap_trend,125,5.585982726170466,5.731582671557044
train_1m,extrap_trend,126,5.2504966259002686,5.487691566386714
train_1m,extrap_trend,127,5.531904037182148,5.699862661944299
train_1m,extrap_trend,128,5.114644875893226,5.570723007119891
train_1m,extrap_trend,129,5.506486379183256,5.602170177983287
train_1m,extrap_trend,130,5.957377782234778,5.864028503906841
train_1m,extrap_trend,131,5.082580731465266,5.576946281501502
train_1m,extrap_trend,132,5.319046313946064,5.690452125474083
train_1m,extrap_trend,133,4.923890682367178,5.413865259242373
train_1m,extrap_trend,134,4.972090299312885,5.546847891987185
train_1m,extrap_trend,135,4.926703443894019,5.539443742603309
train_1m,extrap_trend,136,4.777031256602361,5.544382716694503
train_1m,extrap_trend,137,5.449319784457867,5.543907414452737
train_1m,extrap_trend,138,4.83827004982875,5.470972279980686
train_1m,extrap_trend,139,5.102373728385339,5.665955096402017
train_1m,extrap_trend,140,5.222839227089515,5.580176857248658
train_1m,extrap_trend,141,5.015156672551082,5.559259101829825
train_1m,extrap_trend,142,4.806556151463435,5.436753392867544
train_1m,extrap_trend,143,4.959281939726609,5.545654024203712
train_1m,extrap_trend,144,5.952231370485746,5.747369113916254
train_1m,extrap_trend,145,5.150994777679443,5.631226141474023
train_1m,extrap_trend,146,5.291426695310152,5.664919376894545
train_1m,extrap_trend,147,4.931557105137752,5.465891501907412
train_1m,extrap_trend,148,5.27410074380728,5.700994986047521
train_1m,extrap_trend,149,5.937332300039438,5.792240355729131
train_1m,extrap_trend,150,5.100791674393874,5.480392617609488
train_1m,extrap_trend,151,5.498166927924523,5.8069875083794695
train_1m,extrap_trend,152,5.385987942035381,5.559931649629395
train_1m,extrap_trend,153,5.031752347946167,5.534888317012313
train_1m,extrap_trend,154,5.387985853048471,5.791578023509955
train_1m,extrap_trend,155,5.079572989390447,5.52548630578157
train_1m,extrap_trend,156,5.245475769042969,5.810585367670772
train_1m,extrap_trend,157,5.923797717461219,5.6658260756070105
train_1m,extrap_trend,158,5.11954140663147,5.463083064947421
train_1m,extrap_trend,159,5.644763946533203,5.663419479331068
train_1m,extrap_trend,160,5.495572090148926,5.737612484674349
train_1m,extrap_trend,161,5.367383810190054,5.780074851828962
train_1m,extrap_trend,162,5.3949007254380446,5.766862668661251
train_1m,extrap_trend,163,5.122750318967379,5.5617696924234625
train_1m,extrap_trend,164,5.165469132936918,5.79399261478075
train_1m,extrap_trend,165,5.544644575852614,5.525971876291814
train_1m,extrap_trend,166,5.240923624772292,5.620462849938294
train_1m,extrap_trend,167,5.24033796787262,5.386647576328926
train_1m,extrap_trend,168,5.386430887075571,5.365639606322542
train_1m,extrap_trend,169,4.753428780115568,5.494792329828903
train_1m,extrap_trend,170,5.758380779853234,5.503531891377813
train_1m,extrap_trend,171,4.881629925507766,5.535454375356073
train_1m,extrap_trend,172,5.508442255166861,5.634686232764027
train_1m,extrap_trend,173,5.495788207420936,5.816560637627628
train_1m,extrap_trend,174,5.148220539093018,5.427815884982634
train_1m,extrap_trend,175,5.556494043423579,5.527363063936594
train_1m,extrap_trend,176,5.095407596001258,5.688171119195841
train_1m,extrap_trend,177,5.937310732327974,5.621753751490501
train_1m,extrap_trend,178,4.976028167284452,5.56306967862937
train_1m,extrap_trend,179,5.494938593644362,5.5806311206621695
train_1m,extrap_trend,180,5.141839816020085,5.759077945993149
train_1m,extrap_trend,181,5.295228261214036,5.812711319097044
train_1m,extrap_trend,182,5.253902343603281,5.490917785194999
train_1m,extrap_trend,183,5.191439298483042,5.5700638725689275
train_1m,extrap_trend,184,5.2902715022747335,5.612965830449553
train_1m,extrap_trend,185,4.878201521359957,5.402474713737518
train_1m,extrap_trend,186,5.423074575570913,5.754685997217166
train_1m,extrap_trend,187,5.185021583850567,5.553574630902811
train_1m,extrap_trend,188,5.652520766625037,5.493352594513206
train_1m,extrap_trend,189,5.019367126318125,5.56734769755085
train_1m,extrap_trend,190,5.316304060129019,5.467309220043575
train_1m,extrap_trend,191,5.892361090733455,5.818045656266852
train_1m,extrap_trend,192,5.536613170917217,5.582214625080861
train_1m,extrap_trend,193,5.429344837482159,5.560190579007734
train_1m,extrap_trend,194,4.924977174172034,5.622801549181185
train_1m,extrap_trend,195,4.989451243327214,5.3953484907265175
train_1m,extrap_trend,196,4.980419287314782,5.534536819204721
train_1m,extrap_trend,197,5.206969554607685,5.665915068810462
train_1m,extrap_trend,198,5.577325490804819,5.542146289348182
train_1m,extrap_trend,199,4.981486100416917,5.6687078149567425
train_1m,extrap_trend,200,5.27765663770529,5.504765431287352
train_1m,extrap_trend,201,5.150389304527869,5.515522560693995
train_1m,extrap_trend,202,5.623192493732159,5.486103909589526
train_1m,extrap_trend,203,4.941437867971567,5.782150824050276
train_1m,extrap_trend,204,5.35276198387146,5.536012762631352
train_1m,extrap_trend,205,5.266261522586529,5.483104722904594
train_1m,extrap_trend,206,5.7279043931227465,5.812779331034499
train_1m,extrap_trend,207,5.5625254190885105,5.548768246097202
train_1m,extrap_trend,208,5.313656513507549,5.6829575677136
train_1m,extrap_trend,209,5.629430532455444,5.792890264641768
train_1m,extrap_trend,210,4.933682166613066,5.62585518795265
train_1m,extrap_trend,211,5.075303829633272,5.534224732550198
train_1m,extrap_trend,212,5.264764015491192,5.6849589001274
train_1m,extrap_trend,213,4.916725580508892,5.48398095508505
train_1m,extrap_trend,214,5.386073754383967,5.657458181449818
train_1m,extrap_trend,215,5.281318224393404,5.502462728290315
train_1m,extrap_trend,216,5.939222537554228,5.675577045130257
train_1m,extrap_trend,217,5.080042637311495,5.572472813563203
train_1m,extrap_trend,218,5.515955741588886,5.746723345811925
train_1m,extrap_trend,219,5.317405902422392,5.562291161792192
train_1m,extrap_trend,220,5.251096872182993,5.702418991811808
train_1m,extrap_trend,221,6.054345736136804,5.778832491871924
train_1m,extrap_trend,222,5.7078226162837105,5.9395157532293075
train_1m,extrap_trend,223,5.286468689258282,5.436431614941493
train_1m,extrap_trend,224,5.014853074000432,5.532139016207239
train_1m,extrap_trend,225,5.161886325249305,5.616484143438186
train_1m,extrap_trend,226,4.919211167555589,5.624531025382636
train_1m,extrap_trend,227,5.416094890007606,5.434742752344855
train_1m,extrap_trend,228,5.332706378056453,5.483370870462438
train_1m,extrap_trend,229,5.555266838807326,5.646270371832259
train_1m,extrap_trend,230,5.509172256176289,5.506964910762992
train_1m,extrap_trend,231,5.255817715938274,5.418906935756608
train_1m,extrap_trend,232,5.338685842660757,5.835623766679371
train_1m,extrap_trend,233,5.009716492432815,5.378908631370617
train_1m,extrap_trend,234,5.199401617050171,5.6052626172220394
train_1m,extrap_trend,235,5.195423227090102,5.5589573046300975
train_1m,extrap_trend,236,5.799081563949585,5.769298916678632
train_1m,extrap_trend,237,5.919422388076782,5.905690128768203
train_1m,extrap_trend,238,5.059099765924307,5.527851992792711
train_1m,extrap_trend,239,5.506106009850135,5.788423356448812
train_1m,extrap_trend,240,5.525696662756113,5.370184281091326
train_1m,extrap_trend,241,5.40106816475208,5.6797084974345795
train_1m,extrap_trend,242,5.341662150162917,5.609344891325004
train_1m,extrap_trend,243,4.994082230788011,5.457104976005843
train_1m,extrap_trend,244,5.183573704499465,5.58192192916546
train_1m,extrap_trend,245,5.13984856238732,5.580584526572266
train_1m,extrap_trend,246,5.323499386127178,5.844182820180913
train_1m,extrap_trend,247,5.34416048343365,5.60610918184919
train_1m,extrap_trend,248,5.37323548243596,5.503498899612409
train_1m,extrap_trend,249,5.615814529932463,5.584751445845059
train_1m,extrap_trend,250,5.4239313785846415,5.661663571073405
train_1m,extrap_trend,251,5.004812167241023,5.690712992222222
train_1m,extrap_trend,252,5.4878202218275804,5.8023265260229335
train_1m,extrap_trend,253,5.389522057313186,5.720705941209516
train_1m,extrap_trend,254,5.556340786126944,5.69072954929357
train_1m,extrap_trend,255,5.307339998391958,5.664531138719972
train_1m,extrap_trend,256,5.03038554925185,5.595359293988148
train_1m,extrap_trend,257,5.418178778428298,5.513519069361144
train_1m,extrap_trend,258,5.371851370884822,5.822886378996359
train_1m,extrap_trend,259,5.7834014525780315,5.512658758794318
train_1m,extrap_trend,260,5.06170626787039,5.593671049529963
train_1m,extrap_trend,261,5.518408151773306,5.72219272809326
train_1m,extrap_trend,262,5.314384533808782,5.615917198837157
train_1m,extrap_trend,263,5.524590308849628,5.7394581202444925
train_1m,extrap_trend,264,5.651582589516273,5.634599801543183
train_1m,extrap_trend,265,5.377012876363901,5.546137876843451
train_1m,extrap_trend,266,5.555308268620418,5.75530826204162
train_1m,extrap_trend,267,5.118859511155349,5.845103767761159
train_1m,extrap_trend,268,5.7348542763636665,5.54385623900601
train_1m,extrap_trend,269,4.772263802014864,5.474205814311256
train_1m,extrap_trend,270,5.168233174544114,5.34628423924126
train_1m,extrap_trend,271,5.113263203547551,5.527507705679866
train_1m,extrap_trend,272,5.372246265411377,5.473343375052855
train_1m,extrap_trend,273,5.4840655877039985,5.434840145703091
train_1m,extrap_trend,274,5.481735412891094,5.593263704119034
train_1m,extrap_trend,275,5.6565719567812405,5.581856179139985
train_1m,extrap_trend,276,5.6439738273620605,5.599789307223726
train_1m,extrap_trend,277,5.830113245890691,5.510948053095547
train_1m,extrap_trend,278,5.660053179814265,5.8118157006123665
train_1m,extrap_trend,279,5.6408299299386835,5.689587826316085
train_1m,extrap_trend,280,5.064841105387761,5.619504179330288
train_1m,extrap_trend,281,5.228692348186787,5.409139050296499
train_1m,extrap_trend,282,5.9031042869274435,5.750522584296656
train_1m,extrap_trend,283,5.360134968390832,5.554462636148442
train_1m,extrap_trend,284,5.571967161618746,5.585351312049328
train_1m,extrap_trend,285,5.467186029140766,5.712753168276364
train_1m,extrap_trend,286,5.316890203035795,5.576757486477637
train_1m,extrap_trend,287,5.25947904586792,5.640860869929335
train_1m,extrap_trend,288,5.4515665127680855,5.878851695730943
train_1m,extrap_trend,289,5.292156980587886,5.718446943504291
train_1m,extrap_trend,290,5.612547966150137,5.654967261109025
train_1m,extrap_trend,291,6.091124222828792,5.675524926585978
train_1m,extrap_trend,292,5.161940959783701,5.691725208963816
train_1m,extrap_trend,293,6.396356949439416,5.767189504093141
train_1m,extrap_trend,294,5.254497766494751,5.5819303028957235
train_1m,extrap_trend,295,5.7086256467379055,5.6622662592578825
train_1m,extrap_trend,296,5.428704261779785,5.713365402317568
train_1m,extrap_trend,297,5.2843863138785725,5.499000546896359
train_1m,extrap_trend,298,5.40080110843365,5.662885810427344
train_1m,extrap_trend,299,6.15841504243704,5.636882237535281
train_1m,extrap_trend,300,5.000038953927847,5.531785093930797
train_1m,extrap_trend,301,5.348329067230225,5.690784636303942
train_1m,extrap_trend,302,5.872115960487952,5.892447422831825
train_1m,extrap_trend,303,5.591289556943453,5.7004879962273565
train_1m,extrap_trend,304,6.041809155390813,5.700919343500326
train_1m,extrap_trend,305,5.382696005014273,5.67495365095835
train_1m,extrap_trend,306,5.53076459811284,5.658076411219186
train_1m,extrap_trend,307,4.991022513462947,5.485429522916718
train_1m,extrap_trend,308,5.542721051436204,5.488424020709564
train_1m,extrap_trend,309,5.260374949528621,5.539311521694018
train_1m,extrap_trend,310,4.919286214388334,5.662336381505769
train_1m,extrap_trend,311,5.421507065112774,5.7342450722475
train_1m,extrap_trend,312,5.611201561414278,5.746444906499519
train_1m,extrap_trend,313,5.246305025540865,5.506315973532154
train_1m,extrap_trend,314,5.568589925765991,5.634545548974247
train_1m,extrap_trend,315,5.172437704526461,5.721519094046996
train_1m,extrap_trend,316,5.737836654369648,5.755998969628697
train_1m,extrap_trend,317,5.92633593082428,5.6619218013118
train_1m,extrap_trend,318,5.4916139382582445,5.562583925512815
train_1m,extrap_trend,319,5.526452798109788,5.715381268541472
train_1m,extrap_trend,320,5.502916281039898,5.7387839311083875
train_1m,extrap_trend,321,5.884679794311523,5.574299282702303
train_1m,extrap_trend,322,4.9917039687816915,5.392194381780265
train_1m,extrap_trend,323,5.27025844500615,5.4401437944318465
train_1m,extrap_trend,324,5.309898376464844,5.637988099914433
train_1m,extrap_trend,325,5.264256734114427,5.5158576145319325
train_1m,extrap_trend,326,5.226937073927659,5.703764579746818
train_1m,extrap_trend,327,6.758002519607544,5.707877753814502
train_1m,extrap_trend,328,5.574751523824839,5.80322643670452
train_1m,extrap_trend,329,5.108058525965764,5.469066183089372
train_1m,extrap_trend,330,5.055047603753897,5.555054204049601
train_1m,extrap_trend,331,5.271875674907978,5.75202315630097
train_1m,extrap_trend,332,5.157759996560904,5.516141562905295
train_1m,extrap_trend,333,5.233025404123159,5.5055338123469495
train_1m,extrap_trend,334,5.669360142487746,5.476546892486696
train_1m,extrap_trend,335,5.511850173656757,5.758900841020861
train_1m,extrap_trend,336,5.4885938717768745,5.625959002034786
train_1m,extrap_trend,337,5.3023834595313435,5.6949510781474055
train_1m,extrap_trend,338,5.181351038125845,5.624483197627891
train_1m,extrap_trend,339,4.951281474186824,5.576912195434768
train_1m,extrap_trend,340,5.420316439408523,5.680980296369047
train_1m,extrap_trend,341,5.323123565086951,5.64621661186627
train_1m,extrap_trend,342,5.10161095399123,5.623068761714882
train_1m,extrap_trend,343,5.805060203258808,5.590853587337144
train_1m,extrap_trend,344,5.447537899017334,5.643231765367796
train_1m,extrap_trend,345,4.819319413258479,5.4085511434110725
train_1m,extrap_trend,346,5.474208795107328,5.5854458292423415
train_1m,extrap_trend,347,5.513573683225191,5.538244223142986
train_1m,extrap_trend,348,4.789364090332618,5.531920411283769
train_1m,extrap_trend,349,4.949371282870953,5.427622779258034
train_1m,extrap_trend,350,5.155112578318669,5.55274210823284
train_1m,extrap_trend,351,6.082065105438232,5.737174732372869
train_1m,extrap_trend,352,4.982067768390362,5.585091886116529
train_1m,extrap_trend,353,5.095458324138935,5.7865863848889365
train_1m,extrap_trend,354,5.431123109964224,5.496380422055158
train_1m,extrap_trend,355,5.071555045934824,5.4497968050958345
train_1m,extrap_trend,356,5.1868560039080105,5.6091946443953935
train_1m,extrap_trend,357,5.22973895072937,5.755453432776231
train_1m,extrap_trend,358,5.089330783257117,5.49308010540221
train_1m,extrap_trend,359,5.347133031258216,5.651573519963046
train_1m,extrap_trend,360,5.629197524144099,5.620315200921055
train_1m,extrap_trend,361,5.672273489145132,5.639740811871339
train_1m,extrap_trend,362,5.077806289379414,5.55398269464414
train_1m,extrap_trend,363,5.59030400789701,5.756004909314848
train_1m,extrap_trend,364,4.976911544799805,5.545754015855162
train_1m,extrap_trend,365,5.484955695959238,5.551798512460285
train_1m,extrap_trend,366,4.912813470913814,5.548315084866281
train_1m,extrap_trend,367,4.928864295666035,5.565518336627208
train_1m,extrap_trend,368,5.482219567665687,5.679175864670322
train_1m,extrap_trend,369,5.380783301133376,5.557057593227184
train_1m,extrap_trend,370,5.210643355663006,5.45887552559691
train_1m,extrap_trend,371,5.45513941691472,5.721336733702292
train_1m,extrap_trend,372,5.800429747654841,5.714680637794828
train_1m,extrap_trend,373,5.3152457017164965,5.726493027875322
train_1m,extrap_trend,374,5.317656076871431,5.732446664002804
train_1m,extrap_trend,375,5.38286698781527,5.708046892479444
train_1m,extrap_trend,376,5.371554961571326,5.5795426741711776
train_1m,extrap_trend,377,6.05059737425584,5.659901580782876
train_1m,extrap_trend,378,4.8844727736253,5.560541250179312
train_1m,extrap_trend,379,5.615977342312153,5.576822128596223
train_1m,extrap_trend,380,5.012710406230046,5.628572849847641
train_1m,extrap_trend,381,6.0491665326631985,5.810570735113395
train_1m,extrap_trend,382,6.205285732562725,5.408234265916696
train_1m,extrap_trend,383,4.9754770535689135,5.600702741145588
train_1m,extrap_trend,384,5.126936912536621,5.485496354588183
train_1m,extrap_trend,385,6.058488790805523,5.660020433361608
train_1m,extrap_trend,386,6.239235474513127,5.798730222073009
train_1m,extrap_trend,387,5.574407174037053,5.685753354778948
train_1m,extrap_trend,388,5.805640147282527,5.584484919321549
train_1m,extrap_trend,389,5.128426423439612,5.688725379133728
train_1m,extrap_trend,390,5.583163958329421,5.7059533192964125
train_1m,extrap_trend,391,5.3277291517991285,5.706826098698212
train_1m,extrap_trend,392,4.8987074081714335,5.55115414012755
train_1m,extrap_trend,393,5.782568711500901,5.593623004214664
train_1m,extrap_trend,394,5.253134094751799,5.567036033723464
train_1m,extrap_trend,395,5.5238377681145305,5.517902856400342
train_1m,extrap_trend,396,5.1657520440908575,5.6430888967079795
train_1m,extrap_trend,397,5.180898207884568,5.794491592145944
train_1m,extrap_trend,398,5.519307631712693,5.762363963777748
train_1m,extrap_trend,399,5.013546888644878,5.495012801809082
train_1m,extrap_trend,400,4.867796861208403,5.640197282323344
train_1m,extrap_trend,401,5.215671227528499,5.724423918508221
train_1m,extrap_trend,402,4.9522881141075725,5.504269648190237
train_1m,extrap_trend,403,5.017572696392353,5.4624154835112755
train_1m,extrap_trend,404,5.418186976359441,5.518864228200773
train_1m,extrap_trend,405,5.359878778457642,5.640057527013536
train_1m,extrap_trend,406,5.137108692756066,5.610184131729815
train_1m,extrap_trend,407,5.67198214164147,5.730823693103792
train_1m,extrap_trend,408,4.944631301439726,5.593727991655091
train_1m,extrap_trend,409,5.49001851448646,5.667564859132497
train_1m,extrap_trend,410,5.2178285488715535,5.789033530442283
train_1m,extrap_trend,411,5.691750398048987,5.764923185176635
train_1m,extrap_trend,412,5.358504588787373,5.672305186333513
train_1m,extrap_trend,413,5.09181979069343,5.215989266116394
train_1m,extrap_trend,414,5.052486749795767,5.449768777673954
train_1m,extrap_trend,415,5.228025381381695,5.538035088598357
train_1m,extrap_trend,416,4.965925161655132,5.395618231646919
train_1m,extrap_trend,417,5.894948904330914,5.583363674859023
train_1m,extrap_trend,418,4.907001770459688,5.474638781963915
train_1m,extrap_trend,419,5.029015962894146,5.535585387483575
train_1m,extrap_trend,420,5.417145197208111,5.412246547267508
train_1m,extrap_trend,421,4.96103495817918,5.535679139152758
train_1m,extrap_trend,422,5.655895123114953,5.772183837137058
train_1m,extrap_trend,423,4.899122439897978,5.432534726557577
train_1m,extrap_trend,424,4.995036235222449,5.524864859942195
train_1m,extrap_trend,425,5.170091940806462,5.536360584022573
train_1m,extrap_trend,426,5.257874892308162,5.54107531254465
train_1m,extrap_trend,427,4.988566600359404,5.627789570873412
train_1m,extrap_trend,428,6.001700621384841,5.662306272858023
train_1m,extrap_trend,429,5.0852461228003865,5.598415885934438
train_1m,extrap_trend,430,4.967501548620371,5.384979749349933
train_1m,extrap_trend,431,5.407969749890841,5.404243426519853
train_1m,extrap_trend,432,5.276859686924861,5.7334115143987106
train_1m,extrap_trend,433,4.836559809171236,5.462975199005099
train_1m,extrap_trend,434,6.334114698263315,5.76640965031435
train_1m,extrap_trend,435,5.860291627737192,5.785275157381192
train_1m,extrap_trend,436,5.229294428458581,5.622720251385986
train_1m,extrap_trend,437,4.912032475838294,5.4998294390034
train_1m,extrap_trend,438,5.155846769993122,5.6603164164648945
train_1m,extrap_trend,439,5.038766714242788,5.673992089321792
train_1m,extrap_trend,440,5.302644949692946,5.596261423381213
train_1m,extrap_trend,441,4.949524090840266,5.473068031836278
train_1m,extrap_trend,442,5.054934795086201,5.634335610997194
train_1m,extrap_trend,443,5.759063757382906,5.670693532227222
train_1m,extrap_trend,444,4.95904712493603,5.384857234362555
train_1m,extrap_trend,445,5.325273202015803,5.534798486174274
train_1m,extrap_trend,446,5.274159523156973,5.634188531032417
train_1m,extrap_trend,447,5.06376838684082,5.702176152668282
train_1m,extrap_trend,448,5.2479963669410115,5.64838868835738
train_1m,extrap_trend,449,5.777711996665368,5.519858605822313
train_1m,extrap_trend,450,5.305993015949543,5.376087308934313
train_1m,extrap_trend,451,5.576637203876789,5.710363808179253
train_1m,extrap_trend,452,5.505244493484497,5.5601169712942635
train_1m,extrap_trend,453,5.030335224591768,5.52634067943214
train_1m,extrap_trend,454,5.263978536312397,5.586734259677391
train_1m,extrap_trend,455,5.485509193860567,5.600274236418736
train_1m,extrap_trend,456,5.417599476300753,5.768976147231658
train_1m,extrap_trend,457,5.454484902895414,5.644951524444779
train_1m,extrap_trend,458,5.288934634282039,5.675353162000513
train_1m,extrap_trend,459,5.500341011927678,5.626598384169336
train_1m,extrap_trend,460,5.305441599625808,5.618267804765893
train_1m,extrap_trend,461,5.101687339635996,5.587612105688615
train_1m,extrap_trend,462,5.435612165010893,5.676515949506688
train_1m,extrap_trend,463,5.392031669616699,5.685849842351326
train_1m,extrap_trend,464,6.246409948055561,5.617142121616326
train_1m,extrap_trend,465,4.991350669127244,5.5221037796630545
train_1m,extrap_trend,466,5.219642088963435,5.443348167737229
train_1m,extrap_trend,467,5.8366319583012505,5.491694548602199
train_1m,extrap_trend,468,5.090020106388972,5.385476919888872
train_1m,extrap_trend,469,5.082184608166035,5.68063683272085
train_1m,extrap_trend,470,5.141508432535025,5.561615520039491
train_1m,extrap_trend,471,5.559896487456101,5.762417780166799
train_1m,extrap_trend,472,5.452413852398212,5.9052274138359415
train_1m,extrap_trend,473,5.464592860295222,5.62619911145816
train_1m,extrap_trend,474,5.070542518909161,5.361734191667218
train_1m,extrap_trend,475,5.3017718975360575,5.673604663542055
train_1m,extrap_trend,476,4.841120279752291,5.574949874182821
train_1m,extrap_trend,477,5.035210719475379,5.530583481863175
train_1m,extrap_trend,478,4.991526310260479,5.715996229258475
train_1m,extrap_trend,479,6.170672178268433,5.685396695652112
train_1m,extrap_trend,480,5.745120635399451,5.597018045661492
train_1m,extrap_trend,481,5.4759024656735935,5.689650855683275
train_1m,extrap_trend,482,5.1057652326730585,5.5271934459638405
train_1m,extrap_trend,483,5.455598702797523,5.674798905898559
train_1m,extrap_trend,484,5.0685954093933105,5.4872997654322395
train_1m,extrap_trend,485,5.178144821753869,5.618997982092135
train_1m,extrap_trend,486,6.174967270631057,5.662820904913271
train_1m,extrap_trend,487,5.847340822219849,5.7092082936706685
train_1m,extrap_trend,488,5.207778472166795,5.566317963171456
train_1m,extrap_trend,489,5.490812044877273,5.522359187419624
train_1m,extrap_trend,490,5.529909739127526,5.657965469142227
train_1m,extrap_trend,491,5.235699919553904,5.499525622132069
train_1m,extrap_trend,492,5.376889632298396,5.773237464439991
train_1m,extrap_trend,493,5.393037410882803,5.305965593863762
train_1m,extrap_trend,494,4.911649593940148,5.539507895410945
train_1m,extrap_trend,495,5.179699375079228,5.3932311740865355
train_1m,extrap_trend,496,4.952001645014836,5.448076950420171
train_1m,extrap_trend,497,5.3830383374140816,5.515636176159844
train_1m,extrap_trend,498,5.063532792604887,5.576799576430572
train_1m,extrap_trend,499,5.382334030591524,5.6749024560592956
train_1m,extrap_trend,500,5.51168416096614,5.635009719204048
train_1m,extrap_trend,501,5.310084141217745,5.452982828211581
train_1m,extrap_trend,502,5.27580294242272,5.521404568561037
train_1m,extrap_trend,503,5.0050808282998895,5.598633153065691
train_1m,extrap_trend,504,5.226062151101919,5.559705542855773
train_1m,extrap_trend,505,5.2189785333780145,5.654666854152446
train_1m,extrap_trend,506,4.9429234724778395,5.400685771364626
train_1m,extrap_trend,507,5.213699120741624,5.5737634048484495
train_1m,extrap_trend,508,5.799065553225004,5.69622641044651
train_1m,extrap_trend,509,5.8304275549375095,5.704196864065564
train_1m,extrap_trend,510,5.1176449335538425,5.630073419741312
train_1m,extrap_trend,511,6.006154610560491,5.5342882771419095
train_1m,decay_fusion,0,5.904635429382324,5.516847566293944
train_1m,decay_fusion,1,5.133344430189866,5.421250211630569
train_1m,decay_fusion,2,5.542253035765428,5.744298415686886
train_1m,decay_fusion,3,5.290134576650766,5.596859760807954
train_1m,decay_fusion,4,4.9657532618596,5.5890585265025985
train_1m,decay_fusion,5,5.358781594496507,5.7228224375993655
train_1m,decay_fusion,6,5.058426526876596,5.712617900952558
train_1m,decay_fusion,7,5.898907331319956,5.638170559485392
train_1m,decay_fusion,8,6.21538573044997,5.860275601581563
train_1m,decay_fusion,9,5.393702800457294,5.645049727437906
train_1m,decay_fusion,10,6.063049664864173,5.55531200206425
train_1m,decay_fusion,11,5.737708825331468,5.86657643117599
train_1m,decay_fusion,12,5.631498850308931,5.90957768829635
train_1m,decay_fusion,13,4.817876852475679,5.609759965382304
train_1m,decay_fusion,14,4.961122586176946,5.539560138851963
train_1m,decay_fusion,15,4.79795071711907,5.653914458711953
train_1m,decay_fusion,16,5.027804338015043,5.435936166992651
train_1m,decay_fusion,17,4.846522661355825,5.635392836159307
train_1m,decay_fusion,18,4.862268686294556,5.690988861469363
train_1m,decay_fusion,19,5.18797335257897,5.6371939196070535
train_1m,decay_fusion,20,5.312407071773823,5.703258773993918
train_1m,decay_fusion,21,5.267660049291758,5.718511743865131
train_1m,decay_fusion,22,5.236186431004451,5.738239260417975
train_1m,decay_fusion,23,6.004401573768029,5.668841320436334
train_1m,decay_fusion,24,5.220030491168682,5.818630137320716
train_1m,decay_fusion,25,5.404111513724694,5.733497850790498
train_1m,decay_fusion,26,4.946193236571092,5.664519879904158
train_1m,decay_fusion,27,5.129373101087717,5.414693474800956
train_1m,decay_fusion,28,6.132923419658955,5.659441317438681
train_1m,decay_fusion,29,5.525556601010836,5.632908850663426
train_1m,decay_fusion,30,5.268221598405105,5.5916204052076655
train_1m,decay_fusion,31,6.351518722680899,5.643891551044543
train_1m,decay_fusion,32,5.77667471078726,5.421584783040036
train_1m,decay_fusion,33,5.556892028221717,5.730366297632164
train_1m,decay_fusion,34,5.203048513485835,5.613822322833586
train_1m,decay_fusion,35,5.13854692532466,5.700537059324993
train_1m,decay_fusion,36,4.969163656234741,5.6663247822403
train_1m,decay_fusion,37,5.545954630925105,5.593837882478008
train_1m,decay_fusion,38,4.993031996947068,5.643528140408284
train_1m,decay_fusion,39,5.374926933875451,5.805698258978323
train_1m,decay_fusion,40,5.1798697618337775,5.481384573244598
train_1m,decay_fusion,41,5.084016616527851,5.635789753684453
train_1m,decay_fusion,42,5.076522203592154,5.411072932550836
train_1m,decay_fusion,43,5.084354584033672,5.70697526738236
train_1m,decay_fusion,44,5.588743741695698,5.592166866026544
train_1m,decay_fusion,45,4.864920946267935,5.570782530500664
train_1m,decay_fusion,46,5.89624966107882,5.5577834649822275
train_1m,decay_fusion,47,5.411233351780818,5.779822558977411
train_1m,decay_fusion,48,5.7741538011110745,5.645337467107259
train_1m,decay_fusion,49,5.143856727159941,5.762348327998733
train_1m,decay_fusion,50,5.70809296461252,5.4294359696439125
train_1m,decay_fusion,51,5.145880625798152,5.729510506670584
train_1m,decay_fusion,52,5.5614226047809305,5.74296562665092
train_1m,decay_fusion,53,5.299323155329778,5.4193090925306775
train_1m,decay_fusion,54,5.317342171302209,5.5622755658433825
train_1m,decay_fusion,55,4.808996420640212,5.549769034135877
train_1m,decay_fusion,56,5.887269716996413,5.522139326509306
train_1m,decay_fusion,57,5.4202854083134575,5.408830469057109
train_1m,decay_fusion,58,5.7707441953512335,5.8452393081798215
train_1m,decay_fusion,59,5.324331246889555,5.655828759741433
train_1m,decay_fusion,60,5.112476293857281,5.414389520304429
train_1m,decay_fusion,61,4.98912211564871,5.712834097688372
train_1m,decay_fusion,62,5.187093367943397,5.515836385162993
train_1m,decay_fusion,63,5.2748544949751635,5.734535329346484
train_1m,decay_fusion,64,5.458681143247164,5.488372741733452
train_1m,decay_fusion,65,5.32672276863685,5.614285114039964
train_1m,decay_fusion,66,5.0674561720628,5.685026912624919
train_1m,decay_fusion,67,5.173592264835651,5.4767393554074095
train_1m,decay_fusion,68,5.631533072544978,5.5158291543613265
train_1m,decay_fusion,69,6.022816988138052,5.825937068769267
train_1m,decay_fusion,70,5.365188855391282,5.7141310561083465
train_1m,decay_fusion,71,4.787480858656076,5.5672881754284775
train_1m,decay_fusion,72,5.179639073518606,5.475188364158696
train_1m,decay_fusion,73,5.226524077928984,5.616123177512832
train_1m,decay_fusion,74,4.9586097827324505,5.711068706550822
train_1m,decay_fusion,75,5.651923748163076,5.550277240316494
train_1m,decay_fusion,76,5.3520875710707445,5.847421804442671
train_1m,decay_fusion,77,5.554785545055683,5.801192222389819
train_1m,decay_fusion,78,5.4707560906043415,5.603145999384382
train_1m,decay_fusion,79,5.09033621274508,5.45351344488169
train_1m,decay_fusion,80,5.297927673046406,5.875125011385753
train_1m,decay_fusion,81,5.424900385049673,5.729404840509667
train_1m,decay_fusion,82,5.750808275662935,5.492204914612728
train_1m,decay_fusion,83,4.950157734063955,5.275836218933486
train_1m,decay_fusion,84,5.716571239324717,5.426474606655616
train_1m,decay_fusion,85,5.235661506652832,5.650594839049275
train_1m,decay_fusion,86,5.10342132128202,5.652274405518081
train_1m,decay_fusion,87,5.470787085019625,5.754138475464891
train_1m,decay_fusion,88,4.961350642717802,5.440353162328837
train_1m,decay_fusion,89,5.33156681060791,5.626979251567467
train_1m,decay_fusion,90,5.31988525390625,5.584175779873144
train_1m,decay_fusion,91,5.012554086171663,5.715117691456862
train_1m,decay_fusion,92,5.421647585355318,5.700866137256082
train_1m,decay_fusion,93,5.098412843850943,5.515506298055081
train_1m,decay_fusion,94,5.005955879504864,5.3917605074945
train_1m,decay_fusion,95,5.560164378239558,5.431229196839049
train_1m,decay_fusion,96,5.086579616253193,5.529598640998155
train_1m,decay_fusion,97,4.968219261903029,5.623122597644943
train_1m,decay_fusion,98,5.034334586216853,5.476723896157896
train_1m,decay_fusion,99,5.14715836598323,5.411792776516115
train_1m,decay_fusion,100,5.508998687450703,5.516594947706523
train_1m,decay_fusion,101,5.058160011584942,5.690304971793942
train_1m,decay_fusion,102,5.707575486256526,5.853494501969482
train_1m,decay_fusion,103,5.525642706797673,5.659157701082672
train_1m,decay_fusion,104,5.0328695223881645,5.723930334795625
train_1m,decay_fusion,105,5.289851610477154,5.536943741432212
train_1m,decay_fusion,106,4.989442605238694,5.647670049878349
train_1m,decay_fusion,107,5.295009301258967,5.448667608974888
train_1m,decay_fusion,108,5.334094707782452,5.658848425417492
train_1m,decay_fusion,109,5.449594552700336,5.848348490396921
train_1m,decay_fusion,110,5.312416535157424,5.518688946568866
train_1m,decay_fusion,111,5.569669283353365,5.768154542390278
train_1m,decay_fusion,112,5.79182611978971,5.558710608859167
train_1m,decay_fusion,113,5.115278867574839,5.694392481447718
train_1m,decay_fusion,114,5.0793792467850905,5.663917808864905
train_1m,decay_fusion,115,5.581812601823073,5.702690152076363
train_1m,decay_fusion,116,5.493302418635442,5.605446790915617
train_1m,decay_fusion,117,5.253312000861535,5.579433917867619
train_1m,decay_fusion,118,5.23164596924415,5.654760247170895
train_1m,decay_fusion,119,5.474159240722656,5.556354979286389
train_1m,decay_fusion,120,4.878322711357703,5.542530181693981
train_1m,decay_fusion,121,5.4010228377122145,5.474896342949888
train_1m,decay_fusion,122,5.233468826000507,5.759488988610998
train_1m,decay_fusion,123,5.488834692881658,5.730394593155224
train_1m,decay_fusion,124,4.976043426073515,5.750029353326901
train_1m,decay_fusion,125,5.585982726170466,5.711237624814628
train_1m,decay_fusion,126,5.2504966259002686,5.517865455501809
train_1m,decay_fusion,127,5.531904037182148,5.549342391592052
train_1m,decay_fusion,128,5.114644875893226,5.702134764210964
train_1m,decay_fusion,129,5.506486379183256,5.466595832313872
train_1m,decay_fusion,130,5.957377782234778,5.924026468281093
train_1m,decay_fusion,131,5.082580731465266,5.714768603146549
train_1m,decay_fusion,132,5.319046313946064,5.738629512271045
train_1m,decay_fusion,133,4.923890682367178,5.676697221308784
train_1m,decay_fusion,134,4.972090299312885,5.6406350361528155
train_1m,decay_fusion,135,4.926703443894019,5.617327891741839
train_1m,decay_fusion,136,4.777031256602361,5.611136281200417
train_1m,decay_fusion,137,5.449319784457867,5.593289892673283
train_1m,decay_fusion,138,4.83827004982875,5.410145472898724
train_1m,decay_fusion,139,5.102373728385339,5.695187013503166
train_1m,decay_fusion,140,5.222839227089515,5.658337479959389
train_1m,decay_fusion,141,5.015156672551082,5.613883109841466
train_1m,decay_fusion,142,4.806556151463435,5.53305248641155
train_1m,decay_fusion,143,4.959281939726609,5.625291785585531
train_1m,decay_fusion,144,5.952231370485746,5.860973310672132
train_1m,decay_fusion,145,5.150994777679443,5.627062428931547
train_1m,decay_fusion,146,5.291426695310152,5.7516927208492765
train_1m,decay_fusion,147,4.931557105137752,5.616580627288418
train_1m,decay_fusion,148,5.27410074380728,5.76428941211836
train_1m,decay_fusion,149,5.937332300039438,5.889620369906893
train_1m,decay_fusion,150,5.100791674393874,5.551463431396308
train_1m,decay_fusion,151,5.498166927924523,5.779547748167854
train_1m,decay_fusion,152,5.385987942035381,5.503067050863878
train_1m,decay_fusion,153,5.031752347946167,5.697646947804733
train_1m,decay_fusion,154,5.387985853048471,5.673309182384695
train_1m,decay_fusion,155,5.079572989390447,5.719013412790867
train_1m,decay_fusion,156,5.245475769042969,5.724501622260192
train_1m,decay_fusion,157,5.923797717461219,5.540731974724509
train_1m,decay_fusion,158,5.11954140663147,5.52400664500664
train_1m,decay_fusion,159,5.644763946533203,5.508779777250291
train_1m,decay_fusion,160,5.495572090148926,5.701664882084254
train_1m,decay_fusion,161,5.367383810190054,5.764675783798284
train_1m,decay_fusion,162,5.3949007254380446,5.665031560092052
train_1m,decay_fusion,163,5.122750318967379,5.7197389657448365
train_1m,decay_fusion,164,5.165469132936918,5.702585930716918
train_1m,decay_fusion,165,5.544644575852614,5.425406998090977
train_1m,decay_fusion,166,5.240923624772292,5.743828556312943
train_1m,decay_fusion,167,5.24033796787262,5.397746934134824
train_1m,decay_fusion,168,5.386430887075571,5.38945590740852
train_1m,decay_fusion,169,4.753428780115568,5.587282619595419
train_1m,decay_fusion,170,5.758380779853234,5.487636366479096
train_1m,decay_fusion,171,4.881629925507766,5.5989467838931954
train_1m,decay_fusion,172,5.508442255166861,5.647739299966582
train_1m,decay_fusion,173,5.495788207420936,5.738374289224589
train_1m,decay_fusion,174,5.148220539093018,5.3920465942309175
train_1m,decay_fusion,175,5.556494043423579,5.604477973469178
train_1m,decay_fusion,176,5.095407596001258,5.638122736617289
train_1m,decay_fusion,177,5.937310732327974,5.464765323309279
train_1m,decay_fusion,178,4.976028167284452,5.68554000239835
train_1m,decay_fusion,179,5.494938593644362,5.807642709867422
train_1m,decay_fusion,180,5.141839816020085,5.762070741264166
train_1m,decay_fusion,181,5.295228261214036,5.729883287233518
train_1m,decay_fusion,182,5.253902343603281,5.473713276339735
train_1m,decay_fusion,183,5.191439298483042,5.623211935641883
train_1m,decay_fusion,184,5.2902715022747335,5.637315154523043
train_1m,decay_fusion,185,4.878201521359957,5.640586752068316
train_1m,decay_fusion,186,5.423074575570913,5.6600358635687105
train_1m,decay_fusion,187,5.185021583850567,5.470210797015884
train_1m,decay_fusion,188,5.652520766625037,5.522084918119838
train_1m,decay_fusion,189,5.019367126318125,5.569723066527728
train_1m,decay_fusion,190,5.316304060129019,5.691834517095346
train_1m,decay_fusion,191,5.892361090733455,5.556833416064164
train_1m,decay_fusion,192,5.536613170917217,5.574999978738893
train_1m,decay_fusion,193,5.429344837482159,5.392344608864158
train_1m,decay_fusion,194,4.924977174172034,5.716185564403375
train_1m,decay_fusion,195,4.989451243327214,5.599031557716172
train_1m,decay_fusion,196,4.980419287314782,5.608401220006386
train_1m,decay_fusion,197,5.206969554607685,5.7501731231440925
train_1m,decay_fusion,198,5.577325490804819,5.44762415586146
train_1m,decay_fusion,199,4.981486100416917,5.720325023838546
train_1m,decay_fusion,200,5.27765663770529,5.616573279082813
train_1m,decay_fusion,201,5.150389304527869,5.552419887649787
train_1m,decay_fusion,202,5.623192493732159,5.472165758551839
train_1m,decay_fusion,203,4.941437867971567,5.691552290701363
train_1m,decay_fusion,204,5.35276198387146,5.719170272877237
train_1m,decay_fusion,205,5.266261522586529,5.621559221059233
train_1m,decay_fusion,206,5.7279043931227465,5.837617279674488
train_1m,decay_fusion,207,5.5625254190885105,5.5069234806598635
train_1m,decay_fusion,208,5.313656513507549,5.708910532772027
train_1m,decay_fusion,209,5.629430532455444,5.865125973750201
train_1m,decay_fusion,210,4.933682166613066,5.735639201684356
train_1m,decay_fusion,211,5.075303829633272,5.566502187489741
train_1m,decay_fusion,212,5.264764015491192,5.616682813222085
train_1m,decay_fusion,213,4.916725580508892,5.523266791218239
train_1m,decay_fusion,214,5.386073754383967,5.737298476544755
train_1m,decay_fusion,215,5.281318224393404,5.458289155767194
train_1m,decay_fusion,216,5.939222537554228,5.647007737286684
train_1m,decay_fusion,217,5.080042637311495,5.624440796522906
train_1m,decay_fusion,218,5.515955741588886,5.7578754467771756
train_1m,decay_fusion,219,5.317405902422392,5.738707334915532
train_1m,decay_fusion,220,5.251096872182993,5.589560444697966
train_1m,decay_fusion,221,6.054345736136804,5.683020511456811
train_1m,decay_fusion,222,5.7078226162837105,5.895875056919706
train_1m,decay_fusion,223,5.286468689258282,5.4350330629482055
train_1m,decay_fusion,224,5.014853074000432,5.650660987324799
train_1m,decay_fusion,225,5.161886325249305,5.7687152443314975
train_1m,decay_fusion,226,4.919211167555589,5.7081172827564615
train_1m,decay_fusion,227,5.416094890007606,5.490796913421367
train_1m,decay_fusion,228,5.332706378056453,5.421749505641287
train_1m,decay_fusion,229,5.555266838807326,5.799336223523081
train_1m,decay_fusion,230,5.509172256176289,5.464954424831551
train_1m,decay_fusion,231,5.255817715938274,5.366252912542586
train_1m,decay_fusion,232,5.338685842660757,5.820268535675347
train_1m,decay_fusion,233,5.009716492432815,5.395705811034266
train_1m,decay_fusion,234,5.199401617050171,5.795917082143025
train_1m,decay_fusion,235,5.195423227090102,5.61666199514027
train_1m,decay_fusion,236,5.799081563949585,5.679446155883699
train_1m,decay_fusion,237,5.919422388076782,5.927411976645489
train_1m,decay_fusion,238,5.059099765924307,5.63499673195121
train_1m,decay_fusion,239,5.506106009850135,5.693624906010372
train_1m,decay_fusion,240,5.525696662756113,5.381160867619091
train_1m,decay_fusion,241,5.40106816475208,5.784673259242464
train_1m,decay_fusion,242,5.341662150162917,5.769392672212826
train_1m,decay_fusion,243,4.994082230788011,5.645264416775552
train_1m,decay_fusion,244,5.183573704499465,5.674158437502042
train_1m,decay_fusion,245,5.13984856238732,5.704383039908992
train_1m,decay_fusion,246,5.323499386127178,5.7139788197360355
train_1m,decay_fusion,247,5.34416048343365,5.644416675763501
train_1m,decay_fusion,248,5.37323548243596,5.403121278176152
train_1m,decay_fusion,249,5.615814529932463,5.687188379793322
train_1m,decay_fusion,250,5.4239313785846415,5.824896870129847
train_1m,decay_fusion,251,5.004812167241023,5.668121457202688
train_1m,decay_fusion,252,5.4878202218275804,5.741246602478128
train_1m,decay_fusion,253,5.389522057313186,5.810409088945571
train_1m,decay_fusion,254,5.556340786126944,5.732106662064225
train_1m,decay_fusion,255,5.307339998391958,5.631473079764022
train_1m,decay_fusion,256,5.03038554925185,5.634688547814955
train_1m,decay_fusion,257,5.418178778428298,5.6427702593115034
train_1m,decay_fusion,258,5.371851370884822,5.821470295308694
train_1m,decay_fusion,259,5.7834014525780315,5.537800999831546
train_1m,decay_fusion,260,5.06170626787039,5.649137801788854
train_1m,decay_fusion,261,5.518408151773306,5.653125412533724
train_1m,decay_fusion,262,5.314384533808782,5.629386673108371
train_1m,decay_fusion,263,5.524590308849628,5.734734084295388
train_1m,decay_fusion,264,5.651582589516273,5.610923524698764
train_1m,decay_fusion,265,5.377012876363901,5.719496467473581
train_1m,decay_fusion,266,5.555308268620418,5.7929095634595935
train_1m,decay_fusion,267,5.118859511155349,5.7051083888206575
train_1m,decay_fusion,268,5.7348542763636665,5.52033509450065
train_1m,decay_fusion,269,4.772263802014864,5.57813285838122
train_1m,decay_fusion,270,5.168233174544114,5.679912838055113
train_1m,decay_fusion,271,5.113263203547551,5.6364829654839745
train_1m,decay_fusion,272,5.372246265411377,5.501873898302572
train_1m,decay_fusion,273,5.4840655877039985,5.725122161591069
train_1m,decay_fusion,274,5.481735412891094,5.51728001397236
train_1m,decay_fusion,275,5.6565719567812405,5.529913057566353
train_1m,decay_fusion,276,5.6439738273620605,5.484537166865565
train_1m,decay_fusion,277,5.830113245890691,5.46302072408973
train_1m,decay_fusion,278,5.660053179814265,5.518399909881187
train_1m,decay_fusion,279,5.6408299299386835,5.581129993997962
train_1m,decay_fusion,280,5.064841105387761,5.673831635316717
train_1m,decay_fusion,281,5.228692348186787,5.436856490862786
train_1m,decay_fusion,282,5.9031042869274435,5.576998477424279
train_1m,decay_fusion,283,5.360134968390832,5.522814191713797
train_1m,decay_fusion,284,5.571967161618746,5.644278193038669
train_1m,decay_fusion,285,5.467186029140766,5.713158670706769
train_1m,decay_fusion,286,5.316890203035795,5.638454611907877
train_1m,decay_fusion,287,5.25947904586792,5.506422334697986
train_1m,decay_fusion,288,5.4515665127680855,5.718002725995752
train_1m,decay_fusion,289,5.292156980587886,5.827476414372094
train_1m,decay_fusion,290,5.612547966150137,5.540729225907365
train_1m,decay_fusion,291,6.091124222828792,5.570723275360818
train_1m,decay_fusion,292,5.161940959783701,5.66782990258381
train_1m,decay_fusion,293,6.396356949439416,5.828829611680478
train_1m,decay_fusion,294,5.254497766494751,5.674115766147448
train_1m,decay_fusion,295,5.7086256467379055,5.810992552520544
train_1m,decay_fusion,296,5.428704261779785,5.545829122004246
train_1m,decay_fusion,297,5.2843863138785725,5.651730772238401
train_1m,decay_fusion,298,5.40080110843365,5.705478687528662
train_1m,decay_fusion,299,6.15841504243704,5.73355177348479
train_1m,decay_fusion,300,5.000038953927847,5.517710658914923
train_1m,decay_fusion,301,5.348329067230225,5.647819731773245
train_1m,decay_fusion,302,5.872115960487952,5.952252256110701
train_1m,decay_fusion,303,5.591289556943453,5.746857654794927
train_1m,decay_fusion,304,6.041809155390813,5.607170844247876
train_1m,decay_fusion,305,5.382696005014273,5.78656093086183
train_1m,decay_fusion,306,5.53076459811284,5.735241390157305
train_1m,decay_fusion,307,4.991022513462947,5.651395877104209
train_1m,decay_fusion,308,5.542721051436204,5.423496188526453
train_1m,decay_fusion,309,5.260374949528621,5.363523897711041
train_1m,decay_fusion,310,4.919286214388334,5.693270842933718
train_1m,decay_fusion,311,5.421507065112774,5.512760781776148
train_1m,decay_fusion,312,5.611201561414278,5.665577423130906
train_1m,decay_fusion,313,5.246305025540865,5.561482920337123
train_1m,decay_fusion,314,5.568589925765991,5.7794624315456655
train_1m,decay_fusion,315,5.172437704526461,5.635190611042661
train_1m,decay_fusion,316,5.737836654369648,5.637933462542588
train_1m,decay_fusion,317,5.92633593082428,5.668189475247093
train_1m,decay_fusion,318,5.4916139382582445,5.686117105092454
train_1m,decay_fusion,319,5.526452798109788,5.718034629627557
train_1m,decay_fusion,320,5.502916281039898,5.520306267873343
train_1m,decay_fusion,321,5.884679794311523,5.541269027495384
train_1m,decay_fusion,322,4.9917039687816915,5.5903127437293545
train_1m,decay_fusion,323,5.27025844500615,5.3769393569426445
train_1m,decay_fusion,324,5.309898376464844,5.709483273480556
train_1m,decay_fusion,325,5.264256734114427,5.783680458403833
train_1m,decay_fusion,326,5.226937073927659,5.808122234601412
train_1m,decay_fusion,327,6.758002519607544,5.706942120917367
train_1m,decay_fusion,328,5.574751523824839,5.801651518586758
train_1m,decay_fusion,329,5.108058525965764,5.422807061823723
train_1m,decay_fusion,330,5.055047603753897,5.659405863651249
train_1m,decay_fusion,331,5.271875674907978,5.769894878438408
train_1m,decay_fusion,332,5.157759996560904,5.695219545867096
train_1m,decay_fusion,333,5.233025404123159,5.698263671757832
train_1m,decay_fusion,334,5.669360142487746,5.574812417822475
train_1m,decay_fusion,335,5.511850173656757,5.813259419914464
train_1m,decay_fusion,336,5.4885938717768745,5.502213789477822
train_1m,decay_fusion,337,5.3023834595313435,5.61303513054508
train_1m,decay_fusion,338,5.181351038125845,5.617162131135169
train_1m,decay_fusion,339,4.951281474186824,5.723092962393897
train_1m,decay_fusion,340,5.420316439408523,5.793276144592114
train_1m,decay_fusion,341,5.323123565086951,5.54944389131305
train_1m,decay_fusion,342,5.10161095399123,5.69002373103075
train_1m,decay_fusion,343,5.805060203258808,5.435084818520149
train_1m,decay_fusion,344,5.447537899017334,5.627076427084564
train_1m,decay_fusion,345,4.819319413258479,5.474701095571742
train_1m,decay_fusion,346,5.474208795107328,5.784625857877592
train_1m,decay_fusion,347,5.513573683225191,5.70975337265113
train_1m,decay_fusion,348,4.789364090332618,5.659567513697926
train_1m,decay_fusion,349,4.949371282870953,5.389214095916303
train_1m,decay_fusion,350,5.155112578318669,5.487672802379693
train_1m,decay_fusion,351,6.082065105438232,5.624107177069527
train_1m,decay_fusion,352,4.982067768390362,5.607652673311188
train_1m,decay_fusion,353,5.095458324138935,5.696378400626094
train_1m,decay_fusion,354,5.431123109964224,5.423496724401091
train_1m,decay_fusion,355,5.071555045934824,5.516998873368687
train_1m,decay_fusion,356,5.1868560039080105,5.694661396397864
train_1m,decay_fusion,357,5.22973895072937,5.763986009462469
train_1m,decay_fusion,358,5.089330783257117,5.490717561870349
train_1m,decay_fusion,359,5.347133031258216,5.476850364241807
train_1m,decay_fusion,360,5.629197524144099,5.623758090873048
train_1m,decay_fusion,361,5.672273489145132,5.650548843715063
train_1m,decay_fusion,362,5.077806289379414,5.62172251545121
train_1m,decay_fusion,363,5.59030400789701,5.83633912064505
train_1m,decay_fusion,364,4.976911544799805,5.596671311903001
train_1m,decay_fusion,365,5.484955695959238,5.592219871033857
train_1m,decay_fusion,366,4.912813470913814,5.633456667957227
train_1m,decay_fusion,367,4.928864295666035,5.662512295158029
train_1m,decay_fusion,368,5.482219567665687,5.465846908754447
train_1m,decay_fusion,369,5.380783301133376,5.695097919409519
train_1m,decay_fusion,370,5.210643355663006,5.664783413564662
train_1m,decay_fusion,371,5.45513941691472,5.778803983589105
train_1m,decay_fusion,372,5.800429747654841,5.531981408954099
train_1m,decay_fusion,373,5.3152457017164965,5.535062613263771
train_1m,decay_fusion,374,5.317656076871431,5.695127510257119
train_1m,decay_fusion,375,5.38286698781527,5.584639306707397
train_1m,decay_fusion,376,5.371554961571326,5.485235545366527
train_1m,decay_fusion,377,6.05059737425584,5.500291786459067
train_1m,decay_fusion,378,4.8844727736253,5.5846850713791545
train_1m,decay_fusion,379,5.615977342312153,5.561245113622176
train_1m,decay_fusion,380,5.012710406230046,5.580228357948223
train_1m,decay_fusion,381,6.0491665326631985,5.9193061000110845
train_1m,decay_fusion,382,6.205285732562725,5.404471538790863
train_1m,decay_fusion,383,4.9754770535689135,5.665437506504396
train_1m,decay_fusion,384,5.126936912536621,5.5040272195503865
train_1m,decay_fusion,385,6.058488790805523,5.848675374732531
train_1m,decay_fusion,386,6.239235474513127,5.793353757042452
train_1m,decay_fusion,387,5.574407174037053,5.7105784808265705
train_1m,decay_fusion,388,5.805640147282527,5.722840162500973
train_1m,decay_fusion,389,5.128426423439612,5.761529235319474
train_1m,decay_fusion,390,5.583163958329421,5.750465894593774
train_1m,decay_fusion,391,5.3277291517991285,5.799748506309033
train_1m,decay_fusion,392,4.8987074081714335,5.70759348777916
train_1m,decay_fusion,393,5.782568711500901,5.785070323944525
train_1m,decay_fusion,394,5.253134094751799,5.701302396847965
train_1m,decay_fusion,395,5.5238377681145305,5.439558862591403
train_1m,decay_fusion,396,5.1657520440908575,5.664791944942826
train_1m,decay_fusion,397,5.180898207884568,5.778258391289668
train_1m,decay_fusion,398,5.519307631712693,5.771574196099919
train_1m,decay_fusion,399,5.013546888644878,5.4299962700905
train_1m,decay_fusion,400,4.867796861208403,5.713871734186139
train_1m,decay_fusion,401,5.215671227528499,5.738845733322107
train_1m,decay_fusion,402,4.9522881141075725,5.426294340357761
train_1m,decay_fusion,403,5.017572696392353,5.588174287256512
train_1m,decay_fusion,404,5.418186976359441,5.81645406379196
train_1m,decay_fusion,405,5.359878778457642,5.789030863350271
train_1m,decay_fusion,406,5.137108692756066,5.6962285352657736
train_1m,decay_fusion,407,5.67198214164147,5.712325957892913
train_1m,decay_fusion,408,4.944631301439726,5.5493692308055405
train_1m,decay_fusion,409,5.49001851448646,5.620962097909322
train_1m,decay_fusion,410,5.2178285488715535,5.798655007696249
train_1m,decay_fusion,411,5.691750398048987,5.613439492476005
train_1m,decay_fusion,412,5.358504588787373,5.718804784631521
train_1m,decay_fusion,413,5.09181979069343,5.318920228931142
train_1m,decay_fusion,414,5.052486749795767,5.5367279746706135
train_1m,decay_fusion,415,5.228025381381695,5.604274424486363
train_1m,decay_fusion,416,4.965925161655132,5.398253974455914
train_1m,decay_fusion,417,5.894948904330914,5.476648805853281
train_1m,decay_fusion,418,4.907001770459688,5.6620310795935485
train_1m,decay_fusion,419,5.029015962894146,5.596118432806924
train_1m,decay_fusion,420,5.417145197208111,5.416405569431702
train_1m,decay_fusion,421,4.96103495817918,5.446284141225295
train_1m,decay_fusion,422,5.655895123114953,5.781588074171694
train_1m,decay_fusion,423,4.899122439897978,5.524207742491469
train_1m,decay_fusion,424,4.995036235222449,5.518747620304103
train_1m,decay_fusion,425,5.170091940806462,5.7067075564259815
train_1m,decay_fusion,426,5.257874892308162,5.750436767867776
train_1m,decay_fusion,427,4.988566600359404,5.77835270425315
train_1m,decay_fusion,428,6.001700621384841,5.572352400715115
train_1m,decay_fusion,429,5.0852461228003865,5.624020937548303
train_1m,decay_fusion,430,4.967501548620371,5.694522402377057
train_1m,decay_fusion,431,5.407969749890841,5.503837631207535
train_1m,decay_fusion,432,5.276859686924861,5.52688475819467
train_1m,decay_fusion,433,4.836559809171236,5.526305293637533
train_1m,decay_fusion,434,6.334114698263315,5.8735300953124625
train_1m,decay_fusion,435,5.860291627737192,5.831474290089847
train_1m,decay_fusion,436,5.229294428458581,5.686202634127891
train_1m,decay_fusion,437,4.912032475838294,5.610002015290451
train_1m,decay_fusion,438,5.155846769993122,5.470215279009017
train_1m,decay_fusion,439,5.038766714242788,5.827004777250486
train_1m,decay_fusion,440,5.302644949692946,5.405255148542496
train_1m,decay_fusion,441,4.949524090840266,5.7235239678509435
train_1m,decay_fusion,442,5.054934795086201,5.705661792589631
train_1m,decay_fusion,443,5.759063757382906,5.5848363686788876
train_1m,decay_fusion,444,4.95904712493603,5.5513530106902556
train_1m,decay_fusion,445,5.325273202015803,5.618130845910609
train_1m,decay_fusion,446,5.274159523156973,5.619474760011792
train_1m,decay_fusion,447,5.06376838684082,5.756953651130181
train_1m,decay_fusion,448,5.2479963669410115,5.662663546174093
train_1m,decay_fusion,449,5.777711996665368,5.480148084676641
train_1m,decay_fusion,450,5.305993015949543,5.474879623329243
train_1m,decay_fusion,451,5.576637203876789,5.9023683870443575
train_1m,decay_fusion,452,5.505244493484497,5.50245347199828
train_1m,decay_fusion,453,5.030335224591768,5.618239698357261
train_1m,decay_fusion,454,5.263978536312397,5.648485452146626
train_1m,decay_fusion,455,5.485509193860567,5.81050148285206
train_1m,decay_fusion,456,5.417599476300753,5.744172376573927
train_1m,decay_fusion,457,5.454484902895414,5.67945941407474
train_1m,decay_fusion,458,5.288934634282039,5.681141131708154
train_1m,decay_fusion,459,5.500341011927678,5.545090410589152
train_1m,decay_fusion,460,5.305441599625808,5.462831060830102
train_1m,decay_fusion,461,5.101687339635996,5.647662181617163
train_1m,decay_fusion,462,5.435612165010893,5.690984218134881
train_1m,decay_fusion,463,5.392031669616699,5.6752633588405
train_1m,decay_fusion,464,6.246409948055561,5.487134970269734
train_1m,decay_fusion,465,4.991350669127244,5.71999409841056
train_1m,decay_fusion,466,5.219642088963435,5.469895414960988
train_1m,decay_fusion,467,5.8366319583012505,5.453790520596623
train_1m,decay_fusion,468,5.090020106388972,5.402129756188919
train_1m,decay_fusion,469,5.082184608166035,5.720075137021016
train_1m,decay_fusion,470,5.141508432535025,5.528825606266841
train_1m,decay_fusion,471,5.559896487456101,5.66272878576183
train_1m,decay_fusion,472,5.452413852398212,5.865283351536198
train_1m,decay_fusion,473,5.464592860295222,5.519747703168078
train_1m,decay_fusion,474,5.070542518909161,5.372383332226562
train_1m,decay_fusion,475,5.3017718975360575,5.72626287710903
train_1m,decay_fusion,476,4.841120279752291,5.623362296955804
train_1m,decay_fusion,477,5.035210719475379,5.592291934779956
train_1m,decay_fusion,478,4.991526310260479,5.734071156963974
train_1m,decay_fusion,479,6.170672178268433,5.712477332788571
train_1m,decay_fusion,480,5.745120635399451,5.479023006822304
train_1m,decay_fusion,481,5.4759024656735935,5.810316635035658
train_1m,decay_fusion,482,5.1057652326730585,5.5556594988587795
train_1m,decay_fusion,483,5.455598702797523,5.507528188652194
train_1m,decay_fusion,484,5.0685954093933105,5.372533591979347
train_1m,decay_fusion,485,5.178144821753869,5.647395623286264
train_1m,decay_fusion,486,6.174967270631057,5.6752001346755385
train_1m,decay_fusion,487,5.847340822219849,5.566325884674631
train_1m,decay_fusion,488,5.207778472166795,5.645551083647245
train_1m,decay_fusion,489,5.490812044877273,5.753657331226522
train_1m,decay_fusion,490,5.529909739127526,5.507077664505912
train_1m,decay_fusion,491,5.235699919553904,5.6262272546136085
train_1m,decay_fusion,492,5.376889632298396,5.8278962901533795
train_1m,decay_fusion,493,5.393037410882803,5.494532922734393
train_1m,decay_fusion,494,4.911649593940148,5.569510443756081
train_1m,decay_fusion,495,5.179699375079228,5.397018484678619
train_1m,decay_fusion,496,4.952001645014836,5.330434672088606
train_1m,decay_fusion,497,5.3830383374140816,5.513284723787028
train_1m,decay_fusion,498,5.063532792604887,5.616699300080272
train_1m,decay_fusion,499,5.382334030591524,5.652862045554057
train_1m,decay_fusion,500,5.51168416096614,5.568434488098816
train_1m,decay_fusion,501,5.310084141217745,5.635615117641752
train_1m,decay_fusion,502,5.27580294242272,5.534172166088592
train_1m,decay_fusion,503,5.0050808282998895,5.566106892458759
train_1m,decay_fusion,504,5.226062151101919,5.581255263236817
train_1m,decay_fusion,505,5.2189785333780145,5.710467320913785
train_1m,decay_fusion,506,4.9429234724778395,5.611207129593718
train_1m,decay_fusion,507,5.213699120741624,5.5687638430778
train_1m,decay_fusion,508,5.799065553225004,5.523353766245686
train_1m,decay_fusion,509,5.8304275549375095,5.580477449347005
train_1m,decay_fusion,510,5.1176449335538425,5.679269727775817
train_1m,decay_fusion,511,6.006154610560491,5.554317158194631
test_1m,baseline_only,0,5.373965153327355,5.630397870121157
test_1m,baseline_only,1,4.87088759128864,5.630397870121157
test_1m,baseline_only,2,5.0853205277369575,5.630397870121157
test_1m,baseline_only,3,5.274973685924824,5.630397870121157
test_1m,baseline_only,4,5.359663541500385,5.630397870121157
test_1m,baseline_only,5,4.832554211983314,5.630397870121157
test_1m,baseline_only,6,6.1226600133455715,5.630397870121157
test_1m,baseline_only,7,5.555017544673039,5.630397870121157
test_1m,baseline_only,8,5.278190264335046,5.630397870121157
test_1m,baseline_only,9,5.622174207980816,5.630397870121157
test_1m,baseline_only,10,5.316068282494178,5.630397870121157
test_1m,baseline_only,11,5.243096773441021,5.630397870121157
test_1m,baseline_only,12,5.3679552261645975,5.630397870121157
test_1m,baseline_only,13,5.620352524977464,5.630397870121157
test_1m,baseline_only,14,5.108994245529175,5.630397870121157
test_1m,baseline_only,15,5.430535133068378,5.630397870121157
test_1m,baseline_only,16,5.153882228411161,5.630397870121157
test_1m,baseline_only,17,5.012001450245197,5.630397870121157
test_1m,baseline_only,18,5.573129892349243,5.630397870121157
test_1m,baseline_only,19,5.411105082585261,5.630397870121157
test_1m,baseline_only,20,5.185511203912588,5.630397870121157
test_1m,baseline_only,21,5.426152119269738,5.630397870121157
test_1m,baseline_only,22,5.119761852117685,5.630397870121157
test_1m,baseline_only,23,5.380604853996863,5.630397870121157
test_1m,baseline_only,24,4.985298065038828,5.630397870121157
test_1m,baseline_only,25,6.030289613283598,5.630397870121157
test_1m,baseline_only,26,5.3554720145005446,5.630397870121157
test_1m,baseline_only,27,4.822077512741089,5.630397870121157
test_1m,baseline_only,28,5.511135798234206,5.630397870121157
test_1m,baseline_only,29,5.3289276269766,5.630397870121157
test_1m,baseline_only,30,5.541824230780969,5.630397870121157
test_1m,baseline_only,31,4.942216506371131,5.630397870121157
test_1m,baseline_only,32,4.850861732776348,5.630397870121157
test_1m,baseline_only,33,5.470191625448374,5.630397870121157
test_1m,baseline_only,34,4.842583014414861,5.630397870121157
test_1m,baseline_only,35,4.996479859718909,5.630397870121157
test_1m,baseline_only,36,5.3476937183967,5.630397870121157
test_1m,baseline_only,37,5.533937160785381,5.630397870121157
test_1m,baseline_only,38,5.247154749356783,5.630397870121157
test_1m,baseline_only,39,4.861885676017175,5.630397870121157
test_1m,baseline_only,40,4.824003237944383,5.630397870121157
test_1m,baseline_only,41,5.514141229482798,5.630397870121157
test_1m,baseline_only,42,5.512701438023494,5.630397870121157
test_1m,baseline_only,43,5.065673901484563,5.630397870121157
test_1m,baseline_only,44,4.894003648024339,5.630397870121157
test_1m,baseline_only,45,5.1635107810680685,5.630397870121157
test_1m,baseline_only,46,5.117653076465313,5.630397870121157
test_1m,baseline_only,47,5.232946267494788,5.630397870121157
test_1m,baseline_only,48,5.485732243611262,5.630397870121157
test_1m,baseline_only,49,4.918953253672673,5.630397870121157
test_1m,baseline_only,50,5.210708599824172,5.630397870121157
test_1m,baseline_only,51,5.616335960534903,5.630397870121157
test_1m,baseline_only,52,4.925976707385137,5.630397870121157
test_1m,baseline_only,53,5.445093961862417,5.630397870121157
test_1m,baseline_only,54,5.4119741183060865,5.630397870121157
test_1m,baseline_only,55,5.022448970721318,5.630397870121157
test_1m,baseline_only,56,6.0019166836371785,5.630397870121157
test_1m,baseline_only,57,4.8247223909084616,5.630397870121157
test_1m,baseline_only,58,4.857201796311599,5.630397870121157
test_1m,baseline_only,59,5.41318128659175,5.630397870121157
test_1m,baseline_only,60,5.597858062157264,5.630397870121157
test_1m,baseline_only,61,5.30172061920166,5.630397870121157
test_1m,baseline_only,62,5.682907618009127,5.630397870121157
test_1m,baseline_only,63,4.841868152985206,5.630397870121157
test_1m,baseline_only,64,5.357793001028208,5.630397870121157
test_1m,baseline_only,65,5.643125313978929,5.630397870121157
test_1m,baseline_only,66,5.974604258170495,5.630397870121157
test_1m,baseline_only,67,4.849615793961745,5.630397870121157
test_1m,baseline_only,68,4.953273947422321,5.630397870121157
test_1m,baseline_only,69,5.410243327801044,5.630397870121157
test_1m,baseline_only,70,5.234482068281907,5.630397870121157
test_1m,baseline_only,71,5.297613822496855,5.630397870121157
test_1m,baseline_only,72,5.492023046200092,5.630397870121157
test_1m,baseline_only,73,5.583093661528367,5.630397870121157
test_1m,baseline_only,74,5.079312672981849,5.630397870121157
test_1m,baseline_only,75,4.998651376137366,5.630397870121157
test_1m,baseline_only,76,5.560814985862145,5.630397870121157
test_1m,baseline_only,77,5.0722093765552225,5.630397870121157
test_1m,baseline_only,78,5.943764393146221,5.630397870121157
test_1m,baseline_only,79,5.496101251015296,5.630397870121157
test_1m,baseline_only,80,4.923734188079834,5.630397870121157
test_1m,baseline_only,81,5.182465589963472,5.630397870121157
test_1m,baseline_only,82,5.346311752612774,5.630397870121157
test_1m,baseline_only,83,5.065563788780799,5.630397870121157
test_1m,baseline_only,84,5.603990334730882,5.630397870121157
test_1m,baseline_only,85,5.389875118549053,5.630397870121157
test_1m,baseline_only,86,6.255406177960909,5.630397870121157
test_1m,baseline_only,87,5.339869609245887,5.630397870121157
test_1m,baseline_only,88,5.183077060259306,5.630397870121157
test_1m,baseline_only,89,5.137655404897837,5.630397870121157
test_1m,baseline_only,90,5.181325380618755,5.630397870121157
test_1m,baseline_only,91,5.086711131609404,5.630397870121157
test_1m,baseline_only,92,5.25266760129195,5.630397870121157
test_1m,baseline_only,93,5.582974470578707,5.630397870121157
test_1m,baseline_only,94,5.189936821277325,5.630397870121157
test_1m,baseline_only,95,5.411290608919584,5.630397870121157
test_1m,baseline_only,96,5.608062890859751,5.630397870121157
test_1m,baseline_only,97,5.191432806161734,5.630397870121157
test_1m,baseline_only,98,5.267571302560659,5.630397870121157
test_1m,baseline_only,99,5.286745548248291,5.630397870121157
test_1m,baseline_only,100,5.7576320721552925,5.630397870121157
test_1m,baseline_only,101,5.30854738675631,5.630397870121157
test_1m,baseline_only,102,5.351222936923687,5.630397870121157
test_1m,baseline_only,103,5.032535387919499,5.630397870121157
test_1m,baseline_only,104,5.332005354074331,5.630397870121157
test_1m,baseline_only,105,5.500462238605206,5.630397870121157
test_1m,baseline_only,106,5.0212734662569485,5.630397870121157
test_1m,baseline_only,107,5.221878198476938,5.630397870121157
test_1m,baseline_only,108,5.327835669884315,5.630397870121157
test_1m,baseline_only,109,5.304491354868962,5.630397870121157
test_1m,baseline_only,110,5.349758625030518,5.630397870121157
test_1m,baseline_only,111,5.1627951218531685,5.630397870121157
test_1m,baseline_only,112,5.112499567178579,5.630397870121157
test_1m,baseline_only,113,5.043016635454618,5.630397870121157
test_1m,baseline_only,114,5.322289026700533,5.630397870121157
test_1m,baseline_only,115,5.231626620659461,5.630397870121157
test_1m,baseline_only,116,5.446287631988525,5.630397870121157
test_1m,baseline_only,117,5.708623335911677,5.630397870121157
test_1m,baseline_only,118,4.819635070287264,5.630397870121157
test_1m,baseline_only,119,5.282045437739446,5.630397870121157
test_1m,baseline_only,120,5.450615240977361,5.630397870121157
test_1m,baseline_only,121,4.936770695906419,5.630397870121157
test_1m,baseline_only,122,5.454761578486516,5.630397870121157
test_1m,baseline_only,123,5.221884736647973,5.630397870121157
test_1m,baseline_only,124,5.063311173365666,5.630397870121157
test_1m,baseline_only,125,5.075846562018762,5.630397870121157
test_1m,baseline_only,126,5.145153375772329,5.630397870121157
test_1m,baseline_only,127,5.006139021653396,5.630397870121157
test_1m,baseline_only,128,5.386295612041767,5.630397870121157
test_1m,baseline_only,129,4.963192664659941,5.630397870121157
test_1m,baseline_only,130,5.076912788244394,5.630397870121157
test_1m,baseline_only,131,5.258599299650926,5.630397870121157
test_1m,baseline_only,132,4.978934398064246,5.630397870121157
test_1m,baseline_only,133,5.45208663206834,5.630397870121157
test_1m,baseline_only,134,5.882924281633818,5.630397870121157
test_1m,baseline_only,135,5.645181380785429,5.630397870121157
test_1m,baseline_only,136,5.335846644181472,5.630397870121157
test_1m,baseline_only,137,5.734728152935322,5.630397870121157
test_1m,baseline_only,138,5.872643544123723,5.630397870121157
test_1m,baseline_only,139,5.057002562742967,5.630397870121157
test_1m,baseline_only,140,5.358076884196355,5.630397870121157
test_1m,baseline_only,141,5.228418221840491,5.630397870121157
test_1m,baseline_only,142,4.8701782409961405,5.630397870121157
test_1m,baseline_only,143,5.2966673007378215,5.630397870121157
test_1m,baseline_only,144,5.112739893106314,5.630397870121157
test_1m,baseline_only,145,5.457334096615131,5.630397870121157
test_1m,baseline_only,146,5.307218826734102,5.630397870121157
test_1m,baseline_only,147,5.2064825388101434,5.630397870121157
test_1m,baseline_only,148,5.430807131987351,5.630397870121157
test_1m,baseline_only,149,5.428873428931603,5.630397870121157
test_1m,baseline_only,150,5.222006137554462,5.630397870121157
test_1m,baseline_only,151,4.884913802146912,5.630397870121157
test_1m,baseline_only,152,4.9806958345266485,5.630397870121157
test_1m,baseline_only,153,5.267538877633902,5.630397870121157
test_1m,baseline_only,154,4.885753613251906,5.630397870121157
test_1m,baseline_only,155,5.346514151646541,5.630397870121157
test_1m,baseline_only,156,5.070986362603994,5.630397870121157
test_1m,baseline_only,157,5.234849067834707,5.630397870121157
test_1m,baseline_only,158,5.512349660579975,5.630397870121157
test_1m,baseline_only,159,5.117385690028851,5.630397870121157
test_1m,baseline_only,160,5.324403762817383,5.630397870121157
test_1m,baseline_only,161,5.353014890964214,5.630397870121157
test_1m,baseline_only,162,5.048737287521362,5.630397870121157
test_1m,baseline_only,163,4.96267975293673,5.630397870121157
test_1m,baseline_only,164,4.9157152359302225,5.630397870121157
test_1m,baseline_only,165,5.286557564368615,5.630397870121157
test_1m,baseline_only,166,5.133503042734587,5.630397870121157
test_1m,baseline_only,167,5.197917736493624,5.630397870121157
test_1m,baseline_only,168,5.126447888521048,5.630397870121157
test_1m,baseline_only,169,5.287885409135085,5.630397870121157
test_1m,baseline_only,170,5.30585241317749,5.630397870121157
test_1m,baseline_only,171,4.837997051385733,5.630397870121157
test_1m,baseline_only,172,5.239429235458374,5.630397870121157
test_1m,baseline_only,173,5.488476863274207,5.630397870121157
test_1m,baseline_only,174,5.475210226499117,5.630397870121157
test_1m,baseline_only,175,4.92287250665518,5.630397870121157
test_1m,baseline_only,176,5.35578047312223,5.630397870121157
test_1m,baseline_only,177,5.1411422949570875,5.630397870121157
test_1m,baseline_only,178,5.151545451237605,5.630397870121157
test_1m,baseline_only,179,5.563087665117704,5.630397870121157
test_1m,baseline_only,180,5.219185086397024,5.630397870121157
test_1m,baseline_only,181,5.26178763462947,5.630397870121157
test_1m,baseline_only,182,5.371381301146287,5.630397870121157
test_1m,baseline_only,183,5.240099540123572,5.630397870121157
test_1m,baseline_only,184,5.576606750488281,5.630397870121157
test_1m,baseline_only,185,5.590281853309045,5.630397870121157
test_1m,baseline_only,186,5.33940498645489,5.630397870121157
test_1m,baseline_only,187,5.043212157029372,5.630397870121157
test_1m,baseline_only,188,5.405239325303298,5.630397870121157
test_1m,baseline_only,189,5.185509388263409,5.630397870121157
test_1m,baseline_only,190,5.42188888329726,5.630397870121157
test_1m,baseline_only,191,4.8160657699291525,5.630397870121157
test_1m,baseline_only,192,5.4283616084318895,5.630397870121157
test_1m,baseline_only,193,5.459724536308875,5.630397870121157
test_1m,baseline_only,194,5.234574794769287,5.630397870121157
test_1m,baseline_only,195,5.184967343623821,5.630397870121157
test_1m,baseline_only,196,5.518194308647742,5.630397870121157
test_1m,baseline_only,197,5.557751985696646,5.630397870121157
test_1m,baseline_only,198,4.781108076755817,5.630397870121157
test_1m,baseline_only,199,5.06939539542565,5.630397870121157
test_1m,baseline_only,200,5.339909296769362,5.630397870121157
test_1m,baseline_only,201,5.61352616090041,5.630397870121157
test_1m,baseline_only,202,5.0352346163529615,5.630397870121157
test_1m,baseline_only,203,4.877113030507014,5.630397870121157
test_1m,baseline_only,204,5.267979805286114,5.630397870121157
test_1m,baseline_only,205,5.150456776985755,5.630397870121157
test_1m,baseline_only,206,5.1401409552647515,5.630397870121157
test_1m,baseline_only,207,5.676010627012986,5.630397870121157
test_1m,baseline_only,208,5.377659724308894,5.630397870121157
test_1m,baseline_only,209,5.186076457683857,5.630397870121157
test_1m,baseline_only,210,5.287550559410682,5.630397870121157
test_1m,baseline_only,211,5.250837564468384,5.630397870121157
test_1m,baseline_only,212,5.810631862053504,5.630397870121157
test_1m,baseline_only,213,5.2689264187446,5.630397870121157
test_1m,baseline_only,214,5.594226121902466,5.630397870121157
test_1m,baseline_only,215,5.750330264751728,5.630397870121157
test_1m,baseline_only,216,5.459014305701623,5.630397870121157
test_1m,baseline_only,217,6.01004985662607,5.630397870121157
test_1m,baseline_only,218,4.837217972828792,5.630397870121157
test_1m,baseline_only,219,5.186958074569702,5.630397870121157
test_1m,baseline_only,220,5.200841005031879,5.630397870121157
test_1m,baseline_only,221,5.261684747842642,5.630397870121157
test_1m,baseline_only,222,5.336975409434392,5.630397870121157
test_1m,baseline_only,223,5.489916590543894,5.630397870121157
test_1m,baseline_only,224,5.041584913547222,5.630397870121157
test_1m,baseline_only,225,4.847743309461153,5.630397870121157
test_1m,baseline_only,226,5.5380350809830885,5.630397870121157
test_1m,baseline_only,227,5.436667589040903,5.630397870121157
test_1m,baseline_only,228,5.461142650017371,5.630397870121157
test_1m,baseline_only,229,5.141164376185491,5.630397870121157
test_1m,baseline_only,230,5.319232243757981,5.630397870121157
test_1m,baseline_only,231,4.92147761124831,5.630397870121157
test_1m,baseline_only,232,5.459875510289119,5.630397870121157
test_1m,baseline_only,233,5.89896035194397,5.630397870121157
test_1m,baseline_only,234,5.202117608143733,5.630397870121157
test_1m,baseline_only,235,5.195189402653621,5.630397870121157
test_1m,baseline_only,236,5.716134273088896,5.630397870121157
test_1m,baseline_only,237,5.81378096800584,5.630397870121157
test_1m,baseline_only,238,4.748776215773362,5.630397870121157
test_1m,baseline_only,239,4.957890822337224,5.630397870121157
test_1m,baseline_only,240,5.62933349609375,5.630397870121157
test_1m,baseline_only,241,5.148434042930603,5.630397870121157
test_1m,baseline_only,242,4.883842871739314,5.630397870121157
test_1m,baseline_only,243,5.041003465652466,5.630397870121157
test_1m,baseline_only,244,4.897606299473689,5.630397870121157
test_1m,baseline_only,245,5.2644751622126655,5.630397870121157
test_1m,baseline_only,246,5.501915564903846,5.630397870121157
test_1m,baseline_only,247,5.475500913766714,5.630397870121157
test_1m,baseline_only,248,5.208934123699482,5.630397870121157
test_1m,baseline_only,249,5.4785849039371195,5.630397870121157
test_1m,baseline_only,250,5.3387604126563435,5.630397870121157
test_1m,baseline_only,251,4.944269565435556,5.630397870121157
test_1m,baseline_only,252,4.8902964408581076,5.630397870121157
test_1m,baseline_only,253,5.046159487504226,5.630397870121157
test_1m,baseline_only,254,5.319039436487051,5.630397870121157
test_1m,baseline_only,255,5.699696925970224,5.630397870121157
test_1m,frozen_1B,0,5.373965153327355,5.701135999687664
test_1m,frozen_1B,1,4.87088759128864,5.647593971312702
test_1m,frozen_1B,2,5.0853205277369575,5.563768954453143
test_1m,frozen_1B,3,5.274973685924824,5.6641829256861405
test_1m,frozen_1B,4,5.359663541500385,5.3943060924426085
test_1m,frozen_1B,5,4.832554211983314,5.5893582050419175
test_1m,frozen_1B,6,6.1226600133455715,5.5512769601264775
test_1m,frozen_1B,7,5.555017544673039,5.704454065254833
test_1m,frozen_1B,8,5.278190264335046,5.577300595866699
test_1m,frozen_1B,9,5.622174207980816,5.737808783425654
test_1m,frozen_1B,10,5.316068282494178,5.50786354453276
test_1m,frozen_1B,11,5.243096773441021,5.518797500563163
test_1m,frozen_1B,12,5.3679552261645975,5.6877694792341345
test_1m,frozen_1B,13,5.620352524977464,5.461043077520527
test_1m,frozen_1B,14,5.108994245529175,5.438065150930994
test_1m,frozen_1B,15,5.430535133068378,5.792557108744817
test_1m,frozen_1B,16,5.153882228411161,5.4030567327107475
test_1m,frozen_1B,17,5.012001450245197,5.5166212393327765
test_1m,frozen_1B,18,5.573129892349243,5.631318884196422
test_1m,frozen_1B,19,5.411105082585261,5.667178235472653
test_1m,frozen_1B,20,5.185511203912588,5.740961036032622
test_1m,frozen_1B,21,5.426152119269738,5.47127692288708
test_1m,frozen_1B,22,5.119761852117685,5.69273143483747
test_1m,frozen_1B,23,5.380604853996863,5.676058323308071
test_1m,frozen_1B,24,4.985298065038828,5.539048110876522
test_1m,frozen_1B,25,6.030289613283598,5.5000147599642055
test_1m,frozen_1B,26,5.3554720145005446,5.546287324664318
test_1m,frozen_1B,27,4.822077512741089,5.601793306862818
test_1m,frozen_1B,28,5.511135798234206,5.461424301241928
test_1m,frozen_1B,29,5.3289276269766,5.36221600773238
test_1m,frozen_1B,30,5.541824230780969,5.447555652815807
test_1m,frozen_1B,31,4.942216506371131,5.7802405325055295
test_1m,frozen_1B,32,4.850861732776348,5.552535836825273
test_1m,frozen_1B,33,5.470191625448374,5.550076188655964
test_1m,frozen_1B,34,4.842583014414861,5.537037487723401
test_1m,frozen_1B,35,4.996479859718909,5.74879804024169
test_1m,frozen_1B,36,5.3476937183967,5.550224832152127
test_1m,frozen_1B,37,5.533937160785381,5.673246351755209
test_1m,frozen_1B,38,5.247154749356783,5.693184407770042
test_1m,frozen_1B,39,4.861885676017175,5.531708262887114
test_1m,frozen_1B,40,4.824003237944383,5.572892661805033
test_1m,frozen_1B,41,5.514141229482798,5.775585167601182
test_1m,frozen_1B,42,5.512701438023494,5.610502510892163
test_1m,frozen_1B,43,5.065673901484563,5.736433536129303
test_1m,frozen_1B,44,4.894003648024339,5.687966575094569
test_1m,frozen_1B,45,5.1635107810680685,5.442272185478676
test_1m,frozen_1B,46,5.117653076465313,5.8240802099590825
test_1m,frozen_1B,47,5.232946267494788,5.594805553042137
test_1m,frozen_1B,48,5.485732243611262,5.57957146207987
test_1m,frozen_1B,49,4.918953253672673,5.645020350967005
test_1m,frozen_1B,50,5.210708599824172,5.611462046986957
test_1m,frozen_1B,51,5.616335960534903,5.754957298843225
test_1m,frozen_1B,52,4.925976707385137,5.593678554361869
test_1m,frozen_1B,53,5.445093961862417,5.798156604458078
test_1m,frozen_1B,54,5.4119741183060865,5.78863579503298
test_1m,frozen_1B,55,5.022448970721318,5.693026625287876
test_1m,frozen_1B,56,6.0019166836371785,5.852993307158515
test_1m,frozen_1B,57,4.8247223909084616,5.587699578511168
test_1m,frozen_1B,58,4.857201796311599,5.625098321830596
test_1m,frozen_1B,59,5.41318128659175,5.533760439115675
test_1m,frozen_1B,60,5.597858062157264,5.442497621146179
test_1m,frozen_1B,61,5.30172061920166,5.3968951633363895
test_1m,frozen_1B,62,5.682907618009127,5.798381079080024
test_1m,frozen_1B,63,4.841868152985206,5.6775753002554
test_1m,frozen_1B,64,5.357793001028208,5.45052061788248
test_1m,frozen_1B,65,5.643125313978929,5.555653057806894
test_1m,frozen_1B,66,5.974604258170495,5.703549266645921
test_1m,frozen_1B,67,4.849615793961745,5.521176155953182
test_1m,frozen_1B,68,4.953273947422321,5.7138454226111755
test_1m,frozen_1B,69,5.410243327801044,5.4075698446305145
test_1m,frozen_1B,70,5.234482068281907,5.688591713131323
test_1m,frozen_1B,71,5.297613822496855,5.49665272930581
test_1m,frozen_1B,72,5.492023046200092,5.798594454936519
test_1m,frozen_1B,73,5.583093661528367,5.5700242744733455
test_1m,frozen_1B,74,5.079312672981849,5.81726371856248
test_1m,frozen_1B,75,4.998651376137366,5.622279937714372
test_1m,frozen_1B,76,5.560814985862145,5.555418180552005
test_1m,frozen_1B,77,5.0722093765552225,5.757380117522367
test_1m,frozen_1B,78,5.943764393146221,5.639600388754492
test_1m,frozen_1B,79,5.496101251015296,5.686656711720004
test_1m,frozen_1B,80,4.923734188079834,5.648039604811023
test_1m,frozen_1B,81,5.182465589963472,5.685875683367827
test_1m,frozen_1B,82,5.346311752612774,5.816142963620389
test_1m,frozen_1B,83,5.065563788780799,5.640845059688451
test_1m,frozen_1B,84,5.603990334730882,5.615958273602785
test_1m,frozen_1B,85,5.389875118549053,5.371647006288361
test_1m,frozen_1B,86,6.255406177960909,5.675209883634422
test_1m,frozen_1B,87,5.339869609245887,5.490798205444008
test_1m,frozen_1B,88,5.183077060259306,5.68673437214708
test_1m,frozen_1B,89,5.137655404897837,5.62456282430395
test_1m,frozen_1B,90,5.181325380618755,5.4092594499168225
test_1m,frozen_1B,91,5.086711131609404,5.341714032104734
test_1m,frozen_1B,92,5.25266760129195,5.591467234417042
test_1m,frozen_1B,93,5.582974470578707,5.496578116946844
test_1m,frozen_1B,94,5.189936821277325,5.683974861163359
test_1m,frozen_1B,95,5.411290608919584,5.7537443350438755
test_1m,frozen_1B,96,5.608062890859751,5.504517190104362
test_1m,frozen_1B,97,5.191432806161734,5.774575322661151
test_1m,frozen_1B,98,5.267571302560659,5.769535713939613
test_1m,frozen_1B,99,5.286745548248291,5.826844864958679
test_1m,frozen_1B,100,5.7576320721552925,5.6042087126769395
test_1m,frozen_1B,101,5.30854738675631,5.8193271983362695
test_1m,frozen_1B,102,5.351222936923687,5.497530281749954
test_1m,frozen_1B,103,5.032535387919499,5.569812471921056
test_1m,frozen_1B,104,5.332005354074331,5.489262723090084
test_1m,frozen_1B,105,5.500462238605206,5.4598392692358475
test_1m,frozen_1B,106,5.0212734662569485,5.639586139597382
test_1m,frozen_1B,107,5.221878198476938,5.623888123705443
test_1m,frozen_1B,108,5.327835669884315,5.6081351772806025
test_1m,frozen_1B,109,5.304491354868962,5.463415050842356
test_1m,frozen_1B,110,5.349758625030518,5.643549001268631
test_1m,frozen_1B,111,5.1627951218531685,5.621255671433886
test_1m,frozen_1B,112,5.112499567178579,5.582355045798431
test_1m,frozen_1B,113,5.043016635454618,5.74446793252476
test_1m,frozen_1B,114,5.322289026700533,5.727701909397843
test_1m,frozen_1B,115,5.231626620659461,5.611604754471188
test_1m,frozen_1B,116,5.446287631988525,5.741997247684381
test_1m,frozen_1B,117,5.708623335911677,5.847602137301526
test_1m,frozen_1B,118,4.819635070287264,5.578612746875626
test_1m,frozen_1B,119,5.282045437739446,5.68435209300839
test_1m,frozen_1B,120,5.450615240977361,5.592290208984451
test_1m,frozen_1B,121,4.936770695906419,5.60952265622809
test_1m,frozen_1B,122,5.454761578486516,5.4497909118443415
test_1m,frozen_1B,123,5.221884736647973,5.699113640315894
test_1m,frozen_1B,124,5.063311173365666,5.681411193081443
test_1m,frozen_1B,125,5.075846562018762,5.6029688472136066
test_1m,frozen_1B,126,5.145153375772329,5.810436676425743
test_1m,frozen_1B,127,5.006139021653396,5.624375591843822
test_1m,frozen_1B,128,5.386295612041767,5.4352260459612065
test_1m,frozen_1B,129,4.963192664659941,5.674188390206358
test_1m,frozen_1B,130,5.076912788244394,5.611998464341254
test_1m,frozen_1B,131,5.258599299650926,5.497298601942332
test_1m,frozen_1B,132,4.978934398064246,5.669738673677695
test_1m,frozen_1B,133,5.45208663206834,5.621962628015941
test_1m,frozen_1B,134,5.882924281633818,5.756452788329339
test_1m,frozen_1B,135,5.645181380785429,5.869200808071957
test_1m,frozen_1B,136,5.335846644181472,5.369789707330398
test_1m,frozen_1B,137,5.734728152935322,5.428481789518174
test_1m,frozen_1B,138,5.872643544123723,5.6365109279369205
test_1m,frozen_1B,139,5.057002562742967,5.499101561901059
test_1m,frozen_1B,140,5.358076884196355,5.574063949328794
test_1m,frozen_1B,141,5.228418221840491,5.734130500761969
test_1m,frozen_1B,142,4.8701782409961405,5.535749919119204
test_1m,frozen_1B,143,5.2966673007378215,5.852010798346525
test_1m,frozen_1B,144,5.112739893106314,5.510324468852264
test_1m,frozen_1B,145,5.457334096615131,5.485082751238708
test_1m,frozen_1B,146,5.307218826734102,5.495682457281189
test_1m,frozen_1B,147,5.2064825388101434,5.695533714149269
test_1m,frozen_1B,148,5.430807131987351,5.4733579753484936
test_1m,frozen_1B,149,5.428873428931603,5.864330706880224
test_1m,frozen_1B,150,5.222006137554462,5.82563542070372
test_1m,frozen_1B,151,4.884913802146912,5.686209917460157
test_1m,frozen_1B,152,4.9806958345266485,5.56806241324867
test_1m,frozen_1B,153,5.267538877633902,5.594828506289653
test_1m,frozen_1B,154,4.885753613251906,5.695073734666237
test_1m,frozen_1B,155,5.346514151646541,5.730055427439764
test_1m,frozen_1B,156,5.070986362603994,5.6321394147578125
test_1m,frozen_1B,157,5.234849067834707,5.406910942398056
test_1m,frozen_1B,158,5.512349660579975,5.665190463875842
test_1m,frozen_1B,159,5.117385690028851,5.732633085898014
test_1m,frozen_1B,160,5.324403762817383,5.754599115155273
test_1m,frozen_1B,161,5.353014890964214,5.525880787069321
test_1m,frozen_1B,162,5.048737287521362,5.692819213196153
test_1m,frozen_1B,163,4.96267975293673,5.672612023511279
test_1m,frozen_1B,164,4.9157152359302225,5.647152045135163
test_1m,frozen_1B,165,5.286557564368615,5.742057172239127
test_1m,frozen_1B,166,5.133503042734587,5.634909068339159
test_1m,frozen_1B,167,5.197917736493624,5.3774649708724045
test_1m,frozen_1B,168,5.126447888521048,5.67848958612622
test_1m,frozen_1B,169,5.287885409135085,5.766902598684906
test_1m,frozen_1B,170,5.30585241317749,5.648262307735421
test_1m,frozen_1B,171,4.837997051385733,5.597660188995158
test_1m,frozen_1B,172,5.239429235458374,5.737387797446564
test_1m,frozen_1B,173,5.488476863274207,5.713060911695065
test_1m,frozen_1B,174,5.475210226499117,5.892820989205024
test_1m,frozen_1B,175,4.92287250665518,5.694821814941287
test_1m,frozen_1B,176,5.35578047312223,5.83008481658938
test_1m,frozen_1B,177,5.1411422949570875,5.657456664419072
test_1m,frozen_1B,178,5.151545451237605,5.439785434455473
test_1m,frozen_1B,179,5.563087665117704,5.764083612422511
test_1m,frozen_1B,180,5.219185086397024,5.641494870056885
test_1m,frozen_1B,181,5.26178763462947,5.662911510474905
test_1m,frozen_1B,182,5.371381301146287,5.462355890745425
test_1m,frozen_1B,183,5.240099540123572,5.3672023608454005
test_1m,frozen_1B,184,5.576606750488281,5.535253895449464
test_1m,frozen_1B,185,5.590281853309045,5.49983936844805
test_1m,frozen_1B,186,5.33940498645489,5.7306365135711985
test_1m,frozen_1B,187,5.043212157029372,5.600103803645826
test_1m,frozen_1B,188,5.405239325303298,5.570910231723
test_1m,frozen_1B,189,5.185509388263409,5.450433505927974
test_1m,frozen_1B,190,5.42188888329726,5.744365763451591
test_1m,frozen_1B,191,4.8160657699291525,5.668577492732888
test_1m,frozen_1B,192,5.4283616084318895,5.385977090735687
test_1m,frozen_1B,193,5.459724536308875,5.468393261194921
test_1m,frozen_1B,194,5.234574794769287,5.717845566486807
test_1m,frozen_1B,195,5.184967343623821,5.650113776684187
test_1m,frozen_1B,196,5.518194308647742,5.5461353046304005
test_1m,frozen_1B,197,5.557751985696646,5.681882784597556
test_1m,frozen_1B,198,4.781108076755817,5.586283702620583
test_1m,frozen_1B,199,5.06939539542565,5.626522668527234
test_1m,frozen_1B,200,5.339909296769362,5.777918663045491
test_1m,frozen_1B,201,5.61352616090041,5.7227585721057475
test_1m,frozen_1B,202,5.0352346163529615,5.657220390821564
test_1m,frozen_1B,203,4.877113030507014,5.626062897693043
test_1m,frozen_1B,204,5.267979805286114,5.451080675165901
test_1m,frozen_1B,205,5.150456776985755,5.738232313043086
test_1m,frozen_1B,206,5.1401409552647515,5.771907278224277
test_1m,frozen_1B,207,5.676010627012986,5.825336717855099
test_1m,frozen_1B,208,5.377659724308894,5.712406733214924
test_1m,frozen_1B,209,5.186076457683857,5.703560677711824
test_1m,frozen_1B,210,5.287550559410682,5.434120853284094
test_1m,frozen_1B,211,5.250837564468384,5.721465728126818
test_1m,frozen_1B,212,5.810631862053504,5.7795576693137924
test_1m,frozen_1B,213,5.2689264187446,5.697028052799041
test_1m,frozen_1B,214,5.594226121902466,5.596211016710163
test_1m,frozen_1B,215,5.750330264751728,5.446224865602087
test_1m,frozen_1B,216,5.459014305701623,5.722928562478616
test_1m,frozen_1B,217,6.01004985662607,5.69199267082321
test_1m,frozen_1B,218,4.837217972828792,5.631002818700363
test_1m,frozen_1B,219,5.186958074569702,5.7534275393320335
test_1m,frozen_1B,220,5.200841005031879,5.771270535696714
test_1m,frozen_1B,221,5.261684747842642,5.460910158417629
test_1m,frozen_1B,222,5.336975409434392,5.390056167881244
test_1m,frozen_1B,223,5.489916590543894,5.768241392233407
test_1m,frozen_1B,224,5.041584913547222,5.5410438254564225
test_1m,frozen_1B,225,4.847743309461153,5.689886339571841
test_1m,frozen_1B,226,5.5380350809830885,5.408814629931385
test_1m,frozen_1B,227,5.436667589040903,5.494895416604094
test_1m,frozen_1B,228,5.461142650017371,5.466459626384064
test_1m,frozen_1B,229,5.141164376185491,5.701069362275822
test_1m,frozen_1B,230,5.319232243757981,5.498339968625914
test_1m,frozen_1B,231,4.92147761124831,5.693139419997199
test_1m,frozen_1B,232,5.459875510289119,5.825732128432668
test_1m,frozen_1B,233,5.89896035194397,5.725230330907726
test_1m,frozen_1B,234,5.202117608143733,5.737296357885986
test_1m,frozen_1B,235,5.195189402653621,5.592772684335403
test_1m,frozen_1B,236,5.716134273088896,5.55706166806983
test_1m,frozen_1B,237,5.81378096800584,5.673212162631885
test_1m,frozen_1B,238,4.748776215773362,5.535257689647673
test_1m,frozen_1B,239,4.957890822337224,5.640611191563308
test_1m,frozen_1B,240,5.62933349609375,5.531965536587297
test_1m,frozen_1B,241,5.148434042930603,5.740766476003636
test_1m,frozen_1B,242,4.883842871739314,5.676243179863781
test_1m,frozen_1B,243,5.041003465652466,5.707011019865314
test_1m,frozen_1B,244,4.897606299473689,5.672495997909859
test_1m,frozen_1B,245,5.2644751622126655,5.647024196557822
test_1m,frozen_1B,246,5.501915564903846,5.582260282631707
test_1m,frozen_1B,247,5.475500913766714,5.450367875606783
test_1m,frozen_1B,248,5.208934123699482,5.574034061692043
test_1m,frozen_1B,249,5.4785849039371195,5.636342198818893
test_1m,frozen_1B,250,5.3387604126563435,5.844942145654794
test_1m,frozen_1B,251,4.944269565435556,5.5275307304652435
test_1m,frozen_1B,252,4.8902964408581076,5.655911329272434
test_1m,frozen_1B,253,5.046159487504226,5.608147105227094
test_1m,frozen_1B,254,5.319039436487051,5.772482257385404
test_1m,frozen_1B,255,5.699696925970224,5.449649674776058
test_1m,extrap_trend,0,5.373965153327355,5.703067505435554
test_1m,extrap_trend,1,4.87088759128864,5.42365323941851
test_1m,extrap_trend,2,5.0853205277369575,5.639947590249661
test_1m,extrap_trend,3,5.274973685924824,5.671523797480946
test_1m,extrap_trend,4,5.359663541500385,5.3825892551476056
test_1m,extrap_trend,5,4.832554211983314,5.540738810146956
test_1m,extrap_trend,6,6.1226600133455715,5.688715012774332
test_1m,extrap_trend,7,5.555017544673039,5.640344858924736
test_1m,extrap_trend,8,5.278190264335046,5.526931135803859
test_1m,extrap_trend,9,5.622174207980816,5.687144319148154
test_1m,extrap_trend,10,5.316068282494178,5.576562051279511
test_1m,extrap_trend,11,5.243096773441021,5.552523183356035
test_1m,extrap_trend,12,5.3679552261645975,5.715552901925161
test_1m,extrap_trend,13,5.620352524977464,5.616648058970457
test_1m,extrap_trend,14,5.108994245529175,5.483882366089788
test_1m,extrap_trend,15,5.430535133068378,5.70940801232285
test_1m,extrap_trend,16,5.153882228411161,5.554582937169861
test_1m,extrap_trend,17,5.012001450245197,5.4489462458083215
test_1m,extrap_trend,18,5.573129892349243,5.694434520171607
test_1m,extrap_trend,19,5.411105082585261,5.577690510207062
test_1m,extrap_trend,20,5.185511203912588,5.674914986693062
test_1m,extrap_trend,21,5.426152119269738,5.458205946003327
test_1m,extrap_trend,22,5.119761852117685,5.619239528211955
test_1m,extrap_trend,23,5.380604853996863,5.649723674396408
test_1m,extrap_trend,24,4.985298065038828,5.524206316308571
test_1m,extrap_trend,25,6.030289613283598,5.476095778373776
test_1m,extrap_trend,26,5.3554720145005446,5.474310354505387
test_1m,extrap_trend,27,4.822077512741089,5.5403727344516085
test_1m,extrap_trend,28,5.511135798234206,5.5598983155133315
test_1m,extrap_trend,29,5.3289276269766,5.572722432822029
test_1m,extrap_trend,30,5.541824230780969,5.597479969758482
test_1m,extrap_trend,31,4.942216506371131,5.51343611784567
test_1m,extrap_trend,32,4.850861732776348,5.496124442254876
test_1m,extrap_trend,33,5.470191625448374,5.619846956213326
test_1m,extrap_trend,34,4.842583014414861,5.4212847351071405
test_1m,extrap_trend,35,4.996479859718909,5.788903382246853
test_1m,extrap_trend,36,5.3476937183967,5.598217141630561
test_1m,extrap_trend,37,5.533937160785381,5.741077068682163
test_1m,extrap_trend,38,5.247154749356783,5.5209727476896315
test_1m,extrap_trend,39,4.861885676017175,5.522543105364054
test_1m,extrap_trend,40,4.824003237944383,5.566373605348213
test_1m,extrap_trend,41,5.514141229482798,5.711781435100942
test_1m,extrap_trend,42,5.512701438023494,5.6219729099005935
test_1m,extrap_trend,43,5.065673901484563,5.509908293570991
test_1m,extrap_trend,44,4.894003648024339,5.555123525145835
test_1m,extrap_trend,45,5.1635107810680685,5.484396847301261
test_1m,extrap_trend,46,5.117653076465313,5.708269081011806
test_1m,extrap_trend,47,5.232946267494788,5.568753390154811
test_1m,extrap_trend,48,5.485732243611262,5.54657389951149
test_1m,extrap_trend,49,4.918953253672673,5.5680494011958155
test_1m,extrap_trend,50,5.210708599824172,5.570300600324573
test_1m,extrap_trend,51,5.616335960534903,5.764141262218482
test_1m,extrap_trend,52,4.925976707385137,5.524714246306721
test_1m,extrap_trend,53,5.445093961862417,5.729497668098285
test_1m,extrap_trend,54,5.4119741183060865,5.653147434705608
test_1m,extrap_trend,55,5.022448970721318,5.616084773545562
test_1m,extrap_trend,56,6.0019166836371785,5.782542352036105
test_1m,extrap_trend,57,4.8247223909084616,5.507951849225449
test_1m,extrap_trend,58,4.857201796311599,5.545369226851731
test_1m,extrap_trend,59,5.41318128659175,5.6174342130121975
test_1m,extrap_trend,60,5.597858062157264,5.633228158573268
test_1m,extrap_trend,61,5.30172061920166,5.567762960586829
test_1m,extrap_trend,62,5.682907618009127,5.672112968387746
test_1m,extrap_trend,63,4.841868152985206,5.427883661326179
test_1m,extrap_trend,64,5.357793001028208,5.672669327869879
test_1m,extrap_trend,65,5.643125313978929,5.467078753554881
test_1m,extrap_trend,66,5.974604258170495,5.76483377335911
test_1m,extrap_trend,67,4.849615793961745,5.551147996285308
test_1m,extrap_trend,68,4.953273947422321,5.657145353510237
test_1m,extrap_trend,69,5.410243327801044,5.585292359415276
test_1m,extrap_trend,70,5.234482068281907,5.493487547928543
test_1m,extrap_trend,71,5.297613822496855,5.522592073741881
test_1m,extrap_trend,72,5.492023046200092,5.894626585229237
test_1m,extrap_trend,73,5.583093661528367,5.646967527614231
test_1m,extrap_trend,74,5.079312672981849,5.8129468891691625
test_1m,extrap_trend,75,4.998651376137366,5.656818207598244
test_1m,extrap_trend,76,5.560814985862145,5.6196772362719125
test_1m,extrap_trend,77,5.0722093765552225,5.615900595998706
test_1m,extrap_trend,78,5.943764393146221,5.690844420496851
test_1m,extrap_trend,79,5.496101251015296,5.682700500811326
test_1m,extrap_trend,80,4.923734188079834,5.501863913473181
test_1m,extrap_trend,81,5.182465589963472,5.65181694420673
test_1m,extrap_trend,82,5.346311752612774,5.7065209618324255
test_1m,extrap_trend,83,5.065563788780799,5.543464291887019
test_1m,extrap_trend,84,5.603990334730882,5.551567012495685
test_1m,extrap_trend,85,5.389875118549053,5.445520805861738
test_1m,extrap_trend,86,6.255406177960909,5.6967833154701
test_1m,extrap_trend,87,5.339869609245887,5.47078048282279
test_1m,extrap_trend,88,5.183077060259306,5.731719619891013
test_1m,extrap_trend,89,5.137655404897837,5.689951709500548
test_1m,extrap_trend,90,5.181325380618755,5.5211247628403
test_1m,extrap_trend,91,5.086711131609404,5.393927099064121
test_1m,extrap_trend,92,5.25266760129195,5.470353742340616
test_1m,extrap_trend,93,5.582974470578707,5.642822233447865
test_1m,extrap_trend,94,5.189936821277325,5.405630142292159
test_1m,extrap_trend,95,5.411290608919584,5.65146257640313
test_1m,extrap_trend,96,5.608062890859751,5.656862451589827
test_1m,extrap_trend,97,5.191432806161734,5.64991795869248
test_1m,extrap_trend,98,5.267571302560659,5.627187861940824
test_1m,extrap_trend,99,5.286745548248291,5.750130878023222
test_1m,extrap_trend,100,5.7576320721552925,5.768864593177041
test_1m,extrap_trend,101,5.30854738675631,5.718904688775726
test_1m,extrap_trend,102,5.351222936923687,5.557068133124038
test_1m,extrap_trend,103,5.032535387919499,5.561973885852765
test_1m,extrap_trend,104,5.332005354074331,5.596287656771115
test_1m,extrap_trend,105,5.500462238605206,5.54575001173088
test_1m,extrap_trend,106,5.0212734662569485,5.761643423761348
test_1m,extrap_trend,107,5.221878198476938,5.636761672934029
test_1m,extrap_trend,108,5.327835669884315,5.661797006133989
test_1m,extrap_trend,109,5.304491354868962,5.502555031945032
test_1m,extrap_trend,110,5.349758625030518,5.522360779392604
test_1m,extrap_trend,111,5.1627951218531685,5.45196192780803
test_1m,extrap_trend,112,5.112499567178579,5.644920635065768
test_1m,extrap_trend,113,5.043016635454618,5.466891990646049
test_1m,extrap_trend,114,5.322289026700533,5.654369070146761
test_1m,extrap_trend,115,5.231626620659461,5.670219361758841
test_1m,extrap_trend,116,5.446287631988525,5.7025554516108805
test_1m,extrap_trend,117,5.708623335911677,5.799220525129813
test_1m,extrap_trend,118,4.819635070287264,5.409820761615677
test_1m,extrap_trend,119,5.282045437739446,5.609492129881166
test_1m,extrap_trend,120,5.450615240977361,5.840978418942371
test_1m,extrap_trend,121,4.936770695906419,5.5614628975693865
test_1m,extrap_trend,122,5.454761578486516,5.42967350320411
test_1m,extrap_trend,123,5.221884736647973,5.632481399981739
test_1m,extrap_trend,124,5.063311173365666,5.631449115716302
test_1m,extrap_trend,125,5.075846562018762,5.520753744319871
test_1m,extrap_trend,126,5.145153375772329,5.525120919971164
test_1m,extrap_trend,127,5.006139021653396,5.60822454074495
test_1m,extrap_trend,128,5.386295612041767,5.586432511721318
test_1m,extrap_trend,129,4.963192664659941,5.6033466812284365
test_1m,extrap_trend,130,5.076912788244394,5.683885850051208
test_1m,extrap_trend,131,5.258599299650926,5.4762036780134515
test_1m,extrap_trend,132,4.978934398064246,5.605282273752312
test_1m,extrap_trend,133,5.45208663206834,5.697330148901736
test_1m,extrap_trend,134,5.882924281633818,5.717600236655348
test_1m,extrap_trend,135,5.645181380785429,5.801746149898021
test_1m,extrap_trend,136,5.335846644181472,5.4489887910905335
test_1m,extrap_trend,137,5.734728152935322,5.555009917748591
test_1m,extrap_trend,138,5.872643544123723,5.504903483924953
test_1m,extrap_trend,139,5.057002562742967,5.5944756652271375
test_1m,extrap_trend,140,5.358076884196355,5.53396191941235
test_1m,extrap_trend,141,5.228418221840491,5.712969663694374
test_1m,extrap_trend,142,4.8701782409961405,5.445001629081942
test_1m,extrap_trend,143,5.2966673007378215,5.785444042912522
test_1m,extrap_trend,144,5.112739893106314,5.477433647857628
test_1m,extrap_trend,145,5.457334096615131,5.342151887889845
test_1m,extrap_trend,146,5.307218826734102,5.556030956606421
test_1m,extrap_trend,147,5.2064825388101434,5.610458385594525
test_1m,extrap_trend,148,5.430807131987351,5.490622333788508
test_1m,extrap_trend,149,5.428873428931603,5.836728189941865
test_1m,extrap_trend,150,5.222006137554462,5.835818700673063
test_1m,extrap_trend,151,4.884913802146912,5.472502690197682
test_1m,extrap_trend,152,4.9806958345266485,5.558314190409736
test_1m,extrap_trend,153,5.267538877633902,5.724357566625201
test_1m,extrap_trend,154,4.885753613251906,5.545195702461367
test_1m,extrap_trend,155,5.346514151646541,5.591987288418319
test_1m,extrap_trend,156,5.070986362603994,5.520997341728616
test_1m,extrap_trend,157,5.234849067834707,5.394469493958084
test_1m,extrap_trend,158,5.512349660579975,5.515792120516612
test_1m,extrap_trend,159,5.117385690028851,5.799657826595307
test_1m,extrap_trend,160,5.324403762817383,5.680407110497314
test_1m,extrap_trend,161,5.353014890964214,5.6840699308842435
test_1m,extrap_trend,162,5.048737287521362,5.587630494267223
test_1m,extrap_trend,163,4.96267975293673,5.558100931038322
test_1m,extrap_trend,164,4.9157152359302225,5.55276958978585
test_1m,extrap_trend,165,5.286557564368615,5.84001498983955
test_1m,extrap_trend,166,5.133503042734587,5.595881834031586
test_1m,extrap_trend,167,5.197917736493624,5.427793925616196
test_1m,extrap_trend,168,5.126447888521048,5.4733730854507465
test_1m,extrap_trend,169,5.287885409135085,5.835502142297974
test_1m,extrap_trend,170,5.30585241317749,5.62482149806693
test_1m,extrap_trend,171,4.837997051385733,5.43933396894907
test_1m,extrap_trend,172,5.239429235458374,5.623464111065514
test_1m,extrap_trend,173,5.488476863274207,5.824370277974965
test_1m,extrap_trend,174,5.475210226499117,5.805002760251185
test_1m,extrap_trend,175,4.92287250665518,5.5690217915199804
test_1m,extrap_trend,176,5.35578047312223,5.838753803915148
test_1m,extrap_trend,177,5.1411422949570875,5.692665133906758
test_1m,extrap_trend,178,5.151545451237605,5.487214092859092
test_1m,extrap_trend,179,5.563087665117704,5.906741045005463
test_1m,extrap_trend,180,5.219185086397024,5.641898232359186
test_1m,extrap_trend,181,5.26178763462947,5.80715738931553
test_1m,extrap_trend,182,5.371381301146287,5.4700904384078886
test_1m,extrap_trend,183,5.240099540123572,5.468602443332744
test_1m,extrap_trend,184,5.576606750488281,5.632177342754502
test_1m,extrap_trend,185,5.590281853309045,5.530814543364662
test_1m,extrap_trend,186,5.33940498645489,5.78384476139046
test_1m,extrap_trend,187,5.043212157029372,5.704288685122975
test_1m,extrap_trend,188,5.405239325303298,5.712547649962016
test_1m,extrap_trend,189,5.185509388263409,5.436124923004227
test_1m,extrap_trend,190,5.42188888329726,5.671788476604434
test_1m,extrap_trend,191,4.8160657699291525,5.545362355906843
test_1m,extrap_trend,192,5.4283616084318895,5.427456857994562
test_1m,extrap_trend,193,5.459724536308875,5.562866876394116
test_1m,extrap_trend,194,5.234574794769287,5.708721127968112
test_1m,extrap_trend,195,5.184967343623821,5.37993220994479
test_1m,extrap_trend,196,5.518194308647742,5.7870159377907795
test_1m,extrap_trend,197,5.557751985696646,5.632987460035817
test_1m,extrap_trend,198,4.781108076755817,5.468226764453255
test_1m,extrap_trend,199,5.06939539542565,5.6468435150550045
test_1m,extrap_trend,200,5.339909296769362,5.7697471973933325
test_1m,extrap_trend,201,5.61352616090041,5.602523638143105
test_1m,extrap_trend,202,5.0352346163529615,5.552849791805039
test_1m,extrap_trend,203,4.877113030507014,5.591545965714374
test_1m,extrap_trend,204,5.267979805286114,5.455398008697035
test_1m,extrap_trend,205,5.150456776985755,5.701669438810722
test_1m,extrap_trend,206,5.1401409552647515,5.661573133886036
test_1m,extrap_trend,207,5.676010627012986,5.782560636424591
test_1m,extrap_trend,208,5.377659724308894,5.549119856165403
test_1m,extrap_trend,209,5.186076457683857,5.703801926456582
test_1m,extrap_trend,210,5.287550559410682,5.468988450368274
test_1m,extrap_trend,211,5.250837564468384,5.589291089900535
test_1m,extrap_trend,212,5.810631862053504,5.761018638419566
test_1m,extrap_trend,213,5.2689264187446,5.6387546309234535
test_1m,extrap_trend,214,5.594226121902466,5.851783774717879
test_1m,extrap_trend,215,5.750330264751728,5.540361868010214
test_1m,extrap_trend,216,5.459014305701623,5.77671371353588
test_1m,extrap_trend,217,6.01004985662607,5.686426616161977
test_1m,extrap_trend,218,4.837217972828792,5.493440665429231
test_1m,extrap_trend,219,5.186958074569702,5.721230044209827
test_1m,extrap_trend,220,5.200841005031879,5.631667576974569
test_1m,extrap_trend,221,5.261684747842642,5.560761952025227
test_1m,extrap_trend,222,5.336975409434392,5.346765792044801
test_1m,extrap_trend,223,5.489916590543894,5.57810730903213
test_1m,extrap_trend,224,5.041584913547222,5.568527442632624
test_1m,extrap_trend,225,4.847743309461153,5.57637163741999
test_1m,extrap_trend,226,5.5380350809830885,5.436800593825457
test_1m,extrap_trend,227,5.436667589040903,5.54627588620251
test_1m,extrap_trend,228,5.461142650017371,5.7618057234939775
test_1m,extrap_trend,229,5.141164376185491,5.777926838705877
test_1m,extrap_trend,230,5.319232243757981,5.7709709463769485
test_1m,extrap_trend,231,4.92147761124831,5.5776342757071316
test_1m,extrap_trend,232,5.459875510289119,5.818080697071609
test_1m,extrap_trend,233,5.89896035194397,5.583331459870008
test_1m,extrap_trend,234,5.202117608143733,5.592720713467703
test_1m,extrap_trend,235,5.195189402653621,5.618622613113347
test_1m,extrap_trend,236,5.716134273088896,5.751112449575531
test_1m,extrap_trend,237,5.81378096800584,5.700821597460232
test_1m,extrap_trend,238,4.748776215773362,5.39134715240013
test_1m,extrap_trend,239,4.957890822337224,5.45559179776367
test_1m,extrap_trend,240,5.62933349609375,5.678991203416642
test_1m,extrap_trend,241,5.148434042930603,5.500595993266152
test_1m,extrap_trend,242,4.883842871739314,5.609422184736635
test_1m,extrap_trend,243,5.041003465652466,5.667703151249631
test_1m,extrap_trend,244,4.897606299473689,5.535717848988394
test_1m,extrap_trend,245,5.2644751622126655,5.512270920620131
test_1m,extrap_trend,246,5.501915564903846,5.732000475534894
test_1m,extrap_trend,247,5.475500913766714,5.513844141129175
test_1m,extrap_trend,248,5.208934123699482,5.663652995612172
test_1m,extrap_trend,249,5.4785849039371195,5.524524141978535
test_1m,extrap_trend,250,5.3387604126563435,5.72623453577099
test_1m,extrap_trend,251,4.944269565435556,5.448196238333571
test_1m,extrap_trend,252,4.8902964408581076,5.499663524345025
test_1m,extrap_trend,253,5.046159487504226,5.462655622273794
test_1m,extrap_trend,254,5.319039436487051,5.6010887816991985
test_1m,extrap_trend,255,5.699696925970224,5.6183691112295175
test_1m,decay_fusion,0,5.373965153327355,5.701135999687664
test_1m,decay_fusion,1,4.87088759128864,5.647593971312702
test_1m,decay_fusion,2,5.0853205277369575,5.563768954453143
test_1m,decay_fusion,3,5.274973685924824,5.6641829256861405
test_1m,decay_fusion,4,5.359663541500385,5.3943060924426085
test_1m,decay_fusion,5,4.832554211983314,5.5893582050419175
test_1m,decay_fusion,6,6.1226600133455715,5.5512769601264775
test_1m,decay_fusion,7,5.555017544673039,5.704454065254833
test_1m,decay_fusion,8,5.278190264335046,5.577300595866699
test_1m,decay_fusion,9,5.622174207980816,5.737808783425654
test_1m,decay_fusion,10,5.316068282494178,5.50786354453276
test_1m,decay_fusion,11,5.243096773441021,5.518797500563163
test_1m,decay_fusion,12,5.3679552261645975,5.6877694792341345
test_1m,decay_fusion,13,5.620352524977464,5.461043077520527
test_1m,decay_fusion,14,5.108994245529175,5.438065150930994
test_1m,decay_fusion,15,5.430535133068378,5.792557108744817
test_1m,decay_fusion,16,5.153882228411161,5.4030567327107475
test_1m,decay_fusion,17,5.012001450245197,5.5166212393327765
test_1m,decay_fusion,18,5.573129892349243,5.631318884196422
test_1m,decay_fusion,19,5.411105082585261,5.667178235472653
test_1m,decay_fusion,20,5.185511203912588,5.740961036032622
test_1m,decay_fusion,21,5.426152119269738,5.47127692288708
test_1m,decay_fusion,22,5.119761852117685,5.69273143483747
test_1m,decay_fusion,23,5.380604853996863,5.676058323308071
test_1m,decay_fusion,24,4.985298065038828,5.539048110876522
test_1m,decay_fusion,25,6.030289613283598,5.5000147599642055
test_1m,decay_fusion,26,5.3554720145005446,5.546287324664318
test_1m,decay_fusion,27,4.822077512741089,5.601793306862818
test_1m,decay_fusion,28,5.511135798234206,5.461424301241928
test_1m,decay_fusion,29,5.3289276269766,5.36221600773238
test_1m,decay_fusion,30,5.541824230780969,5.447555652815807
test_1m,decay_fusion,31,4.942216506371131,5.7802405325055295
test_1m,decay_fusion,32,4.850861732776348,5.552535836825273
test_1m,decay_fusion,33,5.470191625448374,5.550076188655964
test_1m,decay_fusion,34,4.842583014414861,5.537037487723401
test_1m,decay_fusion,35,4.996479859718909,5.74879804024169
test_1m,decay_fusion,36,5.3476937183967,5.550224832152127
test_1m,decay_fusion,37,5.533937160785381,5.673246351755209
test_1m,decay_fusion,38,5.247154749356783,5.693184407770042
test_1m,decay_fusion,39,4.861885676017175,5.531708262887114
test_1m,decay_fusion,40,4.824003237944383,5.572892661805033
test_1m,decay_fusion,41,5.514141229482798,5.775585167601182
test_1m,decay_fusion,42,5.512701438023494,5.610502510892163
test_1m,decay_fusion,43,5.065673901484563,5.736433536129303
test_1m,decay_fusion,44,4.894003648024339,5.687966575094569
test_1m,decay_fusion,45,5.1635107810680685,5.442272185478676
test_1m,decay_fusion,46,5.117653076465313,5.8240802099590825
test_1m,decay_fusion,47,5.232946267494788,5.594805553042137
test_1m,decay_fusion,48,5.485732243611262,5.57957146207987
test_1m,decay_fusion,49,4.918953253672673,5.645020350967005
test_1m,decay_fusion,50,5.210708599824172,5.611462046986957
test_1m,decay_fusion,51,5.616335960534903,5.754957298843225
test_1m,decay_fusion,52,4.925976707385137,5.593678554361869
test_1m,decay_fusion,53,5.445093961862417,5.798156604458078
test_1m,decay_fusion,54,5.4119741183060865,5.78863579503298
test_1m,decay_fusion,55,5.022448970721318,5.693026625287876
test_1m,decay_fusion,56,6.0019166836371785,5.852993307158515
test_1m,decay_fusion,57,4.8247223909084616,5.587699578511168
test_1m,decay_fusion,58,4.857201796311599,5.625098321830596
test_1m,decay_fusion,59,5.41318128659175,5.533760439115675
test_1m,decay_fusion,60,5.597858062157264,5.442497621146179
test_1m,decay_fusion,61,5.30172061920166,5.3968951633363895
test_1m,decay_fusion,62,5.682907618009127,5.798381079080024
test_1m,decay_fusion,63,4.841868152985206,5.6775753002554
test_1m,decay_fusion,64,5.357793001028208,5.45052061788248
test_1m,decay_fusion,65,5.643125313978929,5.555653057806894
test_1m,decay_fusion,66,5.974604258170495,5.703549266645921
test_1m,decay_fusion,67,4.849615793961745,5.521176155953182
test_1m,decay_fusion,68,4.953273947422321,5.7138454226111755
test_1m,decay_fusion,69,5.410243327801044,5.4075698446305145
test_1m,decay_fusion,70,5.234482068281907,5.688591713131323
test_1m,decay_fusion,71,5.297613822496855,5.49665272930581
test_1m,decay_fusion,72,5.492023046200092,5.798594454936519
test_1m,decay_fusion,73,5.583093661528367,5.5700242744733455
test_1m,decay_fusion,74,5.079312672981849,5.81726371856248
test_1m,decay_fusion,75,4.998651376137366,5.622279937714372
test_1m,decay_fusion,76,5.560814985862145,5.555418180552005
test_1m,decay_fusion,77,5.0722093765552225,5.757380117522367
test_1m,decay_fusion,78,5.943764393146221,5.639600388754492
test_1m,decay_fusion,79,5.496101251015296,5.686656711720004
test_1m,decay_fusion,80,4.923734188079834,5.648039604811023
test_1m,decay_fusion,81,5.182465589963472,5.685875683367827
test_1m,decay_fusion,82,5.346311752612774,5.816142963620389
test_1m,decay_fusion,83,5.065563788780799,5.640845059688451
test_1m,decay_fusion,84,5.603990334730882,5.615958273602785
test_1m,decay_fusion,85,5.389875118549053,5.371647006288361
test_1m,decay_fusion,86,6.255406177960909,5.675209883634422
test_1m,decay_fusion,87,5.339869609245887,5.490798205444008
test_1m,decay_fusion,88,5.183077060259306,5.68673437214708
test_1m,decay_fusion,89,5.137655404897837,5.62456282430395
test_1m,decay_fusion,90,5.181325380618755,5.4092594499168225
test_1m,decay_fusion,91,5.086711131609404,5.341714032104734
test_1m,decay_fusion,92,5.25266760129195,5.591467234417042
test_1m,decay_fusion,93,5.582974470578707,5.496578116946844
test_1m,decay_fusion,94,5.189936821277325,5.683974861163359
test_1m,decay_fusion,95,5.411290608919584,5.7537443350438755
test_1m,decay_fusion,96,5.608062890859751,5.504517190104362
test_1m,decay_fusion,97,5.191432806161734,5.774575322661151
test_1m,decay_fusion,98,5.267571302560659,5.769535713939613
test_1m,decay_fusion,99,5.286745548248291,5.826844864958679
test_1m,decay_fusion,100,5.7576320721552925,5.6042087126769395
test_1m,decay_fusion,101,5.30854738675631,5.8193271983362695
test_1m,decay_fusion,102,5.351222936923687,5.497530281749954
test_1m,decay_fusion,103,5.032535387919499,5.569812471921056
test_1m,decay_fusion,104,5.332005354074331,5.489262723090084
test_1m,decay_fusion,105,5.500462238605206,5.4598392692358475
test_1m,decay_fusion,106,5.0212734662569485,5.639586139597382
test_1m,decay_fusion,107,5.221878198476938,5.623888123705443
test_1m,decay_fusion,108,5.327835669884315,5.6081351772806025
test_1m,decay_fusion,109,5.304491354868962,5.463415050842356
test_1m,decay_fusion,110,5.349758625030518,5.643549001268631
test_1m,decay_fusion,111,5.1627951218531685,5.621255671433886
test_1m,decay_fusion,112,5.112499567178579,5.582355045798431
test_1m,decay_fusion,113,5.043016635454618,5.74446793252476
test_1m,decay_fusion,114,5.322289026700533,5.727701909397843
test_1m,decay_fusion,115,5.231626620659461,5.611604754471188
test_1m,decay_fusion,116,5.446287631988525,5.741997247684381
test_1m,decay_fusion,117,5.708623335911677,5.847602137301526
test_1m,decay_fusion,118,4.819635070287264,5.578612746875626
test_1m,decay_fusion,119,5.282045437739446,5.68435209300839
test_1m,decay_fusion,120,5.450615240977361,5.592290208984451
test_1m,decay_fusion,121,4.936770695906419,5.60952265622809
test_1m,decay_fusion,122,5.454761578486516,5.4497909118443415
test_1m,decay_fusion,123,5.221884736647973,5.699113640315894
test_1m,decay_fusion,124,5.063311173365666,5.681411193081443
test_1m,decay_fusion,125,5.075846562018762,5.6029688472136066
test_1m,decay_fusion,126,5.145153375772329,5.810436676425743
test_1m,decay_fusion,127,5.006139021653396,5.624375591843822
test_1m,decay_fusion,128,5.386295612041767,5.4352260459612065
test_1m,decay_fusion,129,4.963192664659941,5.674188390206358
test_1m,decay_fusion,130,5.076912788244394,5.611998464341254
test_1m,decay_fusion,131,5.258599299650926,5.497298601942332
test_1m,decay_fusion,132,4.978934398064246,5.669738673677695
test_1m,decay_fusion,133,5.45208663206834,5.621962628015941
test_1m,decay_fusion,134,5.882924281633818,5.756452788329339
test_1m,decay_fusion,135,5.645181380785429,5.869200808071957
test_1m,decay_fusion,136,5.335846644181472,5.369789707330398
test_1m,decay_fusion,137,5.734728152935322,5.428481789518174
test_1m,decay_fusion,138,5.872643544123723,5.6365109279369205
test_1m,decay_fusion,139,5.057002562742967,5.499101561901059
test_1m,decay_fusion,140,5.358076884196355,5.574063949328794
test_1m,decay_fusion,141,5.228418221840491,5.734130500761969
test_1m,decay_fusion,142,4.8701782409961405,5.535749919119204
test_1m,decay_fusion,143,5.2966673007378215,5.852010798346525
test_1m,decay_fusion,144,5.112739893106314,5.510324468852264
test_1m,decay_fusion,145,5.457334096615131,5.485082751238708
test_1m,decay_fusion,146,5.307218826734102,5.495682457281189
test_1m,decay_fusion,147,5.2064825388101434,5.695533714149269
test_1m,decay_fusion,148,5.430807131987351,5.4733579753484936
test_1m,decay_fusion,149,5.428873428931603,5.864330706880224
test_1m,decay_fusion,150,5.222006137554462,5.82563542070372
test_1m,decay_fusion,151,4.884913802146912,5.686209917460157
test_1m,decay_fusion,152,4.9806958345266485,5.56806241324867
test_1m,decay_fusion,153,5.267538877633902,5.594828506289653
test_1m,decay_fusion,154,4.885753613251906,5.695073734666237
test_1m,decay_fusion,155,5.346514151646541,5.730055427439764
test_1m,decay_fusion,156,5.070986362603994,5.6321394147578125
test_1m,decay_fusion,157,5.234849067834707,5.406910942398056
test_1m,decay_fusion,158,5.512349660579975,5.665190463875842
test_1m,decay_fusion,159,5.117385690028851,5.732633085898014
test_1m,decay_fusion,160,5.324403762817383,5.754599115155273
test_1m,decay_fusion,161,5.353014890964214,5.525880787069321
test_1m,decay_fusion,162,5.048737287521362,5.692819213196153
test_1m,decay_fusion,163,4.96267975293673,5.672612023511279
test_1m,decay_fusion,164,4.9157152359302225,5.647152045135163
test_1m,decay_fusion,165,5.286557564368615,5.742057172239127
test_1m,decay_fusion,166,5.133503042734587,5.634909068339159
test_1m,decay_fusion,167,5.197917736493624,5.3774649708724045
test_1m,decay_fusion,168,5.126447888521048,5.67848958612622
test_1m,decay_fusion,169,5.287885409135085,5.766902598684906
test_1m,decay_fusion,170,5.30585241317749,5.648262307735421
test_1m,decay_fusion,171,4.837997051385733,5.597660188995158
test_1m,decay_fusion,172,5.239429235458374,5.737387797446564
test_1m,decay_fusion,173,5.488476863274207,5.713060911695065
test_1m,decay_fusion,174,5.475210226499117,5.892820989205024
test_1m,decay_fusion,175,4.92287250665518,5.694821814941287
test_1m,decay_fusion,176,5.35578047312223,5.83008481658938
test_1m,decay_fusion,177,5.1411422949570875,5.657456664419072
test_1m,decay_fusion,178,5.151545451237605,5.439785434455473
test_1m,decay_fusion,179,5.563087665117704,5.764083612422511
test_1m,decay_fusion,180,5.219185086397024,5.641494870056885
test_1m,decay_fusion,181,5.26178763462947,5.662911510474905
test_1m,decay_fusion,182,5.371381301146287,5.462355890745425
test_1m,decay_fusion,183,5.240099540123572,5.3672023608454005
test_1m,decay_fusion,184,5.576606750488281,5.535253895449464
test_1m,decay_fusion,185,5.590281853309045,5.49983936844805
test_1m,decay_fusion,186,5.33940498645489,5.7306365135711985
test_1m,decay_fusion,187,5.043212157029372,5.600103803645826
test_1m,decay_fusion,188,5.405239325303298,5.570910231723
test_1m,decay_fusion,189,5.185509388263409,5.450433505927974
test_1m,decay_fusion,190,5.42188888329726,5.744365763451591
test_1m,decay_fusion,191,4.8160657699291525,5.668577492732888
test_1m,decay_fusion,192,5.4283616084318895,5.385977090735687
test_1m,decay_fusion,193,5.459724536308875,5.468393261194921
test_1m,decay_fusion,194,5.234574794769287,5.717845566486807
test_1m,decay_fusion,195,5.184967343623821,5.650113776684187
test_1m,decay_fusion,196,5.518194308647742,5.5461353046304005
test_1m,decay_fusion,197,5.557751985696646,5.681882784597556
test_1m,decay_fusion,198,4.781108076755817,5.586283702620583
test_1m,decay_fusion,199,5.06939539542565,5.626522668527234
test_1m,decay_fusion,200,5.339909296769362,5.777918663045491
test_1m,decay_fusion,201,5.61352616090041,5.7227585721057475
test_1m,decay_fusion,202,5.0352346163529615,5.657220390821564
test_1m,decay_fusion,203,4.877113030507014,5.626062897693043
test_1m,decay_fusion,204,5.267979805286114,5.451080675165901
test_1m,decay_fusion,205,5.150456776985755,5.738232313043086
test_1m,decay_fusion,206,5.1401409552647515,5.771907278224277
test_1m,decay_fusion,207,5.676010627012986,5.825336717855099
test_1m,decay_fusion,208,5.377659724308894,5.712406733214924
test_1m,decay_fusion,209,5.186076457683857,5.703560677711824
test_1m,decay_fusion,210,5.287550559410682,5.434120853284094
test_1m,decay_fusion,211,5.250837564468384,5.721465728126818
test_1m,decay_fusion,212,5.810631862053504,5.7795576693137924
test_1m,decay_fusion,213,5.2689264187446,5.697028052799041
test_1m,decay_fusion,214,5.594226121902466,5.596211016710163
test_1m,decay_fusion,215,5.750330264751728,5.446224865602087
test_1m,decay_fusion,216,5.459014305701623,5.722928562478616
test_1m,decay_fusion,217,6.01004985662607,5.69199267082321
test_1m,decay_fusion,218,4.837217972828792,5.631002818700363
test_1m,decay_fusion,219,5.186958074569702,5.7534275393320335
test_1m,decay_fusion,220,5.200841005031879,5.771270535696714
test_1m,decay_fusion,221,5.261684747842642,5.460910158417629
test_1m,decay_fusion,222,5.336975409434392,5.390056167881244
test_1m,decay_fusion,223,5.489916590543894,5.768241392233407
test_1m,decay_fusion,224,5.041584913547222,5.5410438254564225
test_1m,decay_fusion,225,4.847743309461153,5.689886339571841
test_1m,decay_fusion,226,5.5380350809830885,5.408814629931385
test_1m,decay_fusion,227,5.436667589040903,5.494895416604094
test_1m,decay_fusion,228,5.461142650017371,5.466459626384064
test_1m,decay_fusion,229,5.141164376185491,5.701069362275822
test_1m,decay_fusion,230,5.319232243757981,5.498339968625914
test_1m,decay_fusion,231,4.92147761124831,5.693139419997199
test_1m,decay_fusion,232,5.459875510289119,5.825732128432668
test_1m,decay_fusion,233,5.89896035194397,5.725230330907726
test_1m,decay_fusion,234,5.202117608143733,5.737296357885986
test_1m,decay_fusion,235,5.195189402653621,5.592772684335403
test_1m,decay_fusion,236,5.716134273088896,5.55706166806983
test_1m,decay_fusion,237,5.81378096800584,5.673212162631885
test_1m,decay_fusion,238,4.748776215773362,5.535257689647673
test_1m,decay_fusion,239,4.957890822337224,5.640611191563308
test_1m,decay_fusion,240,5.62933349609375,5.531965536587297
test_1m,decay_fusion,241,5.148434042930603,5.740766476003636
test_1m,decay_fusion,242,4.883842871739314,5.676243179863781
test_1m,decay_fusion,243,5.041003465652466,5.707011019865314
test_1m,decay_fusion,244,4.897606299473689,5.672495997909859
test_1m,decay_fusion,245,5.2644751622126655,5.647024196557822
test_1m,decay_fusion,246,5.501915564903846,5.582260282631707
test_1m,decay_fusion,247,5.475500913766714,5.450367875606783
test_1m,decay_fusion,248,5.208934123699482,5.574034061692043
test_1m,decay_fusion,249,5.4785849039371195,5.636342198818893
test_1m,decay_fusion,250,5.3387604126563435,5.844942145654794
test_1m,decay_fusion,251,4.944269565435556,5.5275307304652435
test_1m,decay_fusion,252,4.8902964408581076,5.655911329272434
test_1m,decay_fusion,253,5.046159487504226,5.608147105227094
test_1m,decay_fusion,254,5.319039436487051,5.772482257385404
test_1m,decay_fusion,255,5.699696925970224,5.449649674776058
test_60m,baseline_only,0,3.8517696674053488,3.369823196689354
test_60m,baseline_only,1,3.5351413855185876,3.369823196689354
test_60m,baseline_only,2,3.6975777057500987,3.369823196689354
test_60m,baseline_only,3,3.747084856033325,3.369823196689354
test_60m,baseline_only,4,3.976117363342872,3.369823196689354
test_60m,baseline_only,5,3.496182386691754,3.369823196689354
test_60m,baseline_only,6,4.51767621590541,3.369823196689354
test_60m,baseline_only,7,4.025382995605469,3.369823196689354
test_60m,baseline_only,8,3.8515106531289907,3.369823196689354
test_60m,baseline_only,9,4.0511001623593845,3.369823196689354
test_60m,baseline_only,10,3.8083887008520274,3.369823196689354
test_60m,baseline_only,11,3.835879949422983,3.369823196689354
test_60m,baseline_only,12,3.818448671927819,3.369823196689354
test_60m,baseline_only,13,4.010570544462937,3.369823196689354
test_60m,baseline_only,14,3.6536311369675856,3.369823196689354
test_60m,baseline_only,15,3.8936427189753604,3.369823196689354
test_60m,baseline_only,16,3.7458608608979445,3.369823196689354
test_60m,baseline_only,17,3.6736345291137695,3.369823196689354
test_60m,baseline_only,18,3.986793637275696,3.369823196689354
test_60m,baseline_only,19,3.921114582281846,3.369823196689354
test_60m,baseline_only,20,3.7338699560899,3.369823196689354
test_60m,baseline_only,21,3.9283689077083883,3.369823196689354
test_60m,baseline_only,22,3.73233307324923,3.369823196689354
test_60m,baseline_only,23,3.8281856316786547,3.369823196689354
test_60m,baseline_only,24,3.6098001094964833,3.369823196689354
test_60m,baseline_only,25,4.52334216924814,3.369823196689354
test_60m,baseline_only,26,3.8328062937809873,3.369823196689354
test_60m,baseline_only,27,3.4803308156820445,3.369823196689354
test_60m,baseline_only,28,4.0002803435692424,3.369823196689354
test_60m,baseline_only,29,3.791948520220243,3.369823196689354
test_60m,baseline_only,30,3.952471513014573,3.369823196689354
test_60m,baseline_only,31,3.589862640087421,3.369823196689354
test_60m,baseline_only,32,3.531308650970459,3.369823196689354
test_60m,baseline_only,33,3.9553150213681736,3.369823196689354
test_60m,baseline_only,34,3.491188040146461,3.369823196689354
test_60m,baseline_only,35,3.6330374754392185,3.369823196689354
test_60m,baseline_only,36,3.8820956395222592,3.369823196689354
test_60m,baseline_only,37,3.9896026299549985,3.369823196689354
test_60m,baseline_only,38,3.7114682014171896,3.369823196689354
test_60m,baseline_only,39,3.4876694037364078,3.369823196689354
test_60m,baseline_only,40,3.4726490607628455,3.369823196689354
test_60m,baseline_only,41,4.010781966722929,3.369823196689354
test_60m,baseline_only,42,3.9998620473421536,3.369823196689354
test_60m,baseline_only,43,3.683179965386024,3.369823196689354
test_60m,baseline_only,44,3.5566786986130934,3.369823196689354
test_60m,baseline_only,45,3.7220435234216542,3.369823196689354
test_60m,baseline_only,46,3.721112709779006,3.369823196689354
test_60m,baseline_only,47,3.795633004261897,3.369823196689354
test_60m,baseline_only,48,3.98742308983436,3.369823196689354
test_60m,baseline_only,49,3.5141503444084754,3.369823196689354
test_60m,baseline_only,50,3.8121002637423,3.369823196689354
test_60m,baseline_only,51,4.0367646767542915,3.369823196689354
test_60m,baseline_only,52,3.593762764563927,3.369823196689354
test_60m,baseline_only,53,3.9291177712954006,3.369823196689354
test_60m,baseline_only,54,3.815370046175443,3.369823196689354
test_60m,baseline_only,55,3.6355657394115743,3.369823196689354
test_60m,baseline_only,56,4.346470979543833,3.369823196689354
test_60m,baseline_only,57,3.4814772605895996,3.369823196689354
test_60m,baseline_only,58,3.544405753795917,3.369823196689354
test_60m,baseline_only,59,3.8489716053009033,3.369823196689354
test_60m,baseline_only,60,4.072615751853356,3.369823196689354
test_60m,baseline_only,61,3.7368050721975474,3.369823196689354
test_60m,baseline_only,62,4.265139267994807,3.369823196689354
test_60m,baseline_only,63,3.545279539548434,3.369823196689354
test_60m,baseline_only,64,3.880960391117976,3.369823196689354
test_60m,baseline_only,65,4.252322765497061,3.369823196689354
test_60m,baseline_only,66,4.332634650743925,3.369823196689354
test_60m,baseline_only,67,3.4717498742617092,3.369823196689354
test_60m,baseline_only,68,3.6408189810239353,3.369823196689354
test_60m,baseline_only,69,3.8522486136509824,3.369823196689354
test_60m,baseline_only,70,3.8086358858988834,3.369823196689354
test_60m,baseline_only,71,3.9089009211613583,3.369823196689354
test_60m,baseline_only,72,3.9746962877420278,3.369823196689354
test_60m,baseline_only,73,4.132767347189096,3.369823196689354
test_60m,baseline_only,74,3.692255946306082,3.369823196689354
test_60m,baseline_only,75,3.5244153096125674,3.369823196689354
test_60m,baseline_only,76,4.122740873923669,3.369823196689354
test_60m,baseline_only,77,3.7407119549237766,3.369823196689354
test_60m,baseline_only,78,4.322127452263465,3.369823196689354
test_60m,baseline_only,79,3.9859176048865685,3.369823196689354
test_60m,baseline_only,80,3.5875075230231652,3.369823196689354
test_60m,baseline_only,81,3.6867511364129872,3.369823196689354
test_60m,baseline_only,82,3.7745808821458082,3.369823196689354
test_60m,baseline_only,83,3.6411989743892965,3.369823196689354
test_60m,baseline_only,84,4.032860379952651,3.369823196689354
test_60m,baseline_only,85,3.985370525946984,3.369823196689354
test_60m,baseline_only,86,4.9417715806227465,3.369823196689354
test_60m,baseline_only,87,3.9005948305130005,3.369823196689354
test_60m,baseline_only,88,3.7253656754126916,3.369823196689354
test_60m,baseline_only,89,3.672991991043091,3.369823196689354
test_60m,baseline_only,90,3.7143257214472842,3.369823196689354
test_60m,baseline_only,91,3.6817013300382175,3.369823196689354
test_60m,baseline_only,92,3.9557971312449527,3.369823196689354
test_60m,baseline_only,93,3.9536246336423435,3.369823196689354
test_60m,baseline_only,94,3.7890310287475586,3.369823196689354
test_60m,baseline_only,95,3.855214687494131,3.369823196689354
test_60m,baseline_only,96,4.108679881462684,3.369823196689354
test_60m,baseline_only,97,3.7424087707812967,3.369823196689354
test_60m,baseline_only,98,3.812870979309082,3.369823196689354
test_60m,baseline_only,99,3.768987252162053,3.369823196689354
test_60m,baseline_only,100,4.178329962950486,3.369823196689354
test_60m,baseline_only,101,3.867125015992385,3.369823196689354
test_60m,baseline_only,102,3.916417360305786,3.369823196689354
test_60m,baseline_only,103,3.6533081990021925,3.369823196689354
test_60m,baseline_only,104,3.7717432975769043,3.369823196689354
test_60m,baseline_only,105,3.9463119690234842,3.369823196689354
test_60m,baseline_only,106,3.6469135192724376,3.369823196689354
test_60m,baseline_only,107,3.727438816657433,3.369823196689354
test_60m,baseline_only,108,3.9604038825401893,3.369823196689354
test_60m,baseline_only,109,3.8622882457879872,3.369823196689354
test_60m,baseline_only,110,3.8817020379579983,3.369823196689354
test_60m,baseline_only,111,3.730443312571599,3.369823196689354
test_60m,baseline_only,112,3.6126034076397238,3.369823196689354
test_60m,baseline_only,113,3.597884233181293,3.369823196689354
test_60m,baseline_only,114,3.7760184361384463,3.369823196689354
test_60m,baseline_only,115,3.814143125827496,3.369823196689354
test_60m,baseline_only,116,3.928957407291119,3.369823196689354
test_60m,baseline_only,117,4.136897508914654,3.369823196689354
test_60m,baseline_only,118,3.5129338869681725,3.369823196689354
test_60m,baseline_only,119,3.8374079924363356,3.369823196689354
test_60m,baseline_only,120,3.8669496866372914,3.369823196689354
test_60m,baseline_only,121,3.603101601967445,3.369823196689354
test_60m,baseline_only,122,3.9023352769704966,3.369823196689354
test_60m,baseline_only,123,3.848479756942162,3.369823196689354
test_60m,baseline_only,124,3.6159766820760875,3.369823196689354
test_60m,baseline_only,125,3.6746405271383433,3.369823196689354
test_60m,baseline_only,126,3.77904565517719,3.369823196689354
test_60m,baseline_only,127,3.570678234100342,3.369823196689354
test_60m,baseline_only,128,3.890173545250526,3.369823196689354
test_60m,baseline_only,129,3.607477536568275,3.369823196689354
test_60m,baseline_only,130,3.6605310164965115,3.369823196689354
test_60m,baseline_only,131,3.7558477383393507,3.369823196689354
test_60m,baseline_only,132,3.6148468255996704,3.369823196689354
test_60m,baseline_only,133,3.9481968512901893,3.369823196689354
test_60m,baseline_only,134,4.25965980383066,3.369823196689354
test_60m,baseline_only,135,4.012937289017898,3.369823196689354
test_60m,baseline_only,136,3.7768317002516527,3.369823196689354
test_60m,baseline_only,137,4.100774379876944,3.369823196689354
test_60m,baseline_only,138,4.305909285178552,3.369823196689354
test_60m,baseline_only,139,3.7063923615675707,3.369823196689354
test_60m,baseline_only,140,3.9241505769582896,3.369823196689354
test_60m,baseline_only,141,3.7528554843022275,3.369823196689354
test_60m,baseline_only,142,3.5172098783346324,3.369823196689354
test_60m,baseline_only,143,3.866101384162903,3.369823196689354
test_60m,baseline_only,144,3.7117647849596462,3.369823196689354
test_60m,baseline_only,145,4.060513707307669,3.369823196689354
test_60m,baseline_only,146,3.83463414815756,3.369823196689354
test_60m,baseline_only,147,3.7881136123950663,3.369823196689354
test_60m,baseline_only,148,3.9071736427453847,3.369823196689354
test_60m,baseline_only,149,3.882493936098539,3.369823196689354
test_60m,baseline_only,150,3.6868716203249416,3.369823196689354
test_60m,baseline_only,151,3.5546825849092922,3.369823196689354
test_60m,baseline_only,152,3.6115563282599816,3.369823196689354
test_60m,baseline_only,153,3.708408630811251,3.369823196689354
test_60m,baseline_only,154,3.5387800198334913,3.369823196689354
test_60m,baseline_only,155,3.7940599734966574,3.369823196689354
test_60m,baseline_only,156,3.6939790615668664,3.369823196689354
test_60m,baseline_only,157,3.8098807426599355,3.369823196689354
test_60m,baseline_only,158,4.096861582535964,3.369823196689354
test_60m,baseline_only,159,3.73585228736584,3.369823196689354
test_60m,baseline_only,160,3.8748917946448693,3.369823196689354
test_60m,baseline_only,161,3.8448636623529286,3.369823196689354
test_60m,baseline_only,162,3.676275317485516,3.369823196689354
test_60m,baseline_only,163,3.590802495296185,3.369823196689354
test_60m,baseline_only,164,3.582403274682852,3.369823196689354
test_60m,baseline_only,165,3.829378549869244,3.369823196689354
test_60m,baseline_only,166,3.8095065630399265,3.369823196689354
test_60m,baseline_only,167,3.7210366909320536,3.369823196689354
test_60m,baseline_only,168,3.767973863161527,3.369823196689354
test_60m,baseline_only,169,3.764651555281419,3.369823196689354
test_60m,baseline_only,170,3.804078744007991,3.369823196689354
test_60m,baseline_only,171,3.452861584149874,3.369823196689354
test_60m,baseline_only,172,3.737874984741211,3.369823196689354
test_60m,baseline_only,173,3.887841673997732,3.369823196689354
test_60m,baseline_only,174,3.9176295078717747,3.369823196689354
test_60m,baseline_only,175,3.57160405929272,3.369823196689354
test_60m,baseline_only,176,3.8537976374992957,3.369823196689354
test_60m,baseline_only,177,3.6695265769958496,3.369823196689354
test_60m,baseline_only,178,3.7001241262142477,3.369823196689354
test_60m,baseline_only,179,4.098448294859666,3.369823196689354
test_60m,baseline_only,180,3.8129103917341967,3.369823196689354
test_60m,baseline_only,181,3.7027198718144345,3.369823196689354
test_60m,baseline_only,182,3.957926475084745,3.369823196689354
test_60m,baseline_only,183,3.802668644831731,3.369823196689354
test_60m,baseline_only,184,4.054521358930147,3.369823196689354
test_60m,baseline_only,185,4.024204914386456,3.369823196689354
test_60m,baseline_only,186,3.8589374468876767,3.369823196689354
test_60m,baseline_only,187,3.5756070613861084,3.369823196689354
test_60m,baseline_only,188,3.886023374704214,3.369823196689354
test_60m,baseline_only,189,3.6874592304229736,3.369823196689354
test_60m,baseline_only,190,3.9413101306328406,3.369823196689354
test_60m,baseline_only,191,3.49213052712954,3.369823196689354
test_60m,baseline_only,192,3.9885007234720082,3.369823196689354
test_60m,baseline_only,193,3.9018641068385196,3.369823196689354
test_60m,baseline_only,194,3.758896772678082,3.369823196689354
test_60m,baseline_only,195,3.8417633771896362,3.369823196689354
test_60m,baseline_only,196,3.9560943016639123,3.369823196689354
test_60m,baseline_only,197,4.024665905879094,3.369823196689354
test_60m,baseline_only,198,3.478434911141029,3.369823196689354
test_60m,baseline_only,199,3.600207989032452,3.369823196689354
test_60m,baseline_only,200,3.820918468328623,3.369823196689354
test_60m,baseline_only,201,4.130558710831862,3.369823196689354
test_60m,baseline_only,202,3.623501108242915,3.369823196689354
test_60m,baseline_only,203,3.5280830401640673,3.369823196689354
test_60m,baseline_only,204,3.8118319603113027,3.369823196689354
test_60m,baseline_only,205,3.7758293885451097,3.369823196689354
test_60m,baseline_only,206,3.7110812664031982,3.369823196689354
test_60m,baseline_only,207,4.100145028187678,3.369823196689354
test_60m,baseline_only,208,3.8717464483701267,3.369823196689354
test_60m,baseline_only,209,3.7084686205937314,3.369823196689354
test_60m,baseline_only,210,3.7856003871330848,3.369823196689354
test_60m,baseline_only,211,3.77112707724938,3.369823196689354
test_60m,baseline_only,212,4.290385869833139,3.369823196689354
test_60m,baseline_only,213,3.7944410214057336,3.369823196689354
test_60m,baseline_only,214,4.103272841526912,3.369823196689354
test_60m,baseline_only,215,4.2124140446002665,3.369823196689354
test_60m,baseline_only,216,3.9720353346604567,3.369823196689354
test_60m,baseline_only,217,4.362709907385019,3.369823196689354
test_60m,baseline_only,218,3.4426276225310106,3.369823196689354
test_60m,baseline_only,219,3.807428268285898,3.369823196689354
test_60m,baseline_only,220,3.8140864739051232,3.369823196689354
test_60m,baseline_only,221,3.7926635283690233,3.369823196689354
test_60m,baseline_only,222,3.9651521260921774,3.369823196689354
test_60m,baseline_only,223,4.039348638974703,3.369823196689354
test_60m,baseline_only,224,3.6124001191212582,3.369823196689354
test_60m,baseline_only,225,3.4943402913900523,3.369823196689354
test_60m,baseline_only,226,4.001542632396404,3.369823196689354
test_60m,baseline_only,227,3.9004869827857385,3.369823196689354
test_60m,baseline_only,228,3.951046118369469,3.369823196689354
test_60m,baseline_only,229,3.77346264399015,3.369823196689354
test_60m,baseline_only,230,3.765969606546255,3.369823196689354
test_60m,baseline_only,231,3.6042430584247294,3.369823196689354
test_60m,baseline_only,232,3.908458581337562,3.369823196689354
test_60m,baseline_only,233,4.292688644849337,3.369823196689354
test_60m,baseline_only,234,3.7696188871677103,3.369823196689354
test_60m,baseline_only,235,3.7924403869188748,3.369823196689354
test_60m,baseline_only,236,4.106463899979224,3.369823196689354
test_60m,baseline_only,237,4.26254784143888,3.369823196689354
test_60m,baseline_only,238,3.4505914449691772,3.369823196689354
test_60m,baseline_only,239,3.605923139131986,3.369823196689354
test_60m,baseline_only,240,4.0380394367071295,3.369823196689354
test_60m,baseline_only,241,3.7682379942673903,3.369823196689354
test_60m,baseline_only,242,3.5302089636142435,3.369823196689354
test_60m,baseline_only,243,3.570804009070763,3.369823196689354
test_60m,baseline_only,244,3.5269406942220836,3.369823196689354
test_60m,baseline_only,245,3.7958293969814596,3.369823196689354
test_60m,baseline_only,246,3.911018885098971,3.369823196689354
test_60m,baseline_only,247,3.911881373478816,3.369823196689354
test_60m,baseline_only,248,3.7244341465143056,3.369823196689354
test_60m,baseline_only,249,4.07816101037539,3.369823196689354
test_60m,baseline_only,250,3.8377485825465274,3.369823196689354
test_60m,baseline_only,251,3.5872572660446167,3.369823196689354
test_60m,baseline_only,252,3.563312347118671,3.369823196689354
test_60m,baseline_only,253,3.6537202229866614,3.369823196689354
test_60m,baseline_only,254,3.8290128524486837,3.369823196689354
test_60m,baseline_only,255,4.086858556820796,3.369823196689354
test_60m,frozen_1B,0,3.8517696674053488,3.440561326255861
test_60m,frozen_1B,1,3.5351413855185876,3.3870192978808995
test_60m,frozen_1B,2,3.6975777057500987,3.303194281021341
test_60m,frozen_1B,3,3.747084856033325,3.4036082522543376
test_60m,frozen_1B,4,3.976117363342872,3.133731419010805
test_60m,frozen_1B,5,3.496182386691754,3.3287835316101138
test_60m,frozen_1B,6,4.51767621590541,3.2907022866946747
test_60m,frozen_1B,7,4.025382995605469,3.44387939182303
test_60m,frozen_1B,8,3.8515106531289907,3.316725922434896
test_60m,frozen_1B,9,4.0511001623593845,3.477234109993851
test_60m,frozen_1B,10,3.8083887008520274,3.247288871100956
test_60m,frozen_1B,11,3.835879949422983,3.2582228271313602
test_60m,frozen_1B,12,3.818448671927819,3.4271948058023307
test_60m,frozen_1B,13,4.010570544462937,3.2004684040887237
test_60m,frozen_1B,14,3.6536311369675856,3.1774904774991906
test_60m,frozen_1B,15,3.8936427189753604,3.531982435313014
test_60m,frozen_1B,16,3.7458608608979445,3.142482059278945
test_60m,frozen_1B,17,3.6736345291137695,3.2560465659009736
test_60m,frozen_1B,18,3.986793637275696,3.3707442107646193
test_60m,frozen_1B,19,3.921114582281846,3.406603562040849
test_60m,frozen_1B,20,3.7338699560899,3.4803863626008185
test_60m,frozen_1B,21,3.9283689077083883,3.210702249455278
test_60m,frozen_1B,22,3.73233307324923,3.4321567614056674
test_60m,frozen_1B,23,3.8281856316786547,3.4154836498762697
test_60m,frozen_1B,24,3.6098001094964833,3.2784734374447195
test_60m,frozen_1B,25,4.52334216924814,3.2394400865324036
test_60m,frozen_1B,26,3.8328062937809873,3.2857126512325134
test_60m,frozen_1B,27,3.4803308156820445,3.341218633431013
test_60m,frozen_1B,28,4.0002803435692424,3.200849627810125
test_60m,frozen_1B,29,3.791948520220243,3.101641334300578
test_60m,frozen_1B,30,3.952471513014573,3.1869809793840034
test_60m,frozen_1B,31,3.589862640087421,3.5196658590737258
test_60m,frozen_1B,32,3.531308650970459,3.2919611633934704
test_60m,frozen_1B,33,3.9553150213681736,3.2895015152241616
test_60m,frozen_1B,34,3.491188040146461,3.276462814291598
test_60m,frozen_1B,35,3.6330374754392185,3.4882233668098874
test_60m,frozen_1B,36,3.8820956395222592,3.2896501587203257
test_60m,frozen_1B,37,3.9896026299549985,3.412671678323404
test_60m,frozen_1B,38,3.7114682014171896,3.43260973433824
test_60m,frozen_1B,39,3.4876694037364078,3.271133589455312
test_60m,frozen_1B,40,3.4726490607628455,3.31231798837323
test_60m,frozen_1B,41,4.010781966722929,3.515010494169379
test_60m,frozen_1B,42,3.9998620473421536,3.349927837460359
test_60m,frozen_1B,43,3.683179965386024,3.4758588626974993
test_60m,frozen_1B,44,3.5566786986130934,3.4273919016627667
test_60m,frozen_1B,45,3.7220435234216542,3.181697512046872
test_60m,frozen_1B,46,3.721112709779006,3.5635055365272787
test_60m,frozen_1B,47,3.795633004261897,3.3342308796103337
test_60m,frozen_1B,48,3.98742308983436,3.318996788648069
test_60m,frozen_1B,49,3.5141503444084754,3.3844456775352
test_60m,frozen_1B,50,3.8121002637423,3.3508873735551536
test_60m,frozen_1B,51,4.0367646767542915,3.494382625411423
test_60m,frozen_1B,52,3.593762764563927,3.333103880930066
test_60m,frozen_1B,53,3.9291177712954006,3.537581931026274
test_60m,frozen_1B,54,3.815370046175443,3.5280611216011772
test_60m,frozen_1B,55,3.6355657394115743,3.4324519518560734
test_60m,frozen_1B,56,4.346470979543833,3.5924186337267137
test_60m,frozen_1B,57,3.4814772605895996,3.327124905079365
test_60m,frozen_1B,58,3.544405753795917,3.3645236483987917
test_60m,frozen_1B,59,3.8489716053009033,3.2731857656838717
test_60m,frozen_1B,60,4.072615751853356,3.1819229477143756
test_60m,frozen_1B,61,3.7368050721975474,3.1363204899045867
test_60m,frozen_1B,62,4.265139267994807,3.5378064056482215
test_60m,frozen_1B,63,3.545279539548434,3.417000626823597
test_60m,frozen_1B,64,3.880960391117976,3.189945944450678
test_60m,frozen_1B,65,4.252322765497061,3.29507838437509
test_60m,frozen_1B,66,4.332634650743925,3.4429745932141183
test_60m,frozen_1B,67,3.4717498742617092,3.2606014825213783
test_60m,frozen_1B,68,3.6408189810239353,3.4532707491793717
test_60m,frozen_1B,69,3.8522486136509824,3.146995171198711
test_60m,frozen_1B,70,3.8086358858988834,3.4280170396995207
test_60m,frozen_1B,71,3.9089009211613583,3.236078055874007
test_60m,frozen_1B,72,3.9746962877420278,3.538019781504716
test_60m,frozen_1B,73,4.132767347189096,3.3094496010415417
test_60m,frozen_1B,74,3.692255946306082,3.5566890451306765
test_60m,frozen_1B,75,3.5244153096125674,3.361705264282568
test_60m,frozen_1B,76,4.122740873923669,3.2948435071202016
test_60m,frozen_1B,77,3.7407119549237766,3.4968054440905645
test_60m,frozen_1B,78,4.322127452263465,3.3790257153226895
test_60m,frozen_1B,79,3.9859176048865685,3.426082038288201
test_60m,frozen_1B,80,3.5875075230231652,3.3874649313792182
test_60m,frozen_1B,81,3.6867511364129872,3.4253010099360233
test_60m,frozen_1B,82,3.7745808821458082,3.555568290188585
test_60m,frozen_1B,83,3.6411989743892965,3.380270386256649
test_60m,frozen_1B,84,4.032860379952651,3.355383600170982
test_60m,frozen_1B,85,3.985370525946984,3.1110723328565575
test_60m,frozen_1B,86,4.9417715806227465,3.414635210202619
test_60m,frozen_1B,87,3.9005948305130005,3.230223532012204
test_60m,frozen_1B,88,3.7253656754126916,3.426159698715276
test_60m,frozen_1B,89,3.672991991043091,3.363988150872146
test_60m,frozen_1B,90,3.7143257214472842,3.1486847764850197
test_60m,frozen_1B,91,3.6817013300382175,3.081139358672931
test_60m,frozen_1B,92,3.9557971312449527,3.3308925609852387
test_60m,frozen_1B,93,3.9536246336423435,3.236003443515041
test_60m,frozen_1B,94,3.7890310287475586,3.423400187731556
test_60m,frozen_1B,95,3.855214687494131,3.4931696616120718
test_60m,frozen_1B,96,4.108679881462684,3.243942516672559
test_60m,frozen_1B,97,3.7424087707812967,3.514000649229348
test_60m,frozen_1B,98,3.812870979309082,3.508961040507811
test_60m,frozen_1B,99,3.768987252162053,3.566270191526876
test_60m,frozen_1B,100,4.178329962950486,3.343634039245136
test_60m,frozen_1B,101,3.867125015992385,3.558752524904468
test_60m,frozen_1B,102,3.916417360305786,3.2369556083181505
test_60m,frozen_1B,103,3.6533081990021925,3.3092377984892525
test_60m,frozen_1B,104,3.7717432975769043,3.2286880496582815
test_60m,frozen_1B,105,3.9463119690234842,3.1992645958040447
test_60m,frozen_1B,106,3.6469135192724376,3.3790114661655792
test_60m,frozen_1B,107,3.727438816657433,3.363313450273641
test_60m,frozen_1B,108,3.9604038825401893,3.3475605038488
test_60m,frozen_1B,109,3.8622882457879872,3.2028403774105527
test_60m,frozen_1B,110,3.8817020379579983,3.382974327836828
test_60m,frozen_1B,111,3.730443312571599,3.360680998002082
test_60m,frozen_1B,112,3.6126034076397238,3.321780372366628
test_60m,frozen_1B,113,3.597884233181293,3.483893259092957
test_60m,frozen_1B,114,3.7760184361384463,3.46712723596604
test_60m,frozen_1B,115,3.814143125827496,3.3510300810393847
test_60m,frozen_1B,116,3.928957407291119,3.4814225742525786
test_60m,frozen_1B,117,4.136897508914654,3.5870274638697235
test_60m,frozen_1B,118,3.5129338869681725,3.318038073443823
test_60m,frozen_1B,119,3.8374079924363356,3.4237774195765875
test_60m,frozen_1B,120,3.8669496866372914,3.3317155355526498
test_60m,frozen_1B,121,3.603101601967445,3.348947982796287
test_60m,frozen_1B,122,3.9023352769704966,3.1892162384125387
test_60m,frozen_1B,123,3.848479756942162,3.438538966884091
test_60m,frozen_1B,124,3.6159766820760875,3.42083651964964
test_60m,frozen_1B,125,3.6746405271383433,3.3423941737818033
test_60m,frozen_1B,126,3.77904565517719,3.5498620029939394
test_60m,frozen_1B,127,3.570678234100342,3.3638009184120183
test_60m,frozen_1B,128,3.890173545250526,3.174651372529404
test_60m,frozen_1B,129,3.607477536568275,3.4136137167745555
test_60m,frozen_1B,130,3.6605310164965115,3.3514237909094486
test_60m,frozen_1B,131,3.7558477383393507,3.2367239285105285
test_60m,frozen_1B,132,3.6148468255996704,3.409164000245892
test_60m,frozen_1B,133,3.9481968512901893,3.361387954584139
test_60m,frozen_1B,134,4.25965980383066,3.4958781148975357
test_60m,frozen_1B,135,4.012937289017898,3.6086261346401547
test_60m,frozen_1B,136,3.7768317002516527,3.109215033898595
test_60m,frozen_1B,137,4.100774379876944,3.1679071160863725
test_60m,frozen_1B,138,4.305909285178552,3.375936254505118
test_60m,frozen_1B,139,3.7063923615675707,3.2385268884692575
test_60m,frozen_1B,140,3.9241505769582896,3.3134892758969907
test_60m,frozen_1B,141,3.7528554843022275,3.473555827330166
test_60m,frozen_1B,142,3.5172098783346324,3.275175245687401
test_60m,frozen_1B,143,3.866101384162903,3.591436124914721
test_60m,frozen_1B,144,3.7117647849596462,3.249749795420461
test_60m,frozen_1B,145,4.060513707307669,3.224508077806905
test_60m,frozen_1B,146,3.83463414815756,3.235107783849386
test_60m,frozen_1B,147,3.7881136123950663,3.4349590407174664
test_60m,frozen_1B,148,3.9071736427453847,3.212783301916691
test_60m,frozen_1B,149,3.882493936098539,3.6037560334484224
test_60m,frozen_1B,150,3.6868716203249416,3.565060747271917
test_60m,frozen_1B,151,3.5546825849092922,3.4256352440283524
test_60m,frozen_1B,152,3.6115563282599816,3.3074877398168683
test_60m,frozen_1B,153,3.708408630811251,3.3342538328578493
test_60m,frozen_1B,154,3.5387800198334913,3.434499061234433
test_60m,frozen_1B,155,3.7940599734966574,3.46948075400796
test_60m,frozen_1B,156,3.6939790615668664,3.371564741326009
test_60m,frozen_1B,157,3.8098807426599355,3.1463362689662535
test_60m,frozen_1B,158,4.096861582535964,3.40461579044404
test_60m,frozen_1B,159,3.73585228736584,3.4720584124662106
test_60m,frozen_1B,160,3.8748917946448693,3.494024441723469
test_60m,frozen_1B,161,3.8448636623529286,3.2653061136375174
test_60m,frozen_1B,162,3.676275317485516,3.4322445397643495
test_60m,frozen_1B,163,3.590802495296185,3.412037350079477
test_60m,frozen_1B,164,3.582403274682852,3.386577371703361
test_60m,frozen_1B,165,3.829378549869244,3.481482498807323
test_60m,frozen_1B,166,3.8095065630399265,3.374334394907355
test_60m,frozen_1B,167,3.7210366909320536,3.1168902974406008
test_60m,frozen_1B,168,3.767973863161527,3.417914912694417
test_60m,frozen_1B,169,3.764651555281419,3.506327925253103
test_60m,frozen_1B,170,3.804078744007991,3.3876876343036164
test_60m,frozen_1B,171,3.452861584149874,3.337085515563354
test_60m,frozen_1B,172,3.737874984741211,3.476813124014761
test_60m,frozen_1B,173,3.887841673997732,3.4524862382632615
test_60m,frozen_1B,174,3.9176295078717747,3.6322463157732203
test_60m,frozen_1B,175,3.57160405929272,3.4342471415094837
test_60m,frozen_1B,176,3.8537976374992957,3.5695101431575775
test_60m,frozen_1B,177,3.6695265769958496,3.3968819909872687
test_60m,frozen_1B,178,3.7001241262142477,3.1792107610236693
test_60m,frozen_1B,179,4.098448294859666,3.5035089389907084
test_60m,frozen_1B,180,3.8129103917341967,3.380920196625082
test_60m,frozen_1B,181,3.7027198718144345,3.4023368370431015
test_60m,frozen_1B,182,3.957926475084745,3.2017812173136218
test_60m,frozen_1B,183,3.802668644831731,3.106627687413597
test_60m,frozen_1B,184,4.054521358930147,3.2746792220176606
test_60m,frozen_1B,185,4.024204914386456,3.2392646950162476
test_60m,frozen_1B,186,3.8589374468876767,3.470061840139395
test_60m,frozen_1B,187,3.5756070613861084,3.339529130214023
test_60m,frozen_1B,188,3.886023374704214,3.3103355582911975
test_60m,frozen_1B,189,3.6874592304229736,3.189858832496169
test_60m,frozen_1B,190,3.9413101306328406,3.4837910900197877
test_60m,frozen_1B,191,3.49213052712954,3.4080028193010845
test_60m,frozen_1B,192,3.9885007234720082,3.1254024173038855
test_60m,frozen_1B,193,3.9018641068385196,3.207818587763117
test_60m,frozen_1B,194,3.758896772678082,3.4572708930550053
test_60m,frozen_1B,195,3.8417633771896362,3.3895391032523836
test_60m,frozen_1B,196,3.9560943016639123,3.2855606311985976
test_60m,frozen_1B,197,4.024665905879094,3.4213081111657524
test_60m,frozen_1B,198,3.478434911141029,3.325709029188779
test_60m,frozen_1B,199,3.600207989032452,3.3659479950954316
test_60m,frozen_1B,200,3.820918468328623,3.5173439896136873
test_60m,frozen_1B,201,4.130558710831862,3.462183898673944
test_60m,frozen_1B,202,3.623501108242915,3.39664571738976
test_60m,frozen_1B,203,3.5280830401640673,3.36548822426124
test_60m,frozen_1B,204,3.8118319603113027,3.190506001734097
test_60m,frozen_1B,205,3.7758293885451097,3.4776576396112824
test_60m,frozen_1B,206,3.7110812664031982,3.511332604792474
test_60m,frozen_1B,207,4.100145028187678,3.5647620444232966
test_60m,frozen_1B,208,3.8717464483701267,3.451832059783121
test_60m,frozen_1B,209,3.7084686205937314,3.44298600428002
test_60m,frozen_1B,210,3.7856003871330848,3.173546179852292
test_60m,frozen_1B,211,3.77112707724938,3.4608910546950153
test_60m,frozen_1B,212,4.290385869833139,3.518982995881989
test_60m,frozen_1B,213,3.7944410214057336,3.4364533793672396
test_60m,frozen_1B,214,4.103272841526912,3.3356363432783613
test_60m,frozen_1B,215,4.2124140446002665,3.1856501921702836
test_60m,frozen_1B,216,3.9720353346604567,3.462353889046814
test_60m,frozen_1B,217,4.362709907385019,3.4314179973914074
test_60m,frozen_1B,218,3.4426276225310106,3.3704281452685603
test_60m,frozen_1B,219,3.807428268285898,3.4928528659002307
test_60m,frozen_1B,220,3.8140864739051232,3.510695862264911
test_60m,frozen_1B,221,3.7926635283690233,3.200335484985828
test_60m,frozen_1B,222,3.9651521260921774,3.129481494449441
test_60m,frozen_1B,223,4.039348638974703,3.507666718801604
test_60m,frozen_1B,224,3.6124001191212582,3.280469152024618
test_60m,frozen_1B,225,3.4943402913900523,3.4293116661400376
test_60m,frozen_1B,226,4.001542632396404,3.148239956499582
test_60m,frozen_1B,227,3.9004869827857385,3.234320743172292
test_60m,frozen_1B,228,3.951046118369469,3.20588495295226
test_60m,frozen_1B,229,3.77346264399015,3.4404946888440193
test_60m,frozen_1B,230,3.765969606546255,3.237765295194112
test_60m,frozen_1B,231,3.6042430584247294,3.4325647465653963
test_60m,frozen_1B,232,3.908458581337562,3.565157455000867
test_60m,frozen_1B,233,4.292688644849337,3.4646556574759235
test_60m,frozen_1B,234,3.7696188871677103,3.4767216844541835
test_60m,frozen_1B,235,3.7924403869188748,3.3321980109036016
test_60m,frozen_1B,236,4.106463899979224,3.2964869946380264
test_60m,frozen_1B,237,4.26254784143888,3.4126374892000815
test_60m,frozen_1B,238,3.4505914449691772,3.27468301621587
test_60m,frozen_1B,239,3.605923139131986,3.380036518131504
test_60m,frozen_1B,240,4.0380394367071295,3.271390863155494
test_60m,frozen_1B,241,3.7682379942673903,3.4801918025718317
test_60m,frozen_1B,242,3.5302089636142435,3.415668506431979
test_60m,frozen_1B,243,3.570804009070763,3.446436346433511
test_60m,frozen_1B,244,3.5269406942220836,3.4119213244780564
test_60m,frozen_1B,245,3.7958293969814596,3.386449523126018
test_60m,frozen_1B,246,3.911018885098971,3.3216856091999043
test_60m,frozen_1B,247,3.911881373478816,3.1897932021749797
test_60m,frozen_1B,248,3.7244341465143056,3.313459388260241
test_60m,frozen_1B,249,4.07816101037539,3.3757675253870896
test_60m,frozen_1B,250,3.8377485825465274,3.5843674722229912
test_60m,frozen_1B,251,3.5872572660446167,3.2669560570334406
test_60m,frozen_1B,252,3.563312347118671,3.395336655840632
test_60m,frozen_1B,253,3.6537202229866614,3.347572431795292
test_60m,frozen_1B,254,3.8290128524486837,3.5119075839536005
test_60m,frozen_1B,255,4.086858556820796,3.1890750013442544
test_60m,extrap_trend,0,3.8517696674053488,3.4429062904048915
test_60m,extrap_trend,1,3.5351413855185876,3.294020346749198
test_60m,extrap_trend,2,3.6975777057500987,3.3326354035896064
test_60m,extrap_trend,3,3.747084856033325,3.4078526809100707
test_60m,extrap_trend,4,3.976117363342872,3.127384100404243
test_60m,extrap_trend,5,3.496182386691754,3.308323173548385
test_60m,extrap_trend,6,4.51767621590541,3.3475924807699404
test_60m,extrap_trend,7,4.025382995605469,3.4182336293569544
test_60m,extrap_trend,8,3.8515106531289907,3.2946160723451716
test_60m,extrap_trend,9,4.0511001623593845,3.4578553157436382
test_60m,extrap_trend,10,3.8083887008520274,3.2767903043879585
test_60m,extrap_trend,11,3.835879949422983,3.2708231110251207
test_60m,extrap_trend,12,3.818448671927819,3.4380162480977488
test_60m,extrap_trend,13,4.010570544462937,3.265005031247285
test_60m,extrap_trend,14,3.6536311369675856,3.19582178989648
test_60m,extrap_trend,15,3.8936427189753604,3.4990475427521335
test_60m,extrap_trend,16,3.7458608608979445,3.2029576737800904
test_60m,extrap_trend,17,3.6736345291137695,3.226285339863545
test_60m,extrap_trend,18,3.986793637275696,3.397419008860323
test_60m,extrap_trend,19,3.921114582281846,3.3715721043750246
test_60m,extrap_trend,20,3.7338699560899,3.4529207191214564
test_60m,extrap_trend,21,3.9283689077083883,3.206626700753802
test_60m,extrap_trend,22,3.73233307324923,3.4013870215759185
test_60m,extrap_trend,23,3.8281856316786547,3.4061886633624487
test_60m,extrap_trend,24,3.6098001094964833,3.2715211604946854
test_60m,extrap_trend,25,4.52334216924814,3.2280466615740653
test_60m,extrap_trend,26,3.8328062937809873,3.2576296568666767
test_60m,extrap_trend,27,3.4803308156820445,3.3156667863869465
test_60m,extrap_trend,28,4.0002803435692424,3.239089353701501
test_60m,extrap_trend,29,3.791948520220243,3.1888450545678375
test_60m,extrap_trend,30,3.952471513014573,3.2492303212250233
test_60m,extrap_trend,31,3.589862640087421,3.409155791005896
test_60m,extrap_trend,32,3.531308650970459,3.267864819122356
test_60m,extrap_trend,33,3.9553150213681736,3.319700175507058
test_60m,extrap_trend,34,3.491188040146461,3.227447840473772
test_60m,extrap_trend,35,3.6330374754392185,3.503867286472245
test_60m,extrap_trend,36,3.8820956395222592,3.3072760126667617
test_60m,extrap_trend,37,3.9896026299549985,3.4417590776413807
test_60m,extrap_trend,38,3.7114682014171896,3.3634012367421136
test_60m,extrap_trend,39,3.4876694037364078,3.266945169333016
test_60m,extrap_trend,40,3.4726490607628455,3.309199628195397
test_60m,extrap_trend,41,4.010781966722929,3.491020403911641
test_60m,extrap_trend,42,3.9998620473421536,3.355571180179982
test_60m,extrap_trend,43,3.683179965386024,3.382417026368382
test_60m,extrap_trend,44,3.5566786986130934,3.3728330538933355
test_60m,extrap_trend,45,3.7220435234216542,3.1969251080635903
test_60m,extrap_trend,46,3.721112709779006,3.515199834324787
test_60m,extrap_trend,47,3.795633004261897,3.321764434391864
test_60m,extrap_trend,48,3.98742308983436,3.3065091269861435
test_60m,extrap_trend,49,3.5141503444084754,3.3531302016721836
test_60m,extrap_trend,50,3.8121002637423,3.3317997728871807
test_60m,extrap_trend,51,4.0367646767542915,3.4991052514315566
test_60m,extrap_trend,52,3.593762764563927,3.3038252717092673
test_60m,extrap_trend,53,3.9291177712954006,3.511817074145908
test_60m,extrap_trend,54,3.815370046175443,3.473793112262451
test_60m,extrap_trend,55,3.6355657394115743,3.399680204831643
test_60m,extrap_trend,56,4.346470979543833,3.564448223003883
test_60m,extrap_trend,57,3.4814772605895996,3.2932970672577033
test_60m,extrap_trend,58,3.544405753795917,3.3307213197688585
test_60m,extrap_trend,59,3.8489716053009033,3.308925201106537
test_60m,extrap_trend,60,4.072615751853356,3.26063779743288
test_60m,extrap_trend,61,3.7368050721975474,3.2072944191757595
test_60m,extrap_trend,62,4.265139267994807,3.4878426781358267
test_60m,extrap_trend,63,3.545279539548434,3.31345237337482
test_60m,extrap_trend,64,3.880960391117976,3.2816205190962213
test_60m,extrap_trend,65,4.252322765497061,3.2599812475860372
test_60m,extrap_trend,66,4.332634650743925,3.469173441000115
test_60m,extrap_trend,67,3.4717498742617092,3.272745903096406
test_60m,extrap_trend,68,3.6408189810239353,3.429371602812869
test_60m,extrap_trend,69,3.8522486136509824,3.2205718932700194
test_60m,extrap_trend,70,3.8086358858988834,3.345578096500446
test_60m,extrap_trend,71,3.9089009211613583,3.244941832658456
test_60m,extrap_trend,72,3.9746962877420278,3.5793897726372674
test_60m,extrap_trend,73,4.132767347189096,3.3399354933997705
test_60m,extrap_trend,74,3.692255946306082,3.554464918212955
test_60m,extrap_trend,75,3.5244153096125674,3.3759093064946635
test_60m,extrap_trend,76,4.122740873923669,3.3193567655022056
test_60m,extrap_trend,77,3.7407119549237766,3.437610491264341
test_60m,extrap_trend,78,4.322127452263465,3.400482105015762
test_60m,extrap_trend,79,3.9859176048865685,3.4236952119221176
test_60m,extrap_trend,80,3.5875075230231652,3.3269938674009842
test_60m,extrap_trend,81,3.6867511364129872,3.413404094125445
test_60m,extrap_trend,82,3.7745808821458082,3.511957519622377
test_60m,extrap_trend,83,3.6411989743892965,3.3384807950995143
test_60m,extrap_trend,84,4.032860379952651,3.330136125068336
test_60m,extrap_trend,85,3.985370525946984,3.1395827511151833
test_60m,extrap_trend,86,4.9417715806227465,3.424378750158755
test_60m,extrap_trend,87,3.9005948305130005,3.2196341230472187
test_60m,extrap_trend,88,3.7253656754126916,3.4446794613981857
test_60m,extrap_trend,89,3.672991991043091,3.3931616112079683
test_60m,extrap_trend,90,3.7143257214472842,3.194192268828101
test_60m,extrap_trend,91,3.6817013300382175,3.1014604727386392
test_60m,extrap_trend,92,3.9557971312449527,3.2790961033511254
test_60m,extrap_trend,93,3.9536246336423435,3.2973180687090986
test_60m,extrap_trend,94,3.7890310287475586,3.307058626179681
test_60m,extrap_trend,95,3.855214687494131,3.4521510154003607
test_60m,extrap_trend,96,4.108679881462684,3.30767460084685
test_60m,extrap_trend,97,3.7424087707812967,3.4647522911195385
test_60m,extrap_trend,98,3.812870979309082,3.452586044877804
test_60m,extrap_trend,99,3.768987252162053,3.536784369352647
test_60m,extrap_trend,100,4.178329962950486,3.412463716360924
test_60m,extrap_trend,101,3.867125015992385,3.5165826348476332
test_60m,extrap_trend,102,3.916417360305786,3.259123899894191
test_60m,extrap_trend,103,3.6533081990021925,3.3057092202974414
test_60m,extrap_trend,104,3.7717432975769043,3.2737950343809024
test_60m,extrap_trend,105,3.9463119690234842,3.2353735345269454
test_60m,extrap_trend,106,3.6469135192724376,3.428299700874618
test_60m,extrap_trend,107,3.727438816657433,3.3703948716689025
test_60m,extrap_trend,108,3.9604038825401893,3.3675320781972826
test_60m,extrap_trend,109,3.8622882457879872,3.216706221876777
test_60m,extrap_trend,110,3.8817020379579983,3.332060591850346
test_60m,extrap_trend,111,3.730443312571599,3.290769683609616
test_60m,extrap_trend,112,3.6126034076397238,3.3495529002215205
test_60m,extrap_trend,113,3.597884233181293,3.3696624393684003
test_60m,extrap_trend,114,3.7760184361384463,3.4382448186252006
test_60m,extrap_trend,115,3.814143125827496,3.3740183181102665
test_60m,extrap_trend,116,3.928957407291119,3.466761165423449
test_60m,extrap_trend,117,4.136897508914654,3.5691476602160366
test_60m,extrap_trend,118,3.5129338869681725,3.2472447935501614
test_60m,extrap_trend,119,3.8374079924363356,3.3952864105737657
test_60m,extrap_trend,120,3.8669496866372914,3.4353457809537806
test_60m,extrap_trend,121,3.603101601967445,3.328078391641171
test_60m,extrap_trend,122,3.9023352769704966,3.1816908886196034
test_60m,extrap_trend,123,3.848479756942162,3.409587078481512
test_60m,extrap_trend,124,3.6159766820760875,3.400489426940714
test_60m,extrap_trend,125,3.6746405271383433,3.308206886887255
test_60m,extrap_trend,126,3.77904565517719,3.432394535595534
test_60m,extrap_trend,127,3.570678234100342,3.3595433117588325
test_60m,extrap_trend,128,3.890173545250526,3.2349241211222486
test_60m,extrap_trend,129,3.607477536568275,3.3840183672088924
test_60m,extrap_trend,130,3.6605310164965115,3.380558186115387
test_60m,extrap_trend,131,3.7558477383393507,3.229466911314746
test_60m,extrap_trend,132,3.6148468255996704,3.382006888902551
test_60m,extrap_trend,133,3.9481968512901893,3.3937508919834705
test_60m,extrap_trend,134,4.25965980383066,3.4808053720869263
test_60m,extrap_trend,135,4.012937289017898,3.582267979049116
test_60m,extrap_trend,136,3.7768317002516527,3.1422981359977373
test_60m,extrap_trend,137,4.100774379876944,3.2201694511316643
test_60m,extrap_trend,138,4.305909285178552,3.3227779396209267
test_60m,extrap_trend,139,3.7063923615675707,3.277408700210167
test_60m,extrap_trend,140,3.9241505769582896,3.29506279056713
test_60m,extrap_trend,141,3.7528554843022275,3.4647691819758792
test_60m,extrap_trend,142,3.5172098783346324,3.237332134604214
test_60m,extrap_trend,143,3.866101384162903,3.5631371269894
test_60m,extrap_trend,144,3.7117647849596462,3.234946880007909
test_60m,extrap_trend,145,4.060513707307669,3.1631696825962203
test_60m,extrap_trend,146,3.83463414815756,3.261478208945299
test_60m,extrap_trend,147,3.7881136123950663,3.3991581370172828
test_60m,extrap_trend,148,3.9071736427453847,3.2185652801079154
test_60m,extrap_trend,149,3.882493936098539,3.5947149368415268
test_60m,extrap_trend,150,3.6868716203249416,3.571402378788024
test_60m,extrap_trend,151,3.5546825849092922,3.3366564739703963
test_60m,extrap_trend,152,3.6115563282599816,3.303080583503504
test_60m,extrap_trend,153,3.708408630811251,3.3893453038631387
test_60m,extrap_trend,154,3.5387800198334913,3.372498136221319
test_60m,extrap_trend,155,3.7940599734966574,3.4144538648151723
test_60m,extrap_trend,156,3.6939790615668664,3.325195221512222
test_60m,extrap_trend,157,3.8098807426599355,3.1399503433112548
test_60m,extrap_trend,158,4.096861582535964,3.34104590519858
test_60m,extrap_trend,159,3.73585228736584,3.4984349521841676
test_60m,extrap_trend,160,3.8748917946448693,3.4657702949689213
test_60m,extrap_trend,161,3.8448636623529286,3.329681442906849
test_60m,extrap_trend,162,3.676275317485516,3.388717788545298
test_60m,extrap_trend,163,3.590802495296185,3.3640654827703718
test_60m,extrap_trend,164,3.582403274682852,3.347137319298812
test_60m,extrap_trend,165,3.829378549869244,3.523967165286343
test_60m,extrap_trend,166,3.8095065630399265,3.3565731277802744
test_60m,extrap_trend,167,3.7210366909320536,3.136548805508702
test_60m,extrap_trend,168,3.767973863161527,3.3319283753486224
test_60m,extrap_trend,169,3.764651555281419,3.536654421286938
test_60m,extrap_trend,170,3.804078744007991,3.379619398366873
test_60m,extrap_trend,171,3.452861584149874,3.272131399423872
test_60m,extrap_trend,172,3.737874984741211,3.4298823822854385
test_60m,extrap_trend,173,3.887841673997732,3.49999143111679
test_60m,extrap_trend,174,3.9176295078717747,3.5979987414191146
test_60m,extrap_trend,175,3.57160405929272,3.3815896959478566
test_60m,extrap_trend,176,3.8537976374992957,3.57287062422797
test_60m,extrap_trend,177,3.6695265769958496,3.4133224802952644
test_60m,extrap_trend,178,3.7001241262142477,3.197274068970657
test_60m,extrap_trend,179,4.098448294859666,3.5641687586405073
test_60m,extrap_trend,180,3.8129103917341967,3.379723281611731
test_60m,extrap_trend,181,3.7027198718144345,3.4638500949585525
test_60m,extrap_trend,182,3.957926475084745,3.206469430519285
test_60m,extrap_trend,183,3.802668644831731,3.149191507971565
test_60m,extrap_trend,184,4.054521358930147,3.3152854652425705
test_60m,extrap_trend,185,4.024204914386456,3.2524879950747936
test_60m,extrap_trend,186,3.8589374468876767,3.4939442803696514
test_60m,extrap_trend,187,3.5756070613861084,3.3845937222389897
test_60m,extrap_trend,188,3.886023374704214,3.3701711474661433
test_60m,extrap_trend,189,3.6874592304229736,3.185555163522693
test_60m,extrap_trend,190,3.9413101306328406,3.453073397796128
test_60m,extrap_trend,191,3.49213052712954,3.3568251206663247
test_60m,extrap_trend,192,3.9885007234720082,3.1399804357965695
test_60m,extrap_trend,193,3.9018641068385196,3.2471502951760174
test_60m,extrap_trend,194,3.758896772678082,3.4559649888020463
test_60m,extrap_trend,195,3.8417633771896362,3.276706991884985
test_60m,extrap_trend,196,3.9560943016639123,3.3858135809744647
test_60m,extrap_trend,197,4.024665905879094,3.4024894748364223
test_60m,extrap_trend,198,3.478434911141029,3.276049329433782
test_60m,extrap_trend,199,3.600207989032452,3.376436694624322
test_60m,extrap_trend,200,3.820918468328623,3.515568842069737
test_60m,extrap_trend,201,4.130558710831862,3.4140871718536663
test_60m,extrap_trend,202,3.623501108242915,3.3523594071042657
test_60m,extrap_trend,203,3.5280830401640673,3.351282445714143
test_60m,extrap_trend,204,3.8118319603113027,3.1904089048369864
test_60m,extrap_trend,205,3.7758293885451097,3.4609503358202662
test_60m,extrap_trend,206,3.7110812664031982,3.4652602868070064
test_60m,extrap_trend,207,4.100145028187678,3.5483650914965446
test_60m,extrap_trend,208,3.8717464483701267,3.3861353029872485
test_60m,extrap_trend,209,3.7084686205937314,3.4454014983874703
test_60m,extrap_trend,210,3.7856003871330848,3.1891700064769184
test_60m,extrap_trend,211,3.77112707724938,3.4085979340984043
test_60m,extrap_trend,212,4.290385869833139,3.512772572948605
test_60m,extrap_trend,213,3.7944410214057336,3.4115351464941694
test_60m,extrap_trend,214,4.103272841526912,3.4424018903941356
test_60m,extrap_trend,215,4.2124140446002665,3.2226387601292568
test_60m,extrap_trend,216,3.9720353346604567,3.4863321691291174
test_60m,extrap_trend,217,4.362709907385019,3.430287827856202
test_60m,extrap_trend,218,3.4426276225310106,3.3133764145940807
test_60m,extrap_trend,219,3.807428268285898,3.47839391272725
test_60m,extrap_trend,220,3.8140864739051232,3.452961688955789
test_60m,extrap_trend,221,3.7926635283690233,3.2401142810145114
test_60m,extrap_trend,222,3.9651521260921774,3.1087923710485685
test_60m,extrap_trend,223,4.039348638974703,3.427629443241609
test_60m,extrap_trend,224,3.6124001191212582,3.2906398298792228
test_60m,extrap_trend,225,3.4943402913900523,3.382281719517333
test_60m,extrap_trend,226,4.001542632396404,3.1606666516156636
test_60m,extrap_trend,227,3.9004869827857385,3.254618038569231
test_60m,extrap_trend,228,3.951046118369469,3.3282670249546884
test_60m,extrap_trend,229,3.77346264399015,3.4706833333207476
test_60m,extrap_trend,230,3.765969606546255,3.351505112618345
test_60m,extrap_trend,231,3.6042430584247294,3.3840839927635127
test_60m,extrap_trend,232,3.908458581337562,3.563529094686785
test_60m,extrap_trend,233,4.292688644849337,3.4077258001663084
test_60m,extrap_trend,234,3.7696188871677103,3.416279982755775
test_60m,extrap_trend,235,3.7924403869188748,3.341279337418388
test_60m,extrap_trend,236,4.106463899979224,3.376915646796765
test_60m,extrap_trend,237,4.26254784143888,3.4249540782151233
test_60m,extrap_trend,238,3.4505914449691772,3.2148173879471895
test_60m,extrap_trend,239,3.605923139131986,3.303614153473044
test_60m,extrap_trend,240,4.0380394367071295,3.3324720424297345
test_60m,extrap_trend,241,3.7682379942673903,3.3797084921408835
test_60m,extrap_trend,242,3.5302089636142435,3.3880512957007025
test_60m,extrap_trend,243,3.570804009070763,3.4297536864136493
test_60m,extrap_trend,244,3.5269406942220836,3.355402471288504
test_60m,extrap_trend,245,3.7958293969814596,3.3326558338594365
test_60m,extrap_trend,246,3.911018885098971,3.384095051777876
test_60m,extrap_trend,247,3.911881373478816,3.2162439253971606
test_60m,extrap_trend,248,3.7244341465143056,3.3526465851773306
test_60m,extrap_trend,249,4.07816101037539,3.3281058436270814
test_60m,extrap_trend,250,3.8377485825465274,3.5373107186219164
test_60m,extrap_trend,251,3.5872572660446167,3.23293274218387
test_60m,extrap_trend,252,3.563312347118671,3.330432780803007
test_60m,extrap_trend,253,3.6537202229866614,3.2866391453239703
test_60m,extrap_trend,254,3.8290128524486837,3.4412250834004605
test_60m,extrap_trend,255,4.086858556820796,3.2587245163196408
test_60m,decay_fusion,0,3.8517696674053488,3.440561326255861
test_60m,decay_fusion,1,3.5351413855185876,3.3870192978808995
test_60m,decay_fusion,2,3.6975777057500987,3.303194281021341
test_60m,decay_fusion,3,3.747084856033325,3.4036082522543376
test_60m,decay_fusion,4,3.976117363342872,3.133731419010805
test_60m,decay_fusion,5,3.496182386691754,3.3287835316101138
test_60m,decay_fusion,6,4.51767621590541,3.2907022866946747
test_60m,decay_fusion,7,4.025382995605469,3.44387939182303
test_60m,decay_fusion,8,3.8515106531289907,3.316725922434896
test_60m,decay_fusion,9,4.0511001623593845,3.477234109993851
test_60m,decay_fusion,10,3.8083887008520274,3.247288871100956
test_60m,decay_fusion,11,3.835879949422983,3.2582228271313602
test_60m,decay_fusion,12,3.818448671927819,3.4271948058023307
test_60m,decay_fusion,13,4.010570544462937,3.2004684040887237
test_60m,decay_fusion,14,3.6536311369675856,3.1774904774991906
test_60m,decay_fusion,15,3.8936427189753604,3.531982435313014
test_60m,decay_fusion,16,3.7458608608979445,3.142482059278945
test_60m,decay_fusion,17,3.6736345291137695,3.2560465659009736
test_60m,decay_fusion,18,3.986793637275696,3.3707442107646193
test_60m,decay_fusion,19,3.921114582281846,3.406603562040849
test_60m,decay_fusion,20,3.7338699560899,3.4803863626008185
test_60m,decay_fusion,21,3.9283689077083883,3.210702249455278
test_60m,decay_fusion,22,3.73233307324923,3.4321567614056674
test_60m,decay_fusion,23,3.8281856316786547,3.4154836498762697
test_60m,decay_fusion,24,3.6098001094964833,3.2784734374447195
test_60m,decay_fusion,25,4.52334216924814,3.2394400865324036
test_60m,decay_fusion,26,3.8328062937809873,3.2857126512325134
test_60m,decay_fusion,27,3.4803308156820445,3.341218633431013
test_60m,decay_fusion,28,4.0002803435692424,3.200849627810125
test_60m,decay_fusion,29,3.791948520220243,3.101641334300578
test_60m,decay_fusion,30,3.952471513014573,3.1869809793840034
test_60m,decay_fusion,31,3.589862640087421,3.5196658590737258
test_60m,decay_fusion,32,3.531308650970459,3.2919611633934704
test_60m,decay_fusion,33,3.9553150213681736,3.2895015152241616
test_60m,decay_fusion,34,3.491188040146461,3.276462814291598
test_60m,decay_fusion,35,3.6330374754392185,3.4882233668098874
test_60m,decay_fusion,36,3.8820956395222592,3.2896501587203257
test_60m,decay_fusion,37,3.9896026299549985,3.412671678323404
test_60m,decay_fusion,38,3.7114682014171896,3.43260973433824
test_60m,decay_fusion,39,3.4876694037364078,3.271133589455312
test_60m,decay_fusion,40,3.4726490607628455,3.31231798837323
test_60m,decay_fusion,41,4.010781966722929,3.515010494169379
test_60m,decay_fusion,42,3.9998620473421536,3.349927837460359
test_60m,decay_fusion,43,3.683179965386024,3.4758588626974993
test_60m,decay_fusion,44,3.5566786986130934,3.4273919016627667
test_60m,decay_fusion,45,3.7220435234216542,3.181697512046872
test_60m,decay_fusion,46,3.721112709779006,3.5635055365272787
test_60m,decay_fusion,47,3.795633004261897,3.3342308796103337
test_60m,decay_fusion,48,3.98742308983436,3.318996788648069
test_60m,decay_fusion,49,3.5141503444084754,3.3844456775352
test_60m,decay_fusion,50,3.8121002637423,3.3508873735551536
test_60m,decay_fusion,51,4.0367646767542915,3.494382625411423
test_60m,decay_fusion,52,3.593762764563927,3.333103880930066
test_60m,decay_fusion,53,3.9291177712954006,3.537581931026274
test_60m,decay_fusion,54,3.815370046175443,3.5280611216011772
test_60m,decay_fusion,55,3.6355657394115743,3.4324519518560734
test_60m,decay_fusion,56,4.346470979543833,3.5924186337267137
test_60m,decay_fusion,57,3.4814772605895996,3.327124905079365
test_60m,decay_fusion,58,3.544405753795917,3.3645236483987917
test_60m,decay_fusion,59,3.8489716053009033,3.2731857656838717
test_60m,decay_fusion,60,4.072615751853356,3.1819229477143756
test_60m,decay_fusion,61,3.7368050721975474,3.1363204899045867
test_60m,decay_fusion,62,4.265139267994807,3.5378064056482215
test_60m,decay_fusion,63,3.545279539548434,3.417000626823597
test_60m,decay_fusion,64,3.880960391117976,3.189945944450678
test_60m,decay_fusion,65,4.252322765497061,3.29507838437509
test_60m,decay_fusion,66,4.332634650743925,3.4429745932141183
test_60m,decay_fusion,67,3.4717498742617092,3.2606014825213783
test_60m,decay_fusion,68,3.6408189810239353,3.4532707491793717
test_60m,decay_fusion,69,3.8522486136509824,3.146995171198711
test_60m,decay_fusion,70,3.8086358858988834,3.4280170396995207
test_60m,decay_fusion,71,3.9089009211613583,3.236078055874007
test_60m,decay_fusion,72,3.9746962877420278,3.538019781504716
test_60m,decay_fusion,73,4.132767347189096,3.3094496010415417
test_60m,decay_fusion,74,3.692255946306082,3.5566890451306765
test_60m,decay_fusion,75,3.5244153096125674,3.361705264282568
test_60m,decay_fusion,76,4.122740873923669,3.2948435071202016
test_60m,decay_fusion,77,3.7407119549237766,3.4968054440905645
test_60m,decay_fusion,78,4.322127452263465,3.3790257153226895
test_60m,decay_fusion,79,3.9859176048865685,3.426082038288201
test_60m,decay_fusion,80,3.5875075230231652,3.3874649313792182
test_60m,decay_fusion,81,3.6867511364129872,3.4253010099360233
test_60m,decay_fusion,82,3.7745808821458082,3.555568290188585
test_60m,decay_fusion,83,3.6411989743892965,3.380270386256649
test_60m,decay_fusion,84,4.032860379952651,3.355383600170982
test_60m,decay_fusion,85,3.985370525946984,3.1110723328565575
test_60m,decay_fusion,86,4.9417715806227465,3.414635210202619
test_60m,decay_fusion,87,3.9005948305130005,3.230223532012204
test_60m,decay_fusion,88,3.7253656754126916,3.426159698715276
test_60m,decay_fusion,89,3.672991991043091,3.363988150872146
test_60m,decay_fusion,90,3.7143257214472842,3.1486847764850197
test_60m,decay_fusion,91,3.6817013300382175,3.081139358672931
test_60m,decay_fusion,92,3.9557971312449527,3.3308925609852387
test_60m,decay_fusion,93,3.9536246336423435,3.236003443515041
test_60m,decay_fusion,94,3.7890310287475586,3.423400187731556
test_60m,decay_fusion,95,3.855214687494131,3.4931696616120718
test_60m,decay_fusion,96,4.108679881462684,3.243942516672559
test_60m,decay_fusion,97,3.7424087707812967,3.514000649229348
test_60m,decay_fusion,98,3.812870979309082,3.508961040507811
test_60m,decay_fusion,99,3.768987252162053,3.566270191526876
test_60m,decay_fusion,100,4.178329962950486,3.343634039245136
test_60m,decay_fusion,101,3.867125015992385,3.558752524904468
test_60m,decay_fusion,102,3.916417360305786,3.2369556083181505
test_60m,decay_fusion,103,3.6533081990021925,3.3092377984892525
test_60m,decay_fusion,104,3.7717432975769043,3.2286880496582815
test_60m,decay_fusion,105,3.9463119690234842,3.1992645958040447
test_60m,decay_fusion,106,3.6469135192724376,3.3790114661655792
test_60m,decay_fusion,107,3.727438816657433,3.363313450273641
test_60m,decay_fusion,108,3.9604038825401893,3.3475605038488
test_60m,decay_fusion,109,3.8622882457879872,3.2028403774105527
test_60m,decay_fusion,110,3.8817020379579983,3.382974327836828
test_60m,decay_fusion,111,3.730443312571599,3.360680998002082
test_60m,decay_fusion,112,3.6126034076397238,3.321780372366628
test_60m,decay_fusion,113,3.597884233181293,3.483893259092957
test_60m,decay_fusion,114,3.7760184361384463,3.46712723596604
test_60m,decay_fusion,115,3.814143125827496,3.3510300810393847
test_60m,decay_fusion,116,3.928957407291119,3.4814225742525786
test_60m,decay_fusion,117,4.136897508914654,3.5870274638697235
test_60m,decay_fusion,118,3.5129338869681725,3.318038073443823
test_60m,decay_fusion,119,3.8374079924363356,3.4237774195765875
test_60m,decay_fusion,120,3.8669496866372914,3.3317155355526498
test_60m,decay_fusion,121,3.603101601967445,3.348947982796287
test_60m,decay_fusion,122,3.9023352769704966,3.1892162384125387
test_60m,decay_fusion,123,3.848479756942162,3.438538966884091
test_60m,decay_fusion,124,3.6159766820760875,3.42083651964964
test_60m,decay_fusion,125,3.6746405271383433,3.3423941737818033
test_60m,decay_fusion,126,3.77904565517719,3.5498620029939394
test_60m,decay_fusion,127,3.570678234100342,3.3638009184120183
test_60m,decay_fusion,128,3.890173545250526,3.174651372529404
test_60m,decay_fusion,129,3.607477536568275,3.4136137167745555
test_60m,decay_fusion,130,3.6605310164965115,3.3514237909094486
test_60m,decay_fusion,131,3.7558477383393507,3.2367239285105285
test_60m,decay_fusion,132,3.6148468255996704,3.409164000245892
test_60m,decay_fusion,133,3.9481968512901893,3.361387954584139
test_60m,decay_fusion,134,4.25965980383066,3.4958781148975357
test_60m,decay_fusion,135,4.012937289017898,3.6086261346401547
test_60m,decay_fusion,136,3.7768317002516527,3.109215033898595
test_60m,decay_fusion,137,4.100774379876944,3.1679071160863725
test_60m,decay_fusion,138,4.305909285178552,3.375936254505118
test_60m,decay_fusion,139,3.7063923615675707,3.2385268884692575
test_60m,decay_fusion,140,3.9241505769582896,3.3134892758969907
test_60m,decay_fusion,141,3.7528554843022275,3.473555827330166
test_60m,decay_fusion,142,3.5172098783346324,3.275175245687401
test_60m,decay_fusion,143,3.866101384162903,3.591436124914721
test_60m,decay_fusion,144,3.7117647849596462,3.249749795420461
test_60m,decay_fusion,145,4.060513707307669,3.224508077806905
test_60m,decay_fusion,146,3.83463414815756,3.235107783849386
test_60m,decay_fusion,147,3.7881136123950663,3.4349590407174664
test_60m,decay_fusion,148,3.9071736427453847,3.212783301916691
test_60m,decay_fusion,149,3.882493936098539,3.6037560334484224
test_60m,decay_fusion,150,3.6868716203249416,3.565060747271917
test_60m,decay_fusion,151,3.5546825849092922,3.4256352440283524
test_60m,decay_fusion,152,3.6115563282599816,3.3074877398168683
test_60m,decay_fusion,153,3.708408630811251,3.3342538328578493
test_60m,decay_fusion,154,3.5387800198334913,3.434499061234433
test_60m,decay_fusion,155,3.7940599734966574,3.46948075400796
test_60m,decay_fusion,156,3.6939790615668664,3.371564741326009
test_60m,decay_fusion,157,3.8098807426599355,3.1463362689662535
test_60m,decay_fusion,158,4.096861582535964,3.40461579044404
test_60m,decay_fusion,159,3.73585228736584,3.4720584124662106
test_60m,decay_fusion,160,3.8748917946448693,3.494024441723469
test_60m,decay_fusion,161,3.8448636623529286,3.2653061136375174
test_60m,decay_fusion,162,3.676275317485516,3.4322445397643495
test_60m,decay_fusion,163,3.590802495296185,3.412037350079477
test_60m,decay_fusion,164,3.582403274682852,3.386577371703361
test_60m,decay_fusion,165,3.829378549869244,3.481482498807323
test_60m,decay_fusion,166,3.8095065630399265,3.374334394907355
test_60m,decay_fusion,167,3.7210366909320536,3.1168902974406008
test_60m,decay_fusion,168,3.767973863161527,3.417914912694417
test_60m,decay_fusion,169,3.764651555281419,3.506327925253103
test_60m,decay_fusion,170,3.804078744007991,3.3876876343036164
test_60m,decay_fusion,171,3.452861584149874,3.337085515563354
test_60m,decay_fusion,172,3.737874984741211,3.476813124014761
test_60m,decay_fusion,173,3.887841673997732,3.4524862382632615
test_60m,decay_fusion,174,3.9176295078717747,3.6322463157732203
test_60m,decay_fusion,175,3.57160405929272,3.4342471415094837
test_60m,decay_fusion,176,3.8537976374992957,3.5695101431575775
test_60m,decay_fusion,177,3.6695265769958496,3.3968819909872687
test_60m,decay_fusion,178,3.7001241262142477,3.1792107610236693
test_60m,decay_fusion,179,4.098448294859666,3.5035089389907084
test_60m,decay_fusion,180,3.8129103917341967,3.380920196625082
test_60m,decay_fusion,181,3.7027198718144345,3.4023368370431015
test_60m,decay_fusion,182,3.957926475084745,3.2017812173136218
test_60m,decay_fusion,183,3.802668644831731,3.106627687413597
test_60m,decay_fusion,184,4.054521358930147,3.2746792220176606
test_60m,decay_fusion,185,4.024204914386456,3.2392646950162476
test_60m,decay_fusion,186,3.8589374468876767,3.470061840139395
test_60m,decay_fusion,187,3.5756070613861084,3.339529130214023
test_60m,decay_fusion,188,3.886023374704214,3.3103355582911975
test_60m,decay_fusion,189,3.6874592304229736,3.189858832496169
test_60m,decay_fusion,190,3.9413101306328406,3.4837910900197877
test_60m,decay_fusion,191,3.49213052712954,3.4080028193010845
test_60m,decay_fusion,192,3.9885007234720082,3.1254024173038855
test_60m,decay_fusion,193,3.9018641068385196,3.207818587763117
test_60m,decay_fusion,194,3.758896772678082,3.4572708930550053
test_60m,decay_fusion,195,3.8417633771896362,3.3895391032523836
test_60m,decay_fusion,196,3.9560943016639123,3.2855606311985976
test_60m,decay_fusion,197,4.024665905879094,3.4213081111657524
test_60m,decay_fusion,198,3.478434911141029,3.325709029188779
test_60m,decay_fusion,199,3.600207989032452,3.3659479950954316
test_60m,decay_fusion,200,3.820918468328623,3.5173439896136873
test_60m,decay_fusion,201,4.130558710831862,3.462183898673944
test_60m,decay_fusion,202,3.623501108242915,3.39664571738976
test_60m,decay_fusion,203,3.5280830401640673,3.36548822426124
test_60m,decay_fusion,204,3.8118319603113027,3.190506001734097
test_60m,decay_fusion,205,3.7758293885451097,3.4776576396112824
test_60m,decay_fusion,206,3.7110812664031982,3.511332604792474
test_60m,decay_fusion,207,4.100145028187678,3.5647620444232966
test_60m,decay_fusion,208,3.8717464483701267,3.451832059783121
test_60m,decay_fusion,209,3.7084686205937314,3.44298600428002
test_60m,decay_fusion,210,3.7856003871330848,3.173546179852292
test_60m,decay_fusion,211,3.77112707724938,3.4608910546950153
test_60m,decay_fusion,212,4.290385869833139,3.518982995881989
test_60m,decay_fusion,213,3.7944410214057336,3.4364533793672396
test_60m,decay_fusion,214,4.103272841526912,3.3356363432783613
test_60m,decay_fusion,215,4.2124140446002665,3.1856501921702836
test_60m,decay_fusion,216,3.9720353346604567,3.462353889046814
test_60m,decay_fusion,217,4.362709907385019,3.4314179973914074
test_60m,decay_fusion,218,3.4426276225310106,3.3704281452685603
test_60m,decay_fusion,219,3.807428268285898,3.4928528659002307
test_60m,decay_fusion,220,3.8140864739051232,3.510695862264911
test_60m,decay_fusion,221,3.7926635283690233,3.200335484985828
test_60m,decay_fusion,222,3.9651521260921774,3.129481494449441
test_60m,decay_fusion,223,4.039348638974703,3.507666718801604
test_60m,decay_fusion,224,3.6124001191212582,3.280469152024618
test_60m,decay_fusion,225,3.4943402913900523,3.4293116661400376
test_60m,decay_fusion,226,4.001542632396404,3.148239956499582
test_60m,decay_fusion,227,3.9004869827857385,3.234320743172292
test_60m,decay_fusion,228,3.951046118369469,3.20588495295226
test_60m,decay_fusion,229,3.77346264399015,3.4404946888440193
test_60m,decay_fusion,230,3.765969606546255,3.237765295194112
test_60m,decay_fusion,231,3.6042430584247294,3.4325647465653963
test_60m,decay_fusion,232,3.908458581337562,3.565157455000867
test_60m,decay_fusion,233,4.292688644849337,3.4646556574759235
test_60m,decay_fusion,234,3.7696188871677103,3.4767216844541835
test_60m,decay_fusion,235,3.7924403869188748,3.3321980109036016
test_60m,decay_fusion,236,4.106463899979224,3.2964869946380264
test_60m,decay_fusion,237,4.26254784143888,3.4126374892000815
test_60m,decay_fusion,238,3.4505914449691772,3.27468301621587
test_60m,decay_fusion,239,3.605923139131986,3.380036518131504
test_60m,decay_fusion,240,4.0380394367071295,3.271390863155494
test_60m,decay_fusion,241,3.7682379942673903,3.4801918025718317
test_60m,decay_fusion,242,3.5302089636142435,3.415668506431979
test_60m,decay_fusion,243,3.570804009070763,3.446436346433511
test_60m,decay_fusion,244,3.5269406942220836,3.4119213244780564
test_60m,decay_fusion,245,3.7958293969814596,3.386449523126018
test_60m,decay_fusion,246,3.911018885098971,3.3216856091999043
test_60m,decay_fusion,247,3.911881373478816,3.1897932021749797
test_60m,decay_fusion,248,3.7244341465143056,3.313459388260241
test_60m,decay_fusion,249,4.07816101037539,3.3757675253870896
test_60m,decay_fusion,250,3.8377485825465274,3.5843674722229912
test_60m,decay_fusion,251,3.5872572660446167,3.2669560570334406
test_60m,decay_fusion,252,3.563312347118671,3.395336655840632
test_60m,decay_fusion,253,3.6537202229866614,3.347572431795292
test_60m,decay_fusion,254,3.8290128524486837,3.5119075839536005
test_60m,decay_fusion,255,4.086858556820796,3.1890750013442544
test_1B,baseline_only,0,2.268910171230769,2.3948750707469184
test_1B,baseline_only,1,2.2202228678461537,2.3948750707469184
test_1B,baseline_only,2,2.1589541139230772,2.3948750707469184
test_1B,baseline_only,3,2.2978220733846153,2.3948750707469184
test_1B,baseline_only,4,2.259644238769231,2.3948750707469184
test_1B,baseline_only,5,2.2505737003846153,2.3948750707469184
test_1B,baseline_only,6,2.1365596063076926,2.3948750707469184
test_1B,baseline_only,7,2.2200372773846153,2.3948750707469184
test_1B,baseline_only,8,2.211698407846154,2.3948750707469184
test_1B,baseline_only,9,2.182831441846154,2.3948750707469184
test_1B,baseline_only,10,2.2403361748461537,2.3948750707469184
test_1B,baseline_only,11,2.249554406846154,2.3948750707469184
test_1B,baseline_only,12,2.1134832436153848,2.3948750707469184
test_1B,baseline_only,13,2.301508649846154,2.3948750707469184
test_1B,baseline_only,14,2.2374433647692302,2.3948750707469184
test_1B,baseline_only,15,2.200567332384615,2.3948750707469184
test_1B,baseline_only,16,2.269338471769231,2.3948750707469184
test_1B,baseline_only,17,2.2269126127692305,2.3948750707469184
test_1B,baseline_only,18,2.2847994710769233,2.3948750707469184
test_1B,baseline_only,19,2.200563970615385,2.3948750707469184
test_1B,baseline_only,20,2.1784147224615387,2.3948750707469184
test_1B,baseline_only,21,2.1498512269999996,2.3948750707469184
test_1B,baseline_only,22,2.2783338171538463,2.3948750707469184
test_1B,baseline_only,23,2.2616511383846154,2.3948750707469184
test_1B,baseline_only,24,2.2326221901538457,2.3948750707469184
test_1B,baseline_only,25,2.229065296769231,2.3948750707469184
test_1B,baseline_only,26,2.212113792,2.3948750707469184
test_1B,baseline_only,27,2.2114889487692304,2.3948750707469184
test_1B,baseline_only,28,2.2115665394615385,2.3948750707469184
test_1B,baseline_only,29,2.1808748666923075,2.3948750707469184
test_1B,baseline_only,30,2.2302286073846154,2.3948750707469184
test_1B,baseline_only,31,2.2045516753076924,2.3948750707469184
test_1B,baseline_only,32,2.2179513809230764,2.3948750707469184
test_1B,baseline_only,33,2.2848637036153843,2.3948750707469184
test_1B,baseline_only,34,2.2607303840769233,2.3948750707469184
test_1B,baseline_only,35,2.259474341615385,2.3948750707469184
test_1B,baseline_only,36,2.4442399745384615,2.3948750707469184
test_1B,baseline_only,37,2.260743969153846,2.3948750707469184
test_1B,baseline_only,38,2.291458922769231,2.3948750707469184
test_1B,baseline_only,39,2.182367508076923,2.3948750707469184
test_1B,baseline_only,40,2.2950587230769233,2.3948750707469184
test_1B,baseline_only,41,2.2760151351538465,2.3948750707469184
test_1B,baseline_only,42,2.1902820931538463,2.3948750707469184
test_1B,baseline_only,43,2.259092208923077,2.3948750707469184
test_1B,baseline_only,44,2.196005157692308,2.3948750707469184
test_1B,baseline_only,45,2.111309207076923,2.3948750707469184
test_1B,baseline_only,46,2.208471379769231,2.3948750707469184
test_1B,baseline_only,47,2.173961432692308,2.3948750707469184
test_1B,baseline_only,48,2.235983221076923,2.3948750707469184
test_1B,baseline_only,49,2.202063035692308,2.3948750707469184
test_1B,baseline_only,50,2.187208932769231,2.3948750707469184
test_1B,baseline_only,51,2.151937621846154,2.3948750707469184
test_1B,baseline_only,52,2.2681441679230767,2.3948750707469184
test_1B,baseline_only,53,2.187429321615385,2.3948750707469184
test_1B,baseline_only,54,2.227650901846154,2.3948750707469184
test_1B,baseline_only,55,2.2585364458461545,2.3948750707469184
test_1B,baseline_only,56,2.252677299846154,2.3948750707469184
test_1B,baseline_only,57,2.197322574153846,2.3948750707469184
test_1B,baseline_only,58,2.2096809515384614,2.3948750707469184
test_1B,baseline_only,59,2.166673793,2.3948750707469184
test_1B,baseline_only,60,2.1845107656923077,2.3948750707469184
test_1B,baseline_only,61,2.2594306072307697,2.3948750707469184
test_1B,baseline_only,62,2.2119779854615382,2.3948750707469184
test_1B,baseline_only,63,2.2107204720000007,2.3948750707469184
test_1B,frozen_1B,0,2.268910171230769,2.4648618441339916
test_1B,frozen_1B,1,2.2202228678461537,2.4434453280969377
test_1B,frozen_1B,2,2.1589541139230772,2.3681465698533506
test_1B,frozen_1B,3,2.2978220733846153,2.4554232301638583
test_1B,frozen_1B,4,2.259644238769231,2.409888591371796
test_1B,frozen_1B,5,2.2505737003846153,2.416462213901804
test_1B,frozen_1B,6,2.1365596063076926,2.3212455101352165
test_1B,frozen_1B,7,2.2200372773846153,2.3823099121601645
test_1B,frozen_1B,8,2.211698407846154,2.374009480615941
test_1B,frozen_1B,9,2.182831441846154,2.3576538674229552
test_1B,frozen_1B,10,2.2403361748461537,2.437452668072725
test_1B,frozen_1B,11,2.249554406846154,2.4191642334663084
test_1B,frozen_1B,12,2.1134832436153848,2.33582005584209
test_1B,frozen_1B,13,2.301508649846154,2.481174560460466
test_1B,frozen_1B,14,2.2374433647692302,2.410118565788321
test_1B,frozen_1B,15,2.200567332384615,2.365601752688174
test_1B,frozen_1B,16,2.269338471769231,2.4295681128495192
test_1B,frozen_1B,17,2.2269126127692305,2.33781974830199
test_1B,frozen_1B,18,2.2847994710769233,2.3984706265723608
test_1B,frozen_1B,19,2.200563970615385,2.372853382125982
test_1B,frozen_1B,20,2.1784147224615387,2.355006503985754
test_1B,frozen_1B,21,2.1498512269999996,2.3423095118090624
test_1B,frozen_1B,22,2.2783338171538463,2.453165749735274
test_1B,frozen_1B,23,2.2616511383846154,2.418216977409739
test_1B,frozen_1B,24,2.2326221901538457,2.3929336461326676
test_1B,frozen_1B,25,2.229065296769231,2.379943110058403
test_1B,frozen_1B,26,2.212113792,2.358345302080224
test_1B,frozen_1B,27,2.2114889487692304,2.3763158609077393
test_1B,frozen_1B,28,2.2115665394615385,2.3459570785314074
test_1B,frozen_1B,29,2.1808748666923075,2.394627532719205
test_1B,frozen_1B,30,2.2302286073846154,2.3915220038322422
test_1B,frozen_1B,31,2.2045516753076924,2.3804423715654237
test_1B,frozen_1B,32,2.2179513809230764,2.3919398086616726
test_1B,frozen_1B,33,2.2848637036153843,2.4219131503166937
test_1B,frozen_1B,34,2.2607303840769233,2.4265066240809063
test_1B,frozen_1B,35,2.259474341615385,2.415857130322757
test_1B,frozen_1B,36,2.4442399745384615,2.5259801016727557
test_1B,frozen_1B,37,2.260743969153846,2.4185602328319806
test_1B,frozen_1B,38,2.291458922769231,2.4547508168819716
test_1B,frozen_1B,39,2.182367508076923,2.346306124683923
test_1B,frozen_1B,40,2.2950587230769233,2.407894500081762
test_1B,frozen_1B,41,2.2760151351538465,2.4363336656584447
test_1B,frozen_1B,42,2.1902820931538463,2.349731936463082
test_1B,frozen_1B,43,2.259092208923077,2.4150535255659706
test_1B,frozen_1B,44,2.196005157692308,2.3289913897240977
test_1B,frozen_1B,45,2.111309207076923,2.324525135287721
test_1B,frozen_1B,46,2.208471379769231,2.392183768858162
test_1B,frozen_1B,47,2.173961432692308,2.336475163213412
test_1B,frozen_1B,48,2.235983221076923,2.375792800333685
test_1B,frozen_1B,49,2.202063035692308,2.372961086970487
test_1B,frozen_1B,50,2.187208932769231,2.4018312475485932
test_1B,frozen_1B,51,2.151937621846154,2.363997692876578
test_1B,frozen_1B,52,2.2681441679230767,2.4199671057892096
test_1B,frozen_1B,53,2.187429321615385,2.3678311763494446
test_1B,frozen_1B,54,2.227650901846154,2.405797018558743
test_1B,frozen_1B,55,2.2585364458461545,2.4385696608696885
test_1B,frozen_1B,56,2.252677299846154,2.454308261637988
test_1B,frozen_1B,57,2.197322574153846,2.3521933032073936
test_1B,frozen_1B,58,2.2096809515384614,2.3834476452378937
test_1B,frozen_1B,59,2.166673793,2.353762462785022
test_1B,frozen_1B,60,2.1845107656923077,2.4064302288815336
test_1B,frozen_1B,61,2.2594306072307697,2.4446226508308273
test_1B,frozen_1B,62,2.2119779854615382,2.463487528731986
test_1B,frozen_1B,63,2.2107204720000007,2.35258764864871
test_1B,extrap_trend,0,2.268910171230769,2.4648618441339916
test_1B,extrap_trend,1,2.2202228678461537,2.4434453280969377
test_1B,extrap_trend,2,2.1589541139230772,2.3681465698533506
test_1B,extrap_trend,3,2.2978220733846153,2.4554232301638583
test_1B,extrap_trend,4,2.259644238769231,2.409888591371796
test_1B,extrap_trend,5,2.2505737003846153,2.416462213901804
test_1B,extrap_trend,6,2.1365596063076926,2.3212455101352165
test_1B,extrap_trend,7,2.2200372773846153,2.3823099121601645
test_1B,extrap_trend,8,2.211698407846154,2.374009480615941
test_1B,extrap_trend,9,2.182831441846154,2.3576538674229552
test_1B,extrap_trend,10,2.2403361748461537,2.437452668072725
test_1B,extrap_trend,11,2.249554406846154,2.4191642334663084
test_1B,extrap_trend,12,2.1134832436153848,2.33582005584209
test_1B,extrap_trend,13,2.301508649846154,2.481174560460466
test_1B,extrap_trend,14,2.2374433647692302,2.410118565788321
test_1B,extrap_trend,15,2.200567332384615,2.365601752688174
test_1B,extrap_trend,16,2.269338471769231,2.4295681128495192
test_1B,extrap_trend,17,2.2269126127692305,2.33781974830199
test_1B,extrap_trend,18,2.2847994710769233,2.3984706265723608
test_1B,extrap_trend,19,2.200563970615385,2.372853382125982
test_1B,extrap_trend,20,2.1784147224615387,2.355006503985754
test_1B,extrap_trend,21,2.1498512269999996,2.3423095118090624
test_1B,extrap_trend,22,2.2783338171538463,2.453165749735274
test_1B,extrap_trend,23,2.2616511383846154,2.418216977409739
test_1B,extrap_trend,24,2.2326221901538457,2.3929336461326676
test_1B,extrap_trend,25,2.229065296769231,2.379943110058403
test_1B,extrap_trend,26,2.212113792,2.358345302080224
test_1B,extrap_trend,27,2.2114889487692304,2.3763158609077393
test_1B,extrap_trend,28,2.2115665394615385,2.3459570785314074
test_1B,extrap_trend,29,2.1808748666923075,2.394627532719205
test_1B,extrap_trend,30,2.2302286073846154,2.3915220038322422
test_1B,extrap_trend,31,2.2045516753076924,2.3804423715654237
test_1B,extrap_trend,32,2.2179513809230764,2.3919398086616726
test_1B,extrap_trend,33,2.2848637036153843,2.4219131503166937
test_1B,extrap_trend,34,2.2607303840769233,2.4265066240809063
test_1B,extrap_trend,35,2.259474341615385,2.415857130322757
test_1B,extrap_trend,36,2.4442399745384615,2.5259801016727557
test_1B,extrap_trend,37,2.260743969153846,2.4185602328319806
test_1B,extrap_trend,38,2.291458922769231,2.4547508168819716
test_1B,extrap_trend,39,2.182367508076923,2.346306124683923
test_1B,extrap_trend,40,2.2950587230769233,2.407894500081762
test_1B,extrap_trend,41,2.2760151351538465,2.4363336656584447
test_1B,extrap_trend,42,2.1902820931538463,2.349731936463082
test_1B,extrap_trend,43,2.259092208923077,2.4150535255659706
test_1B,extrap_trend,44,2.196005157692308,2.3289913897240977
test_1B,extrap_trend,45,2.111309207076923,2.324525135287721
test_1B,extrap_trend,46,2.208471379769231,2.392183768858162
test_1B,extrap_trend,47,2.173961432692308,2.336475163213412
test_1B,extrap_trend,48,2.235983221076923,2.375792800333685
test_1B,extrap_trend,49,2.202063035692308,2.372961086970487
test_1B,extrap_trend,50,2.187208932769231,2.4018312475485932
test_1B,extrap_trend,51,2.151937621846154,2.363997692876578
test_1B,extrap_trend,52,2.2681441679230767,2.4199671057892096
test_1B,extrap_trend,53,2.187429321615385,2.3678311763494446
test_1B,extrap_trend,54,2.227650901846154,2.405797018558743
test_1B,extrap_trend,55,2.2585364458461545,2.4385696608696885
test_1B,extrap_trend,56,2.252677299846154,2.454308261637988
test_1B,extrap_trend,57,2.197322574153846,2.3521933032073936
test_1B,extrap_trend,58,2.2096809515384614,2.3834476452378937
test_1B,extrap_trend,59,2.166673793,2.353762462785022
test_1B,extrap_trend,60,2.1845107656923077,2.4064302288815336
test_1B,extrap_trend,61,2.2594306072307697,2.4446226508308273
test_1B,extrap_trend,62,2.2119779854615382,2.463487528731986
test_1B,extrap_trend,63,2.2107204720000007,2.35258764864871
test_1B,decay_fusion,0,2.268910171230769,2.4648618441339916
test_1B,decay_fusion,1,2.2202228678461537,2.4434453280969377
test_1B,decay_fusion,2,2.1589541139230772,2.3681465698533506
test_1B,decay_fusion,3,2.2978220733846153,2.4554232301638583
test_1B,decay_fusion,4,2.259644238769231,2.409888591371796
test_1B,decay_fusion,5,2.2505737003846153,2.416462213901804
test_1B,decay_fusion,6,2.1365596063076926,2.3212455101352165
test_1B,decay_fusion,7,2.2200372773846153,2.3823099121601645
test_1B,decay_fusion,8,2.211698407846154,2.374009480615941
test_1B,decay_fusion,9,2.182831441846154,2.3576538674229552
test_1B,decay_fusion,10,2.2403361748461537,2.437452668072725
test_1B,decay_fusion,11,2.249554406846154,2.4191642334663084
test_1B,decay_fusion,12,2.1134832436153848,2.33582005584209
test_1B,decay_fusion,13,2.301508649846154,2.481174560460466
test_1B,decay_fusion,14,2.2374433647692302,2.410118565788321
test_1B,decay_fusion,15,2.200567332384615,2.365601752688174
test_1B,decay_fusion,16,2.269338471769231,2.4295681128495192
test_1B,decay_fusion,17,2.2269126127692305,2.33781974830199
test_1B,decay_fusion,18,2.2847994710769233,2.3984706265723608
test_1B,decay_fusion,19,2.200563970615385,2.372853382125982
test_1B,decay_fusion,20,2.1784147224615387,2.355006503985754
test_1B,decay_fusion,21,2.1498512269999996,2.3423095118090624
test_1B,decay_fusion,22,2.2783338171538463,2.453165749735274
test_1B,decay_fusion,23,2.2616511383846154,2.418216977409739
test_1B,decay_fusion,24,2.2326221901538457,2.3929336461326676
test_1B,decay_fusion,25,2.229065296769231,2.379943110058403
test_1B,decay_fusion,26,2.212113792,2.358345302080224
test_1B,decay_fusion,27,2.2114889487692304,2.3763158609077393
test_1B,decay_fusion,28,2.2115665394615385,2.3459570785314074
test_1B,decay_fusion,29,2.1808748666923075,2.394627532719205
test_1B,decay_fusion,30,2.2302286073846154,2.3915220038322422
test_1B,decay_fusion,31,2.2045516753076924,2.3804423715654237
test_1B,decay_fusion,32,2.2179513809230764,2.3919398086616726
test_1B,decay_fusion,33,2.2848637036153843,2.4219131503166937
test_1B,decay_fusion,34,2.2607303840769233,2.4265066240809063
test_1B,decay_fusion,35,2.259474341615385,2.415857130322757
test_1B,decay_fusion,36,2.4442399745384615,2.5259801016727557
test_1B,decay_fusion,37,2.260743969153846,2.4185602328319806
test_1B,decay_fusion,38,2.291458922769231,2.4547508168819716
test_1B,decay_fusion,39,2.182367508076923,2.346306124683923
test_1B,decay_fusion,40,2.2950587230769233,2.407894500081762
test_1B,decay_fusion,41,2.2760151351538465,2.4363336656584447
test_1B,decay_fusion,42,2.1902820931538463,2.349731936463082
test_1B,decay_fusion,43,2.259092208923077,2.4150535255659706
test_1B,decay_fusion,44,2.196005157692308,2.3289913897240977
test_1B,decay_fusion,45,2.111309207076923,2.324525135287721
test_1B,decay_fusion,46,2.208471379769231,2.392183768858162
test_1B,decay_fusion,47,2.173961432692308,2.336475163213412
test_1B,decay_fusion,48,2.235983221076923,2.375792800333685
test_1B,decay_fusion,49,2.202063035692308,2.372961086970487
test_1B,decay_fusion,50,2.187208932769231,2.4018312475485932
test_1B,decay_fusion,51,2.151937621846154,2.363997692876578
test_1B,decay_fusion,52,2.2681441679230767,2.4199671057892096
test_1B,decay_fusion,53,2.187429321615385,2.3678311763494446
test_1B,decay_fusion,54,2.227650901846154,2.405797018558743
test_1B,decay_fusion,55,2.2585364458461545,2.4385696608696885
test_1B,decay_fusion,56,2.252677299846154,2.454308261637988
test_1B,decay_fusion,57,2.197322574153846,2.3521933032073936
test_1B,decay_fusion,58,2.2096809515384614,2.3834476452378937
test_1B,decay_fusion,59,2.166673793,2.353762462785022
test_1B,decay_fusion,60,2.1845107656923077,2.4064302288815336
test_1B,decay_fusion,61,2.2594306072307697,2.4446226508308273
test_1B,decay_fusion,62,2.2119779854615382,2.463487528731986
test_1B,decay_fusion,63,2.2107204720000007,2.35258764864871
est_10b,baseline_only,0,1.7115076923076924,1.8217293858194563
est_10b,baseline_only,1,1.718530769230769,1.8217293858194563
est_10b,baseline_only,2,1.8022153846153846,1.8217293858194563
est_10b,baseline_only,3,1.8228307692307695,1.8217293858194563
est_10b,baseline_only,4,1.9229615384615388,1.8217293858194563
est_10b,baseline_only,5,1.654623076923077,1.8217293858194563
est_10b,baseline_only,6,1.9834153846153848,1.8217293858194563
est_10b,baseline_only,7,1.7380230769230767,1.8217293858194563
est_10b,baseline_only,8,1.6371,1.8217293858194563
est_10b,baseline_only,9,1.8495230769230768,1.8217293858194563
est_10b,baseline_only,10,1.7043076923076923,1.8217293858194563
est_10b,baseline_only,11,1.6439384615384611,1.8217293858194563
est_10b,baseline_only,12,1.8157230769230768,1.8217293858194563
est_10b,baseline_only,13,1.9477384615384614,1.8217293858194563
est_10b,baseline_only,14,1.8105615384615386,1.8217293858194563
est_10b,baseline_only,15,1.9567230769230766,1.8217293858194563
est_10b,baseline_only,16,1.8411999999999997,1.8217293858194563
est_10b,baseline_only,17,1.9124230769230768,1.8217293858194563
est_10b,baseline_only,18,1.8993846153846157,1.8217293858194563
est_10b,baseline_only,19,1.8048076923076921,1.8217293858194563
est_10b,baseline_only,20,1.7212615384615384,1.8217293858194563
est_10b,baseline_only,21,1.8810307692307693,1.8217293858194563
est_10b,baseline_only,22,1.831015384615385,1.8217293858194563
est_10b,baseline_only,23,1.7026692307692306,1.8217293858194563
est_10b,baseline_only,24,1.7796076923076924,1.8217293858194563
est_10b,baseline_only,25,1.9114461538461542,1.8217293858194563
est_10b,baseline_only,26,1.861076923076923,1.8217293858194563
est_10b,baseline_only,27,1.7525384615384614,1.8217293858194563
est_10b,baseline_only,28,1.6738307692307695,1.8217293858194563
est_10b,baseline_only,29,1.766946153846154,1.8217293858194563
est_10b,baseline_only,30,1.820169230769231,1.8217293858194563
est_10b,baseline_only,31,1.5979999999999999,1.8217293858194563
est_10b,baseline_only,32,1.7194153846153846,1.8217293858194563
est_10b,baseline_only,33,1.8206615384615383,1.8217293858194563
est_10b,baseline_only,34,1.782907692307692,1.8217293858194563
est_10b,baseline_only,35,1.9867230769230768,1.8217293858194563
est_10b,baseline_only,36,1.911807692307692,1.8217293858194563
est_10b,baseline_only,37,1.856107692307692,1.8217293858194563
est_10b,baseline_only,38,1.8007307692307692,1.8217293858194563
est_10b,baseline_only,39,1.782646153846154,1.8217293858194563
est_10b,baseline_only,40,1.796930769230769,1.8217293858194563
est_10b,baseline_only,41,1.8521923076923075,1.8217293858194563
est_10b,baseline_only,42,1.914153846153846,1.8217293858194563
est_10b,baseline_only,43,1.7903,1.8217293858194563
est_10b,baseline_only,44,1.6108692307692312,1.8217293858194563
est_10b,baseline_only,45,1.850523076923077,1.8217293858194563
est_10b,baseline_only,46,1.6495769230769228,1.8217293858194563
est_10b,baseline_only,47,1.791553846153846,1.8217293858194563
est_10b,baseline_only,48,1.7416461538461538,1.8217293858194563
est_10b,baseline_only,49,1.7364769230769228,1.8217293858194563
est_10b,baseline_only,50,1.6761076923076923,1.8217293858194563
est_10b,baseline_only,51,1.9167615384615384,1.8217293858194563
est_10b,baseline_only,52,1.6852461538461538,1.8217293858194563
est_10b,baseline_only,53,1.8305307692307693,1.8217293858194563
est_10b,baseline_only,54,1.8313230769230766,1.8217293858194563
est_10b,baseline_only,55,1.8824615384615386,1.8217293858194563
est_10b,baseline_only,56,1.7857384615384613,1.8217293858194563
est_10b,baseline_only,57,1.702676923076923,1.8217293858194563
est_10b,baseline_only,58,1.6271923076923078,1.8217293858194563
est_10b,baseline_only,59,1.7722615384615388,1.8217293858194563
est_10b,baseline_only,60,1.922492307692307,1.8217293858194563
est_10b,baseline_only,61,1.8331846153846152,1.8217293858194563
est_10b,baseline_only,62,1.9015846153846154,1.8217293858194563
est_10b,frozen_1B,0,1.7115076923076924,1.7081790819922433
est_10b,frozen_1B,1,1.718530769230769,1.6125817273288685
est_10b,frozen_1B,2,1.8022153846153846,1.9356299313851864
est_10b,frozen_1B,3,1.8228307692307695,1.7881912765062526
est_10b,frozen_1B,4,1.9229615384615388,1.7803900422008978
est_10b,frozen_1B,5,1.654623076923077,1.914153953297665
est_10b,frozen_1B,6,1.9834153846153848,1.9039494166508582
est_10b,frozen_1B,7,1.7380230769230767,1.829502075183691
est_10b,frozen_1B,8,1.6371,2.0516071172798616
est_10b,frozen_1B,9,1.8495230769230768,1.8363812431362057
est_10b,frozen_1B,10,1.7043076923076923,1.7466435177625497
est_10b,frozen_1B,11,1.6439384615384611,2.0579079468742902
est_10b,frozen_1B,12,1.8157230769230768,2.1009092039946498
est_10b,frozen_1B,13,1.9477384615384614,1.8010914810806031
est_10b,frozen_1B,14,1.8105615384615386,1.7308916545502624
est_10b,frozen_1B,15,1.9567230769230766,1.845245974410252
est_10b,frozen_1B,16,1.8411999999999997,1.627267682690949
est_10b,frozen_1B,17,1.9124230769230768,1.8267243518576055
est_10b,frozen_1B,18,1.8993846153846157,1.8823203771676635
est_10b,frozen_1B,19,1.8048076923076921,1.8285254353053526
est_10b,frozen_1B,20,1.7212615384615384,1.8945902896922175
est_10b,frozen_1B,21,1.8810307692307693,1.9098432595634298
est_10b,frozen_1B,22,1.831015384615385,1.9295707761162757
est_10b,frozen_1B,23,1.7026692307692306,1.8601728361346337
est_10b,frozen_1B,24,1.7796076923076924,2.009961653019015
est_10b,frozen_1B,25,1.9114461538461542,1.9248293664887979
est_10b,frozen_1B,26,1.861076923076923,1.8558513956024574
est_10b,frozen_1B,27,1.7525384615384614,1.606024990499255
est_10b,frozen_1B,28,1.6738307692307695,1.8507728331369795
est_10b,frozen_1B,29,1.766946153846154,1.8242403663617262
est_10b,frozen_1B,30,1.820169230769231,1.7829519209059645
est_10b,frozen_1B,31,1.5979999999999999,1.835223066742843
est_10b,frozen_1B,32,1.7194153846153846,1.6129162987383354
est_10b,frozen_1B,33,1.8206615384615383,1.921697813330463
est_10b,frozen_1B,34,1.782907692307692,1.8051538385318866
est_10b,frozen_1B,35,1.9867230769230768,1.8918685750232926
est_10b,frozen_1B,36,1.911807692307692,1.8576562979386
est_10b,frozen_1B,37,1.856107692307692,1.7851693981763077
est_10b,frozen_1B,38,1.8007307692307692,1.8348596561065844
est_10b,frozen_1B,39,1.782646153846154,1.9970297746766217
est_10b,frozen_1B,40,1.796930769230769,1.6727160889428976
est_10b,frozen_1B,41,1.8521923076923075,1.827121269382752
est_10b,frozen_1B,42,1.914153846153846,1.6024044482491346
est_10b,frozen_1B,43,1.7903,1.8983067830806586
est_10b,frozen_1B,44,1.6108692307692312,1.7834983817248433
est_10b,frozen_1B,45,1.850523076923077,1.7621140461989642
est_10b,frozen_1B,46,1.6495769230769228,1.7491149806805273
est_10b,frozen_1B,47,1.791553846153846,1.97115407467571
est_10b,frozen_1B,48,1.7416461538461538,1.8366689828055591
est_10b,frozen_1B,49,1.7364769230769228,1.953679843697033
est_10b,frozen_1B,50,1.6761076923076923,1.6207674853422123
est_10b,frozen_1B,51,1.9167615384615384,1.920842022368885
est_10b,frozen_1B,52,1.6852461538461538,1.93429714234922
est_10b,frozen_1B,53,1.8305307692307693,1.6106406082289764
est_10b,frozen_1B,54,1.8313230769230766,1.753607081541682
est_10b,frozen_1B,55,1.8824615384615386,1.7411005498341763
est_10b,frozen_1B,56,1.7857384615384613,1.7134708422076057
est_10b,frozen_1B,57,1.702676923076923,1.6001619847554076
est_10b,frozen_1B,58,1.6271923076923078,2.036570823878122
est_10b,frozen_1B,59,1.7722615384615388,1.8471602754397323
est_10b,frozen_1B,60,1.922492307692307,1.605721036002728
est_10b,frozen_1B,61,1.8331846153846152,1.9041656133866727
est_10b,frozen_1B,62,1.9015846153846154,1.7071679008612934
est_10b,extrap_trend,0,1.7115076923076924,1.6461682709230876
est_10b,extrap_trend,1,1.718530769230769,1.5432140183159895
est_10b,extrap_trend,2,1.8022153846153846,1.9342251611861967
est_10b,extrap_trend,3,1.8228307692307695,1.7567440933876504
est_10b,extrap_trend,4,1.9229615384615388,1.7965644937605043
est_10b,extrap_trend,5,1.654623076923077,1.925314875206689
est_10b,extrap_trend,6,1.9834153846153848,1.9223284828133993
est_10b,extrap_trend,7,1.7380230769230767,1.781488083875735
est_10b,extrap_trend,8,1.6371,2.0879334702626196
est_10b,extrap_trend,9,1.8495230769230768,1.830871224948387
est_10b,extrap_trend,10,1.7043076923076923,1.7235712700720056
est_10b,extrap_trend,11,1.6439384615384611,2.074820557572591
est_10b,extrap_trend,12,1.8157230769230768,2.1031628826132653
est_10b,extrap_trend,13,1.9477384615384614,1.8296949674097602
est_10b,extrap_trend,14,1.8105615384615386,1.7181165509536314
est_10b,extrap_trend,15,1.9567230769230766,1.9152395688055743
est_10b,extrap_trend,16,1.8411999999999997,1.6229630067161918
est_10b,extrap_trend,17,1.9124230769230768,1.8828834905137084
est_10b,extrap_trend,18,1.8993846153846157,1.9184019887383992
est_10b,extrap_trend,19,1.8048076923076921,1.8108811187179026
est_10b,extrap_trend,20,1.7212615384615384,1.9229069183518601
est_10b,extrap_trend,21,1.8810307692307693,1.911572100175282
est_10b,extrap_trend,22,1.831015384615385,1.9859494676116207
est_10b,extrap_trend,23,1.7026692307692306,1.8073208679355917
est_10b,extrap_trend,24,1.7796076923076924,2.090975887024025
est_10b,extrap_trend,25,1.9114461538461542,1.9677371796837408
est_10b,extrap_trend,26,1.861076923076923,1.8669799503393345
est_10b,extrap_trend,27,1.7525384615384614,1.5875041594583048
est_10b,extrap_trend,28,1.6738307692307695,1.8127038715061248
est_10b,extrap_trend,29,1.766946153846154,1.8232539292096206
est_10b,extrap_trend,30,1.820169230769231,1.7544056469554619
est_10b,extrap_trend,31,1.5979999999999999,1.8061640783826693
est_10b,extrap_trend,32,1.7194153846153846,1.5361814297603686
est_10b,extrap_trend,33,1.8206615384615383,1.9412099183348215
est_10b,extrap_trend,34,1.782907692307692,1.9148842809942839
est_10b,extrap_trend,35,1.9867230769230768,1.9862297906416713
est_10b,extrap_trend,36,1.911807692307692,1.8732826897128732
est_10b,extrap_trend,37,1.856107692307692,1.7408955089811224
est_10b,extrap_trend,38,1.8007307692307692,1.8473558721462422
est_10b,extrap_trend,39,1.782646153846154,2.0271928616405805
est_10b,extrap_trend,40,1.796930769230769,1.6702960304860603
est_10b,extrap_trend,41,1.8521923076923075,1.8109220733633484
est_10b,extrap_trend,42,1.914153846153846,1.5563920311410075
est_10b,extrap_trend,43,1.7903,1.9395751876486302
est_10b,extrap_trend,44,1.6108692307692312,1.7686453030555689
est_10b,extrap_trend,45,1.850523076923077,1.792442921454107
est_10b,extrap_trend,46,1.6495769230769228,1.7760219229801764
est_10b,extrap_trend,47,1.791553846153846,1.9988219097028208
est_10b,extrap_trend,48,1.7416461538461538,1.8046818893204137
est_10b,extrap_trend,49,1.7364769230769228,1.9669515536275524
est_10b,extrap_trend,50,1.6761076923076923,1.5890708994827678
est_10b,extrap_trend,51,1.9167615384615384,1.9628812449520014
est_10b,extrap_trend,52,1.6852461538461538,1.943638627848764
est_10b,extrap_trend,53,1.8305307692307693,1.589486771440836
est_10b,extrap_trend,54,1.8313230769230766,1.698304987194087
est_10b,extrap_trend,55,1.8824615384615386,1.7548133804939636
est_10b,extrap_trend,56,1.7857384615384613,1.6594375163888995
est_10b,extrap_trend,57,1.702676923076923,1.526112735783118
est_10b,extrap_trend,58,1.6271923076923078,2.083734750079937
est_10b,extrap_trend,59,1.7722615384615388,1.85365958891537
est_10b,extrap_trend,60,1.922492307692307,1.5842316168326844
est_10b,extrap_trend,61,1.8331846153846152,1.9394006346362451
est_10b,extrap_trend,62,1.9015846153846154,1.6881589614583856
est_10b,decay_fusion,0,1.7115076923076924,1.741389099239768
est_10b,decay_fusion,1,1.718530769230769,1.6737510691240352
est_10b,decay_fusion,2,1.8022153846153846,1.9023174790601243
est_10b,decay_fusion,3,1.8228307692307695,1.798000155489401
est_10b,decay_fusion,4,1.9229615384615388,1.7924805454254662
est_10b,decay_fusion,5,1.654623076923077,1.887122572697248
est_10b,decay_fusion,6,1.9834153846153848,1.8799025532786755
est_10b,decay_fusion,7,1.7380230769230767,1.8272287994711163
est_10b,decay_fusion,8,1.6371,1.984374858366325
est_10b,decay_fusion,9,1.8495230769230768,1.8320960196026959
est_10b,decay_fusion,10,1.7043076923076923,1.7686038550682934
est_10b,decay_fusion,11,1.6439384615384611,1.9888328865551044
est_10b,decay_fusion,12,1.8157230769230768,2.0192575811961113
est_10b,decay_fusion,13,1.9477384615384614,1.8071274417890222
est_10b,decay_fusion,14,1.8105615384615386,1.757458933725195
est_10b,decay_fusion,15,1.9567230769230766,1.8383680860525806
est_10b,decay_fusion,16,1.8411999999999997,1.684141828309334
est_10b,decay_fusion,17,1.9124230769230768,1.8252634759049515
est_10b,decay_fusion,18,1.8993846153846157,1.8645993513324486
est_10b,decay_fusion,19,1.8048076923076921,1.8265377971129872
est_10b,decay_fusion,20,1.7212615384615384,1.8732806868754197
est_10b,decay_fusion,21,1.8810307692307693,1.884072626036668
est_10b,decay_fusion,22,1.831015384615385,1.8980304427922523
est_10b,decay_fusion,23,1.7026692307692306,1.8489292938015005
est_10b,decay_fusion,24,1.7796076923076924,1.9549094283261572
est_10b,decay_fusion,25,1.9114461538461542,1.8946757515635708
est_10b,decay_fusion,26,1.861076923076923,1.8458717434551764
est_10b,decay_fusion,27,1.7525384615384614,1.6691119787987438
est_10b,decay_fusion,28,1.6738307692307695,1.8422785063599216
est_10b,decay_fusion,29,1.766946153846154,1.8235059807695582
est_10b,decay_fusion,30,1.820169230769231,1.7942931523706729
est_10b,decay_fusion,31,1.5979999999999999,1.8312765746499626
est_10b,decay_fusion,32,1.7194153846153846,1.6739877885515664
est_10b,decay_fusion,33,1.8206615384615383,1.8924600826512004
est_10b,decay_fusion,34,1.782907692307692,1.8100016829915984
est_10b,decay_fusion,35,1.9867230769230768,1.8713549911342418
est_10b,decay_fusion,36,1.911807692307692,1.8471487666426674
est_10b,decay_fusion,37,1.856107692307692,1.7958620848471052
est_10b,decay_fusion,38,1.8007307692307692,1.8310194505941122
est_10b,decay_fusion,39,1.782646153846154,1.9457597318742437
est_10b,decay_fusion,40,1.796930769230769,1.716297955239895
est_10b,decay_fusion,41,1.8521923076923075,1.825544307101734
est_10b,decay_fusion,42,1.914153846153846,1.6665503352615223
est_10b,decay_fusion,43,1.7903,1.875910218755433
est_10b,decay_fusion,44,1.6108692307692312,1.7946797899868967
est_10b,decay_fusion,45,1.850523076923077,1.7795497235180333
est_10b,decay_fusion,46,1.6495769230769228,1.7703524900997196
est_10b,decay_fusion,47,1.791553846153846,1.9274518887117398
est_10b,decay_fusion,48,1.7416461538461538,1.832299604152601
est_10b,decay_fusion,49,1.7364769230769228,1.9150883398944436
est_10b,decay_fusion,50,1.6761076923076923,1.67954274138292
est_10b,decay_fusion,51,1.9167615384615384,1.8918545845698382
est_10b,decay_fusion,52,1.6852461538461538,1.9013744903626852
est_10b,decay_fusion,53,1.8305307692307693,1.672377668441568
est_10b,decay_fusion,54,1.8313230769230766,1.7735307878088935
est_10b,decay_fusion,55,1.8824615384615386,1.7646820370118201
est_10b,decay_fusion,56,1.7857384615384613,1.7451331802143124
est_10b,decay_fusion,57,1.702676923076923,1.6649637242736322
est_10b,decay_fusion,58,1.6271923076923078,1.973736224384066
est_10b,decay_fusion,59,1.7722615384615388,1.8397225121362153
est_10b,decay_fusion,60,1.922492307692307,1.6688969217664409
est_10b,decay_fusion,61,1.8331846153846152,1.8800555190315398
est_10b,decay_fusion,62,1.9015846153846154,1.7406736578969768
est_70b,baseline_only,0,1.3061538461538462,1.451282474264153
est_70b,baseline_only,1,1.3529692307692307,1.451282474264153
est_70b,baseline_only,2,1.4120307692307692,1.451282474264153
est_70b,baseline_only,3,1.4423230769230768,1.451282474264153
est_70b,baseline_only,4,1.5518307692307696,1.451282474264153
est_70b,baseline_only,5,1.2822384615384617,1.451282474264153
est_70b,baseline_only,6,1.5931923076923076,1.451282474264153
est_70b,baseline_only,7,1.3274461538461537,1.451282474264153
est_70b,baseline_only,8,1.2251307692307694,1.451282474264153
est_70b,baseline_only,9,1.455723076923077,1.451282474264153
est_70b,baseline_only,10,1.2944384615384616,1.451282474264153
est_70b,baseline_only,11,1.248923076923077,1.451282474264153
est_70b,baseline_only,12,1.4180692307692306,1.451282474264153
est_70b,baseline_only,13,1.583992307692308,1.451282474264153
est_70b,baseline_only,14,1.4487384615384615,1.451282474264153
est_70b,baseline_only,15,1.5975076923076925,1.451282474264153
est_70b,baseline_only,16,1.4732923076923077,1.451282474264153
est_70b,baseline_only,17,1.556346153846154,1.451282474264153
est_70b,baseline_only,18,1.5334846153846156,1.451282474264153
est_70b,baseline_only,19,1.4248692307692308,1.451282474264153
est_70b,baseline_only,20,1.3425153846153846,1.451282474264153
est_70b,baseline_only,21,1.495884615384615,1.451282474264153
est_70b,baseline_only,22,1.453323076923077,1.451282474264153
est_70b,baseline_only,23,1.2946076923076921,1.451282474264153
est_70b,baseline_only,24,1.406853846153846,1.451282474264153
est_70b,baseline_only,25,1.5043230769230769,1.451282474264153
est_70b,baseline_only,26,1.494876923076923,1.451282474264153
est_70b,baseline_only,27,1.3880461538461537,1.451282474264153
est_70b,baseline_only,28,1.2589000000000001,1.451282474264153
est_70b,baseline_only,29,1.376053846153846,1.451282474264153
est_70b,baseline_only,30,1.435346153846154,1.451282474264153
est_70b,baseline_only,31,1.190292307692308,1.451282474264153
est_70b,baseline_only,32,1.3266692307692307,1.451282474264153
est_70b,baseline_only,33,1.4226461538461537,1.451282474264153
est_70b,baseline_only,34,1.4142000000000001,1.451282474264153
est_70b,baseline_only,35,1.6167,1.451282474264153
est_70b,baseline_only,36,1.543053846153846,1.451282474264153
est_70b,baseline_only,37,1.456723076923077,1.451282474264153
est_70b,baseline_only,38,1.4358076923076923,1.451282474264153
est_70b,baseline_only,39,1.4061538461538463,1.451282474264153
est_70b,baseline_only,40,1.4296692307692307,1.451282474264153
est_70b,baseline_only,41,1.4742769230769233,1.451282474264153
est_70b,baseline_only,42,1.5365076923076926,1.451282474264153
est_70b,baseline_only,43,1.4217923076923076,1.451282474264153
est_70b,baseline_only,44,1.2298076923076922,1.451282474264153
est_70b,baseline_only,45,1.4916692307692307,1.451282474264153
est_70b,baseline_only,46,1.2510076923076925,1.451282474264153
est_70b,baseline_only,47,1.4048538461538462,1.451282474264153
est_70b,baseline_only,48,1.336684615384615,1.451282474264153
est_70b,baseline_only,49,1.3706769230769233,1.451282474264153
est_70b,baseline_only,50,1.2810384615384616,1.451282474264153
est_70b,baseline_only,51,1.534530769230769,1.451282474264153
est_70b,baseline_only,52,1.3008923076923078,1.451282474264153
est_70b,baseline_only,53,1.444653846153846,1.451282474264153
est_70b,baseline_only,54,1.447576923076923,1.451282474264153
est_70b,baseline_only,55,1.5292615384615382,1.451282474264153
est_70b,baseline_only,56,1.3659538461538463,1.451282474264153
est_70b,baseline_only,57,1.3264538461538462,1.451282474264153
est_70b,baseline_only,58,1.238769230769231,1.451282474264153
est_70b,baseline_only,59,1.3886,1.451282474264153
est_70b,baseline_only,60,1.5410000000000001,1.451282474264153
est_70b,baseline_only,61,1.4675307692307693,1.451282474264153
est_70b,baseline_only,62,1.5115076923076922,1.451282474264153
est_70b,frozen_1B,0,1.3061538461538462,1.3377321704369403
est_70b,frozen_1B,1,1.3529692307692307,1.2421348157735652
est_70b,frozen_1B,2,1.4120307692307692,1.565183019829883
est_70b,frozen_1B,3,1.4423230769230768,1.417744364950949
est_70b,frozen_1B,4,1.5518307692307696,1.409943130645594
est_70b,frozen_1B,5,1.2822384615384617,1.5437070417423617
est_70b,frozen_1B,6,1.5931923076923076,1.5335025050955549
est_70b,frozen_1B,7,1.3274461538461537,1.4590551636283875
est_70b,frozen_1B,8,1.2251307692307694,1.6811602057245585
est_70b,frozen_1B,9,1.455723076923077,1.4659343315809024
est_70b,frozen_1B,10,1.2944384615384616,1.3761966062072466
est_70b,frozen_1B,11,1.248923076923077,1.6874610353189867
est_70b,frozen_1B,12,1.4180692307692306,1.730462292439346
est_70b,frozen_1B,13,1.583992307692308,1.4306445695253
est_70b,frozen_1B,14,1.4487384615384615,1.3604447429949589
est_70b,frozen_1B,15,1.5975076923076925,1.474799062854949
est_70b,frozen_1B,16,1.4732923076923077,1.2568207711356458
est_70b,frozen_1B,17,1.556346153846154,1.4562774403023018
est_70b,frozen_1B,18,1.5334846153846156,1.5118734656123598
est_70b,frozen_1B,19,1.4248692307692308,1.4580785237500495
est_70b,frozen_1B,20,1.3425153846153846,1.524143378136914
est_70b,frozen_1B,21,1.495884615384615,1.5393963480081263
est_70b,frozen_1B,22,1.453323076923077,1.5591238645609724
est_70b,frozen_1B,23,1.2946076923076921,1.48972592457933
est_70b,frozen_1B,24,1.406853846153846,1.6395147414637121
est_70b,frozen_1B,25,1.5043230769230769,1.5543824549334946
est_70b,frozen_1B,26,1.494876923076923,1.4854044840471543
est_70b,frozen_1B,27,1.3880461538461537,1.2355780789439519
est_70b,frozen_1B,28,1.2589000000000001,1.4803259215816762
est_70b,frozen_1B,29,1.376053846153846,1.4537934548064229
est_70b,frozen_1B,30,1.435346153846154,1.4125050093506613
est_70b,frozen_1B,31,1.190292307692308,1.4647761551875398
est_70b,frozen_1B,32,1.3266692307692307,1.2424693871830321
est_70b,frozen_1B,33,1.4226461538461537,1.5512509017751592
est_70b,frozen_1B,34,1.4142000000000001,1.434706926976583
est_70b,frozen_1B,35,1.6167,1.5214216634679896
est_70b,frozen_1B,36,1.543053846153846,1.4872093863832965
est_70b,frozen_1B,37,1.456723076923077,1.4147224866210044
est_70b,frozen_1B,38,1.4358076923076923,1.4644127445512813
est_70b,frozen_1B,39,1.4061538461538463,1.6265828631213184
est_70b,frozen_1B,40,1.4296692307692307,1.3022691773875938
est_70b,frozen_1B,41,1.4742769230769233,1.4566743578274488
est_70b,frozen_1B,42,1.5365076923076926,1.2319575366938313
est_70b,frozen_1B,43,1.4217923076923076,1.5278598715253555
est_70b,frozen_1B,44,1.2298076923076922,1.4130514701695396
est_70b,frozen_1B,45,1.4916692307692307,1.3916671346436607
est_70b,frozen_1B,46,1.2510076923076925,1.3786680691252242
est_70b,frozen_1B,47,1.4048538461538462,1.6007071631204064
est_70b,frozen_1B,48,1.336684615384615,1.466222071250256
est_70b,frozen_1B,49,1.3706769230769233,1.58323293214173
est_70b,frozen_1B,50,1.2810384615384616,1.250320573786909
est_70b,frozen_1B,51,1.534530769230769,1.5503951108135812
est_70b,frozen_1B,52,1.3008923076923078,1.5638502307939166
est_70b,frozen_1B,53,1.444653846153846,1.2401936966736724
est_70b,frozen_1B,54,1.447576923076923,1.3831601699863785
est_70b,frozen_1B,55,1.5292615384615382,1.3706536382788728
est_70b,frozen_1B,56,1.3659538461538463,1.3430239306523022
est_70b,frozen_1B,57,1.3264538461538462,1.2297150732001043
est_70b,frozen_1B,58,1.238769230769231,1.6661239123228186
est_70b,frozen_1B,59,1.3886,1.4767133638844285
est_70b,frozen_1B,60,1.5410000000000001,1.2352741244474243
est_70b,frozen_1B,61,1.4675307692307693,1.5337187018313687
est_70b,frozen_1B,62,1.5115076923076922,1.3367209893059895
est_70b,extrap_trend,0,1.3061538461538462,1.223316144473546
est_70b,extrap_trend,1,1.3529692307692307,1.1141445918336226
est_70b,extrap_trend,2,1.4120307692307692,1.5625910810890566
est_70b,extrap_trend,3,1.4423230769230768,1.3597212290148468
est_70b,extrap_trend,4,1.5518307692307696,1.4397865795165308
est_70b,extrap_trend,5,1.2822384615384617,1.5643000368814544
est_70b,extrap_trend,6,1.5931923076923076,1.5674136840493513
est_70b,extrap_trend,7,1.3274461538461537,1.3704646423728166
est_70b,extrap_trend,8,1.2251307692307694,1.7481858884139105
est_70b,extrap_trend,9,1.455723076923077,1.4557678078221155
est_70b,extrap_trend,10,1.2944384615384616,1.3336260472147
est_70b,extrap_trend,11,1.248923076923077,1.718666460169946
est_70b,extrap_trend,12,1.4180692307692306,1.734620550441376
est_70b,extrap_trend,13,1.583992307692308,1.483420806088802
est_70b,extrap_trend,14,1.4487384615384615,1.3368734243878362
est_70b,extrap_trend,15,1.5975076923076925,1.6039441066873095
est_70b,extrap_trend,16,1.4732923076923077,1.2488782219317245
est_70b,extrap_trend,17,1.556346153846154,1.5598965569655665
est_70b,extrap_trend,18,1.5334846153846156,1.5784475764020807
est_70b,extrap_trend,19,1.4248692307692308,1.4255230297971546
est_70b,extrap_trend,20,1.3425153846153846,1.5763903341766328
est_70b,extrap_trend,21,1.495884615384615,1.5425862284325516
est_70b,extrap_trend,22,1.453323076923077,1.6631480777376013
est_70b,extrap_trend,23,1.2946076923076921,1.392208861644382
est_70b,extrap_trend,24,1.406853846153846,1.7889939458396127
est_70b,extrap_trend,25,1.5043230769230769,1.6335515769607818
est_70b,extrap_trend,26,1.494876923076923,1.5059377585803568
est_70b,extrap_trend,27,1.3880461538461537,1.201405329890859
est_70b,extrap_trend,28,1.2589000000000001,1.4100849550912087
est_70b,extrap_trend,29,1.376053846153846,1.4519733815504758
est_70b,extrap_trend,30,1.435346153846154,1.3598343352348783
est_70b,extrap_trend,31,1.190292307692308,1.4111594727193864
est_70b,extrap_trend,32,1.3266692307692307,1.1008860308310344
est_70b,extrap_trend,33,1.4226461538461537,1.5872526484752543
est_70b,extrap_trend,34,1.4142000000000001,1.6371703512938491
est_70b,extrap_trend,35,1.6167,1.6955273574588219
est_70b,extrap_trend,36,1.543053846153846,1.5160416112185031
est_70b,extrap_trend,37,1.456723076923077,1.3330328204431596
est_70b,extrap_trend,38,1.4358076923076923,1.4874694882736486
est_70b,extrap_trend,39,1.4061538461538463,1.6822367157592975
est_70b,extrap_trend,40,1.4296692307692307,1.297803932272164
est_70b,extrap_trend,41,1.4742769230769233,1.4267852530022407
est_70b,extrap_trend,42,1.5365076923076926,1.1470601160713072
est_70b,extrap_trend,43,1.4217923076923076,1.6040041239082352
est_70b,extrap_trend,44,1.2298076923076922,1.3856460838286841
est_70b,extrap_trend,45,1.4916692307692307,1.4476268829327619
est_70b,extrap_trend,46,1.2510076923076925,1.4283140156250838
est_70b,extrap_trend,47,1.4048538461538462,1.6517570313003676
est_70b,extrap_trend,48,1.336684615384615,1.407202747755061
est_70b,extrap_trend,49,1.3706769230769233,1.607720538122168
est_70b,extrap_trend,50,1.2810384615384616,1.1918372653425038
est_70b,extrap_trend,51,1.534530769230769,1.6279615980054132
est_70b,extrap_trend,52,1.3008923076923078,1.5810861873799464
est_70b,extrap_trend,53,1.444653846153846,1.2011627938770946
est_70b,extrap_trend,54,1.447576923076923,1.2811223840969472
est_70b,extrap_trend,55,1.5292615384615382,1.395955155252294
est_70b,extrap_trend,56,1.3659538461538463,1.243327147088756
est_70b,extrap_trend,57,1.3264538461538462,1.0930869490568047
est_70b,extrap_trend,58,1.238769230769231,1.7531459801171645
est_70b,extrap_trend,59,1.3886,1.4887052344397655
est_70b,extrap_trend,60,1.5410000000000001,1.195624039255732
est_70b,extrap_trend,61,1.4675307692307693,1.598730770478816
est_70b,extrap_trend,62,1.5115076923076922,1.3016476324709352
est_70b,decay_fusion,0,1.3061538461538462,1.3913098248995703
est_70b,decay_fusion,1,1.3529692307692307,1.3408191926584412
est_70b,decay_fusion,2,1.4120307692307692,1.5114401070613552
est_70b,decay_fusion,3,1.4423230769230768,1.433569009813609
est_70b,decay_fusion,4,1.5518307692307696,1.429448715337621
est_70b,decay_fusion,5,1.2822384615384617,1.500097369435886
est_70b,decay_fusion,6,1.5931923076923076,1.494707748469497
est_70b,decay_fusion,7,1.3274461538461537,1.4553876924639242
est_70b,decay_fusion,8,1.2251307692307694,1.572694536768002
est_70b,decay_fusion,9,1.455723076923077,1.4590209890173536
est_70b,decay_fusion,10,1.2944384615384616,1.411625174499773
est_70b,decay_fusion,11,1.248923076923077,1.5760223785371237
est_70b,decay_fusion,12,1.4180692307692306,1.5987338925409948
est_70b,decay_fusion,13,1.583992307692308,1.440382372874673
est_70b,decay_fusion,14,1.4487384615384615,1.4033056813991038
est_70b,decay_fusion,15,1.5975076923076925,1.463702979311441
est_70b,decay_fusion,16,1.4732923076923077,1.3485757166115095
est_70b,decay_fusion,17,1.556346153846154,1.4539206120471193
est_70b,decay_fusion,18,1.5334846153846156,1.4832841700439192
est_70b,decay_fusion,19,1.4248692307692308,1.4548718710261572
est_70b,decay_fusion,20,1.3425153846153846,1.4897646384950554
est_70b,decay_fusion,21,1.495884615384615,1.4978206364362565
est_70b,decay_fusion,22,1.453323076923077,1.508239907835637
est_70b,decay_fusion,23,1.2946076923076921,1.4715867402009946
est_70b,decay_fusion,24,1.406853846153846,1.5506990973762984
est_70b,decay_fusion,25,1.5043230769230769,1.5057356882298902
est_70b,decay_fusion,26,1.494876923076923,1.4693043311800513
est_70b,decay_fusion,27,1.3880461538461537,1.3373561911022618
est_70b,decay_fusion,28,1.2589000000000001,1.4666220411662638
est_70b,decay_fusion,29,1.376053846153846,1.452608671998084
est_70b,decay_fusion,30,1.435346153846154,1.4308017954097567
est_70b,decay_fusion,31,1.190292307692308,1.4584092873802785
est_70b,decay_fusion,32,1.3266692307692307,1.340995899660986
est_70b,decay_fusion,33,1.4226461538461537,1.5040817292953799
est_70b,decay_fusion,34,1.4142000000000001,1.4425279447561024
est_70b,decay_fusion,35,1.6167,1.4883271395715982
est_70b,decay_fusion,36,1.543053846153846,1.4702576071405233
est_70b,decay_fusion,37,1.456723076923077,1.4319729766600562
est_70b,decay_fusion,38,1.4358076923076923,1.4582173486718024
est_70b,decay_fusion,39,1.4061538461538463,1.5438690055199704
est_70b,decay_fusion,40,1.4296692307692307,1.372579715195915
est_70b,decay_fusion,41,1.4742769230769233,1.4541302477306886
est_70b,decay_fusion,42,1.5365076923076926,1.3354439680296888
est_70b,decay_fusion,43,1.4217923076923076,1.4917275390540004
est_70b,decay_fusion,44,1.2298076923076922,1.431090413775164
est_70b,decay_fusion,45,1.4916692307692307,1.419796078021209
est_70b,decay_fusion,46,1.2510076923076925,1.4129305006327881
est_70b,decay_fusion,47,1.4048538461538462,1.5302025138337902
est_70b,decay_fusion,48,1.336684615384615,1.4591729614006654
est_70b,decay_fusion,49,1.3706769230769233,1.5209733361735123
est_70b,decay_fusion,50,1.2810384615384616,1.345142576908162
est_70b,decay_fusion,51,1.534530769230769,1.5036297353372992
est_70b,decay_fusion,52,1.3008923076923078,1.5107361821326062
est_70b,decay_fusion,53,1.444653846153846,1.3397939725469223
est_70b,decay_fusion,54,1.447576923076923,1.415303045494194
est_70b,decay_fusion,55,1.5292615384615382,1.408697604420231
est_70b,decay_fusion,56,1.3659538461538463,1.3941047172884118
est_70b,decay_fusion,57,1.3264538461538462,1.3342595900730534
est_70b,decay_fusion,58,1.238769230769231,1.5647529785199703
est_70b,decay_fusion,59,1.3886,1.4647140352095736
est_70b,decay_fusion,60,1.5410000000000001,1.3371956547071262
est_70b,decay_fusion,61,1.4675307692307693,1.4948219347868714
est_70b,decay_fusion,62,1.5115076923076922,1.3907757601778867
